filename,class,class_id,name_vi,name_en,width,height,md5,size_bytes
7 giải pháp cứu Hồ Gươm và bảo vệ cụ rùa - Báo VnExpress.jpg,ho_guom,0,Hồ Gươm,Hoan Kiem Lake,224,224,4ef9e53685edcaf65dd5f070bc63d85c,30799
7.000+ ảnh đẹp nhất về Tháp Rùa · Tải xuống miễn phí 100_ · Ảnh có sẵn của  Pexels.jpg,ho_guom,0,Hồ Gươm,Hoan Kiem Lake,224,224,041743f0050432bd841b9252f8d77e6e,34580
"Ai có công xây dựng Tháp Rùa, cầu Thê Húc ở Hà Nội_ _ Znews.vn.jpg",ho_guom,0,Hồ Gươm,Hoan Kiem Lake,224,224,2300897818545adb78d002678224f6c6,16325
Chuyện về Bá hộ Kim xây Tháp Rùa - Hà Nội.jpg,ho_guom,0,Hồ Gươm,Hoan Kiem Lake,224,224,a4a89efc48efa97a2a387f7eed39a676,28017
Chuyện xưa Hồ Gươm.jpg,ho_guom,0,Hồ Gươm,Hoan Kiem Lake,224,224,eb330bde8e88c0daa2ee4e16cfa8161b,23159
Chuyện ít người biết về Tháp Rùa Hồ Gươm.jpg,ho_guom,0,Hồ Gươm,Hoan Kiem Lake,224,224,effe151e4c81dbc21c47566fd2fcde4a,35274
Chương trình 3D Mapping thắp sáng hồ Hoàn Kiếm - Báo VnExpress Kinh doanh.jpg,ho_guom,0,Hồ Gươm,Hoan Kiem Lake,224,224,90dea97585a588b485b1eb594bdc152d,17973
Cách tạo dáng chụp ảnh ở hồ Gươm đẹp cho bạn lưu giữ kỉ niệm.jpg,ho_guom,0,Hồ Gươm,Hoan Kiem Lake,224,224,ee7c9dd647f70d09b0a6fc2038640daa,30516
Cây mõ Hồ Gươm thay màu lá vàng đẹp thơ mộng.jpg,ho_guom,0,Hồ Gươm,Hoan Kiem Lake,224,224,1d260db2e213606bad7412e11d5de5e7,21537
Công nhận khu vực hồ Hoàn Kiếm và phố cổ là khu du lịch cấp Thành phố _ Tin  nhanh chứng khoán.jpg,ho_guom,0,Hồ Gươm,Hoan Kiem Lake,224,224,b8e24cfa7e659d9a722b81a9ab2cd757,33606
Cảnh quan ven hồ Gươm xưa và nay _ 36hn.jpg,ho_guom,0,Hồ Gươm,Hoan Kiem Lake,224,224,c62cfe7ea826f751b6dd8a17781ae686,26337
Cụm di tích quốc gia đặc biệt Hồ Hoàn Kiếm và đền Ngọc Sơn – Di tích đền Bà  Kiệu _ Ban quản lý di tích danh thắng Hà Nội.jpg,ho_guom,0,Hồ Gươm,Hoan Kiem Lake,224,224,7b8cd62f312d5fbf8c3f5c05c67d7f15,21618
"Di dời 11 trụ sở cơ quan và nhiều hộ dân quanh Hồ Gươm - 12.03.2025,  Sputnik Việt Nam.jpg",ho_guom,0,Hồ Gươm,Hoan Kiem Lake,224,224,b2063cad366edd896672ad2c29c261d8,32533
Du lịch Hà Nội_ Hồ Gươm rực sáng mừng kỷ niệm 60 năm giải phóng Thủ đô (1).jpg,ho_guom,0,Hồ Gươm,Hoan Kiem Lake,224,224,5be3cb66405ab12738008b13f33450f6,27152
Du lịch Hà Nội_ Hồ Gươm rực sáng mừng kỷ niệm 60 năm giải phóng Thủ đô.jpg,ho_guom,0,Hồ Gươm,Hoan Kiem Lake,224,224,db3fea6fce7b487ef450c32233a63818,25993
Dạo quanh Hồ Hoàn Kiếm chiêm ngưỡng nét đẹp cổ điển của thủ đô.jpg,ho_guom,0,Hồ Gươm,Hoan Kiem Lake,224,224,b5a52d412ed1c8da1ab939714e4f9198,23352
Giới thiệu đền Ngọc Sơn và khu vực Hồ Hoàn Kiếm – Linhna.jpg,ho_guom,0,Hồ Gươm,Hoan Kiem Lake,224,224,6f46565866bdc0ac6da116bf767afb53,31061
"Hanoi turtle tower _ 4,9 nghìn ảnh, hình ảnh có sẵn và ảnh miễn phí bản  quyền _ Shutterstock.jpg",ho_guom,0,Hồ Gươm,Hoan Kiem Lake,224,224,c4881766254a92dfed581a8f46790ddb,26726
Hà Hồng _ Hồ Hoàn Kiếm _ Kỷ niệm riêng của mỗi người (1).jpg,ho_guom,0,Hồ Gươm,Hoan Kiem Lake,224,224,d60a80666c47ebb3b4b779ba7dda1ba4,25409
Hà Hồng _ Hồ Hoàn Kiếm _ Kỷ niệm riêng của mỗi người (2).jpg,ho_guom,0,Hồ Gươm,Hoan Kiem Lake,224,224,691e7ade6968c46d0f51ce91e337f943,18670
Hà Hồng _ Hồ Hoàn Kiếm _ Kỷ niệm riêng của mỗi người.jpg,ho_guom,0,Hồ Gươm,Hoan Kiem Lake,224,224,491f75eecbc08e71c28d4c5722b4a036,25572
"Hà Nội dự kiến cải tạo Tháp Rùa, Nhà hát Lớn _ baotintuc.vn.jpg",ho_guom,0,Hồ Gươm,Hoan Kiem Lake,224,224,0c37c4ba787b547c747f64540ee4891a,27435
Hà Nội_ lãng mạn hồ Hoàn Kiếm và tháp Rùa – Du Lịch Bụi Ăn Chay (1).jpg,ho_guom,0,Hồ Gươm,Hoan Kiem Lake,224,224,d6248b3348e5c044fd9afcbaa19dc165,34682
Hà Nội_ lãng mạn hồ Hoàn Kiếm và tháp Rùa – Du Lịch Bụi Ăn Chay (10).jpg,ho_guom,0,Hồ Gươm,Hoan Kiem Lake,224,224,f463f225e40d524bdba9239968a0d1bb,37835
Hà Nội_ lãng mạn hồ Hoàn Kiếm và tháp Rùa – Du Lịch Bụi Ăn Chay (2).jpg,ho_guom,0,Hồ Gươm,Hoan Kiem Lake,224,224,0c4787c4bf53cc392ee8339373329404,34544
Hà Nội_ lãng mạn hồ Hoàn Kiếm và tháp Rùa – Du Lịch Bụi Ăn Chay (3).jpg,ho_guom,0,Hồ Gươm,Hoan Kiem Lake,224,224,67b10d43bbb769fa5f5daaa91a569e57,21781
Hà Nội_ lãng mạn hồ Hoàn Kiếm và tháp Rùa – Du Lịch Bụi Ăn Chay (4).jpg,ho_guom,0,Hồ Gươm,Hoan Kiem Lake,224,224,66b726796b542f3440ccf9ea2d8cc32a,37749
Hà Nội_ lãng mạn hồ Hoàn Kiếm và tháp Rùa – Du Lịch Bụi Ăn Chay (5).jpg,ho_guom,0,Hồ Gươm,Hoan Kiem Lake,224,224,25c9bee21713bd93334d41201e68dad0,22318
Hà Nội_ lãng mạn hồ Hoàn Kiếm và tháp Rùa – Du Lịch Bụi Ăn Chay (6).jpg,ho_guom,0,Hồ Gươm,Hoan Kiem Lake,224,224,e4f23e10284adf8de232485dd39d26bf,22427
Hà Nội_ lãng mạn hồ Hoàn Kiếm và tháp Rùa – Du Lịch Bụi Ăn Chay (7).jpg,ho_guom,0,Hồ Gươm,Hoan Kiem Lake,224,224,e20623e2c80d88de6aebbd4ecf970c51,33030
Hà Nội_ lãng mạn hồ Hoàn Kiếm và tháp Rùa – Du Lịch Bụi Ăn Chay (9).jpg,ho_guom,0,Hồ Gươm,Hoan Kiem Lake,224,224,d0953f815e8a50e341ed36b785a4cbbd,36071
Hà Nội_ lãng mạn hồ Hoàn Kiếm và tháp Rùa – Du Lịch Bụi Ăn Chay.jpg,ho_guom,0,Hồ Gươm,Hoan Kiem Lake,224,224,bb81f1fde10e48fa3dadbdbb60391918,37367
"Hình ảnh _Cụ Rùa ngậm gươm_ xuất hiện ở Hồ Hoàn Kiếm, gây xôn xao thật hư  ra sao_ _ Thế giới kỳ thú _ Đời sống - VGT.jpg",ho_guom,0,Hồ Gươm,Hoan Kiem Lake,224,224,4e5baf8d8104f16f59840655554b2f8c,22617
Hình ảnh lạ về Quy Sơn tháp giữa Hồ Gươm _ Báo Dân trí.jpg,ho_guom,0,Hồ Gươm,Hoan Kiem Lake,224,224,ebff2100b84ebac1b6f12ade43ce8fa1,25596
"Hơn 650 Tháp Rùa ảnh, hình chụp & hình ảnh trả phí bản quyền một lần sẵn có  - iStock (1).jpg",ho_guom,0,Hồ Gươm,Hoan Kiem Lake,224,224,62deff76a7aa273779f86ddbe14313ef,27835
"Hơn 650 Tháp Rùa ảnh, hình chụp & hình ảnh trả phí bản quyền một lần sẵn có  - iStock (2).jpg",ho_guom,0,Hồ Gươm,Hoan Kiem Lake,224,224,8031db98337c49fa63145a74ef8ef445,25062
"Hơn 650 Tháp Rùa ảnh, hình chụp & hình ảnh trả phí bản quyền một lần sẵn có  - iStock.jpg",ho_guom,0,Hồ Gươm,Hoan Kiem Lake,224,224,a57df49f58bb4993d380ed5ede10664c,29289
Hồ Gươm bất ngờ có… 2 tháp Rùa.jpg,ho_guom,0,Hồ Gươm,Hoan Kiem Lake,224,224,6bf285221a6ae1d07850f67c380cd01d,19405
Hồ Gươm gắn liền cuộc sống người dân Hà Nội.jpg,ho_guom,0,Hồ Gươm,Hoan Kiem Lake,224,224,7795754a32bba0e3c8da87df26b3ff7c,23503
Hồ Gươm không còn cụ rùa có nên thả rùa thay thế_.jpg,ho_guom,0,Hồ Gươm,Hoan Kiem Lake,224,224,2b2073e810aea11009521d8b8fceee16,22435
Hồ Gươm đẹp huyền ảo trong đêm chiếu sáng nghệ thuật (1).jpg,ho_guom,0,Hồ Gươm,Hoan Kiem Lake,224,224,cc115292e1e588df954275156bca8662,28538
"Hồ Gươm, trái tim của Hà Nội.jpg",ho_guom,0,Hồ Gươm,Hoan Kiem Lake,224,224,07759cd241e298e9b0c3b4fb6a92a85f,40777
Hồ Hoàn Kiếm (Hồ Gươm) - Kinh nghiệm du lịch chi tiết nhất.jpg,ho_guom,0,Hồ Gươm,Hoan Kiem Lake,224,224,c8e089c72b4379e92e1ea8c755efc01b,38581
"Hồ Hoàn Kiếm (Hồ Gươm), Hà Nội _ Justfly.vn.jpg",ho_guom,0,Hồ Gươm,Hoan Kiem Lake,224,224,60b5c1a73cae30b6832988a84e211387,31204
"Hồ Hoàn Kiếm - chỉ dẫn du lịch Hồ Hoàn Kiếm ,Q. Hoàn Kiếm, Thủ đô Hà Nội -  TRIPMAP (1).jpg",ho_guom,0,Hồ Gươm,Hoan Kiem Lake,224,224,7b3f1fe1480eae0b9fc23b712fd1217b,25151
"Hồ Hoàn Kiếm - chỉ dẫn du lịch Hồ Hoàn Kiếm ,Q. Hoàn Kiếm, Thủ đô Hà Nội -  TRIPMAP.jpg",ho_guom,0,Hồ Gươm,Hoan Kiem Lake,224,224,e8e1b44597bd8778b53c59f8906387f9,38210
Hồ Hoàn Kiếm - Điểm đến - Cục Du lịch Quốc gia Việt Nam.jpg,ho_guom,0,Hồ Gươm,Hoan Kiem Lake,224,224,988fec30b3a9b51b2788f48aa1306e1f,39136
Hồ Hoàn Kiếm bừng sáng trong bữa tiệc nghệ thuật 3D Mapping.jpg,ho_guom,0,Hồ Gươm,Hoan Kiem Lake,224,224,bd2a74ca93890c8af0f047d4b3b4d30d,15253
Hồ Hoàn Kiếm thơ mộng giữa thu Hà Nội.jpg,ho_guom,0,Hồ Gươm,Hoan Kiem Lake,224,224,67d0c4a8bce3bc22202e1df6bd4376de,31767
Hồ Hoàn Kiếm – thắng cảnh huyền thoại giữa lòng Thủ Đô.jpg,ho_guom,0,Hồ Gươm,Hoan Kiem Lake,224,224,297f9abfac40400433bcc4b441d25ed1,35438
Hồ Hoàn Kiếm_ Biểu Tượng Vĩnh Cửu Của Thủ Đô Ngàn Năm Văn Hiến.jpg,ho_guom,0,Hồ Gươm,Hoan Kiem Lake,224,224,7bdd852ad6d3c2dfeb982b6fb6594670,31029
Hồ Hoàn Kiếm_ Cẩm Nang Toàn Tập Cho Chuyến Đi Hoàn Hảo (1).jpg,ho_guom,0,Hồ Gươm,Hoan Kiem Lake,224,224,7da3db14f3810938bc09f5e5036f5fba,35068
Hồ Hoàn Kiếm_ Cẩm Nang Toàn Tập Cho Chuyến Đi Hoàn Hảo.jpg,ho_guom,0,Hồ Gươm,Hoan Kiem Lake,224,224,2b6e80cfc9e8c3539362fd86851eccb8,32241
Khám Phá Tháp Rùa Từ Trên Cao Tại Hà Nội _ TikTok.jpg,ho_guom,0,Hồ Gươm,Hoan Kiem Lake,224,224,6b1806ab4b1354c5541d914e3fa1291c,23379
"Khám phá Hồ Gươm_ Biểu tượng lịch sử, văn hóa thủ đô.jpg",ho_guom,0,Hồ Gươm,Hoan Kiem Lake,224,224,e687ea98c15d6157c590876cac9efdb1,21015
Khám phá Hồ Hoàn Kiếm_ Biểu tượng của thủ đô nghìn năm văn hiến (1).jpg,ho_guom,0,Hồ Gươm,Hoan Kiem Lake,224,224,7f6196cb5c84f0ecc74f2b58e0ae6347,34249
Khám phá Hồ Hoàn Kiếm_ Biểu tượng của thủ đô nghìn năm văn hiến (2).jpg,ho_guom,0,Hồ Gươm,Hoan Kiem Lake,224,224,4172b15809f5706e6a6455621d2cd32e,41157
Khám phá Tháp Rùa - Nơi hồn thiêng giữa lòng thủ đô Hà Nội (1).jpg,ho_guom,0,Hồ Gươm,Hoan Kiem Lake,224,224,0bb565a4abef759e1ef1358d70aa6bce,34925
Khám phá Tháp Rùa - Nơi hồn thiêng giữa lòng thủ đô Hà Nội.jpg,ho_guom,0,Hồ Gươm,Hoan Kiem Lake,224,224,b37bbecfb0940bead1a4e97249c294b3,37746
Khám phá tháp rùa Hà Nội - Ý nghĩa lịch sử của tháp rùa Hồ Gươm – Golden  Gift Việt Nam.jpg,ho_guom,0,Hồ Gươm,Hoan Kiem Lake,224,224,f370afbc4b07220a9d554ab464c2d454,27313
Kiến trúc tháp Rùa.jpg,ho_guom,0,Hồ Gươm,Hoan Kiem Lake,224,224,f3ce952358776c6e7c2e416e981b40ba,23652
Kết hợp cứu chữa Rùa Hồ Gươm và xử lý ô nhiễm nước hồ.jpg,ho_guom,0,Hồ Gươm,Hoan Kiem Lake,224,224,e9211dd16f74039fa44529933ef73fa8,22848
Mãn nhãn màn trình diễn 3D mapping tại Tháp Rùa.jpg,ho_guom,0,Hồ Gươm,Hoan Kiem Lake,224,224,2cdc8295826dd92df5088ed3c0acc140,16159
Người treo cờ Tổ quốc trên Tháp Rùa năm ấy.jpg,ho_guom,0,Hồ Gươm,Hoan Kiem Lake,224,224,a15caaf00709ce3cd05a2a2f91767984,18673
Những bí ẩn của lịch sử Việt Nam_ Những bí ẩn về Tháp Rùa - Hồ Hoàn Kiếm (3).jpg,ho_guom,0,Hồ Gươm,Hoan Kiem Lake,224,224,abd9fd837efe2011a5d249aedbc7bb25,30988
Những hình ảnh tuyệt đẹp nhất về Tháp Rùa (1).jpg,ho_guom,0,Hồ Gươm,Hoan Kiem Lake,224,224,ab6bc8233db35d02952b7e0c7625b9f1,31720
Những hình ảnh tuyệt đẹp nhất về Tháp Rùa (2).jpg,ho_guom,0,Hồ Gươm,Hoan Kiem Lake,224,224,08adc04c5070d43016b883f48831d8fd,29695
Những hình ảnh tuyệt đẹp nhất về Tháp Rùa.jpg,ho_guom,0,Hồ Gươm,Hoan Kiem Lake,224,224,e0bcf044b228e87a2048b730c8b309dd,29460
Những điểm vui chơi nên đến dịp nghỉ lễ 30_4 và 1_5 năm nay tại Hà Nội -  Phần 1.jpg,ho_guom,0,Hồ Gươm,Hoan Kiem Lake,224,224,a532868f8ed2c7c3ee3befc92b691adb,39328
Những địa danh nổi tiếng ở Hà Nội còn mãi với thời gian (1).jpg,ho_guom,0,Hồ Gươm,Hoan Kiem Lake,224,224,e3643d0ccfc0ab5b7a1fcb87cd40ae8c,27913
Những địa danh nổi tiếng ở Hà Nội còn mãi với thời gian.jpg,ho_guom,0,Hồ Gươm,Hoan Kiem Lake,224,224,6057857f8b5c7e771e9e00d7fa062af9,39425
Phiên bản Tháp Rùa Hồ Gươm ở Vinh gây xôn xao cộng đồng mạng (1).jpg,ho_guom,0,Hồ Gươm,Hoan Kiem Lake,224,224,e91283d545be367744a5849eb5efb4be,32323
Phiên bản Tháp Rùa hồ Gươm lạ ở miền Nam bị bỏ hoang.jpg,ho_guom,0,Hồ Gươm,Hoan Kiem Lake,224,224,ad892f525abbd99010e2a95358201d29,33447
Quang cảnh tháp Rùa tại hồẢnh có sẵn2647315465 _ Shutterstock.jpg,ho_guom,0,Hồ Gươm,Hoan Kiem Lake,224,224,4a4b1396d59bba6e121c303a9f32e122,35498
"Quy hoạch Hà Nội 100 năm_ Cải tạo Tháp Rùa, tổ chức các quảng trường quanh hồ  Hoàn Kiếm.jpg",ho_guom,0,Hồ Gươm,Hoan Kiem Lake,224,224,283f7e5fa9c0c5f34ff832122f514d04,32073
"Ra Hà Nội thăm Tháp Rùa, hồ Hoàn Kiếm - Huế của ta - YouTube.jpg",ho_guom,0,Hồ Gươm,Hoan Kiem Lake,224,224,0c8bb86f2e804bb63160f72a5becf063,20995
TRANH THÊU TAY THÁP RÙA - HOA PHƯỢNG - HỒ HOÀN KIẾM.jpg,ho_guom,0,Hồ Gươm,Hoan Kiem Lake,224,224,da99e5750001dd69e5c511b33b7970df,50358
Tháp Rùa - góc nhìn bình yên của Hà Nội - Tuổi Trẻ Online.jpg,ho_guom,0,Hồ Gươm,Hoan Kiem Lake,224,224,38beae6d9080268684bdeb9ffbe7b824,25058
Tháp Rùa Cổ ở Hồ Hoàn Kiếm Hà Nội · Ảnh có sẵn miễn phí (1).jpg,ho_guom,0,Hồ Gươm,Hoan Kiem Lake,224,224,0bb8b9b63b3fecacc14d8acee7622778,18206
Tháp Rùa Cổ ở Hồ Hoàn Kiếm Hà Nội · Ảnh có sẵn miễn phí (2).jpg,ho_guom,0,Hồ Gươm,Hoan Kiem Lake,224,224,cc669a089a32a02495aadf74832e3eaf,27609
Tháp Rùa Cổ ở Hồ Hoàn Kiếm Hà Nội · Ảnh có sẵn miễn phí (3).jpg,ho_guom,0,Hồ Gươm,Hoan Kiem Lake,224,224,7b36eb505f54dc048eee17e2bbb56c5e,45280
Tháp Rùa Cổ ở Hồ Hoàn Kiếm Hà Nội · Ảnh có sẵn miễn phí (4).jpg,ho_guom,0,Hồ Gươm,Hoan Kiem Lake,224,224,ef54944f3f8bbd74d9ec25f381d61c90,25095
Tháp Rùa Cổ ở Hồ Hoàn Kiếm Hà Nội · Ảnh có sẵn miễn phí (5).jpg,ho_guom,0,Hồ Gươm,Hoan Kiem Lake,224,224,cfdb3047f92980b31581ced87f887ef1,24015
Tháp Rùa Cổ ở Hồ Hoàn Kiếm Hà Nội · Ảnh có sẵn miễn phí (6).jpg,ho_guom,0,Hồ Gươm,Hoan Kiem Lake,224,224,117ede271dae7fb9d3d27ef646afd3f0,36839
Tháp Rùa Cổ ở Hồ Hoàn Kiếm Hà Nội · Ảnh có sẵn miễn phí (7).jpg,ho_guom,0,Hồ Gươm,Hoan Kiem Lake,224,224,e9fe42485ca40d762a5f75e003370c2f,28268
Tháp Rùa Cổ ở Hồ Hoàn Kiếm Hà Nội · Ảnh có sẵn miễn phí (9).jpg,ho_guom,0,Hồ Gươm,Hoan Kiem Lake,224,224,34b78b7b1581ac0fb0460d3f96fc971d,22445
Tháp Rùa Cổ ở Hồ Hoàn Kiếm Hà Nội · Ảnh có sẵn miễn phí.jpg,ho_guom,0,Hồ Gươm,Hoan Kiem Lake,224,224,5d1f4dcbffe7b5e6cde1c14582be36f2,36166
Tháp Rùa Hà Nội - địa danh lịch sử nổi tiếng thủ đô (1).jpg,ho_guom,0,Hồ Gươm,Hoan Kiem Lake,224,224,42987059120f9e01eb2ef0d67978921b,29086
Tháp Rùa Hà Nội - địa danh lịch sử nổi tiếng thủ đô (2).jpg,ho_guom,0,Hồ Gươm,Hoan Kiem Lake,224,224,50c49bd43bbede3c6a8a591ad986f3f9,29796
Tháp Rùa Hà Nội - địa danh lịch sử nổi tiếng thủ đô (4).jpg,ho_guom,0,Hồ Gươm,Hoan Kiem Lake,224,224,47882fca719d49333612e7de126bce27,15756
Tháp Rùa Hà Nội - địa danh lịch sử nổi tiếng thủ đô (5).jpg,ho_guom,0,Hồ Gươm,Hoan Kiem Lake,224,224,f5958ea1cde19c6b2a1318489fdd02cc,15478
Tháp Rùa Hà Nội - địa danh lịch sử nổi tiếng thủ đô.jpg,ho_guom,0,Hồ Gươm,Hoan Kiem Lake,224,224,23edb5b1c43a0a5c6b8fe9f42d556f9e,40937
Tháp Rùa Hồ Gươm - Biểu tượng vượt thời gian của Hà Nội _ Green SM.jpg,ho_guom,0,Hồ Gươm,Hoan Kiem Lake,224,224,4ed1e09f190a7107393d85dfa7d6d9bf,26411
Tháp Rùa Hồ Gươm - Hà Nội.jpg,ho_guom,0,Hồ Gươm,Hoan Kiem Lake,224,224,6bccb3f2729587f7f56d48352237b751,33628
"Tháp Rùa Hồ Gươm - Địa danh văn hoá, lịch sử lâu đời Hà Nội.jpg",ho_guom,0,Hồ Gươm,Hoan Kiem Lake,224,224,908bc694dc10b588bdf7513229051410,35842
Tháp Rùa Hồ Gươm _ Tìm hiểu về biểu tượng của thủ đô Hà Nội (1).jpg,ho_guom,0,Hồ Gươm,Hoan Kiem Lake,224,224,55b91b6f30c6f70a28a861b4027017df,39348
Tháp Rùa Hồ Gươm _ Tìm hiểu về biểu tượng của thủ đô Hà Nội (2).jpg,ho_guom,0,Hồ Gươm,Hoan Kiem Lake,224,224,722de7c53cf96639f9d94bd1074f6000,36316
Tháp Rùa Hồ Gươm _ Tìm hiểu về biểu tượng của thủ đô Hà Nội (3).jpg,ho_guom,0,Hồ Gươm,Hoan Kiem Lake,224,224,5ca44e480741c98a39318d1a4b4cbd20,32385
Tháp Rùa Hồ Gươm _ Tìm hiểu về biểu tượng của thủ đô Hà Nội (4).jpg,ho_guom,0,Hồ Gươm,Hoan Kiem Lake,224,224,0dd169dc6a653fb3bb4246c4d3539b10,33768
Tháp Rùa Hồ Gươm _ Tìm hiểu về biểu tượng của thủ đô Hà Nội.jpg,ho_guom,0,Hồ Gươm,Hoan Kiem Lake,224,224,cd37a733e30ece6a230464190a20630d,32361
"Tháp Rùa Hồ Gươm – Dấu ấn văn hóa, lịch sử của Thủ đô (1).jpg",ho_guom,0,Hồ Gươm,Hoan Kiem Lake,224,224,11da2b1f771564490871e9b43a4d3b04,28862
"Tháp Rùa Hồ Gươm – Dấu ấn văn hóa, lịch sử của Thủ đô (2).jpg",ho_guom,0,Hồ Gươm,Hoan Kiem Lake,224,224,58b632d540fde4df082783cb1cf782d9,32887
"Tháp Rùa Hồ Gươm – Dấu ấn văn hóa, lịch sử của Thủ đô (3).jpg",ho_guom,0,Hồ Gươm,Hoan Kiem Lake,224,224,1d4d2550d6af7db204b381e09201c62a,34196
"Tháp Rùa Hồ Gươm – Dấu ấn văn hóa, lịch sử của Thủ đô (4).jpg",ho_guom,0,Hồ Gươm,Hoan Kiem Lake,224,224,eac26bff575e00d9c5aed471892f070b,34234
"Tháp Rùa Hồ Gươm – Dấu ấn văn hóa, lịch sử của Thủ đô (5).jpg",ho_guom,0,Hồ Gươm,Hoan Kiem Lake,224,224,fccc273e8ea5312fc92e8a89f34d5ece,33626
"Tháp Rùa Hồ Gươm – Dấu ấn văn hóa, lịch sử của Thủ đô.jpg",ho_guom,0,Hồ Gươm,Hoan Kiem Lake,224,224,97abace958d430daee58a255dfea3b6a,34199
Tháp Rùa Hồ Gươm – Linh hồn của thủ đô Hà Nội _ Justfly.vn.jpg,ho_guom,0,Hồ Gươm,Hoan Kiem Lake,224,224,8cddea2934a6aaf5b85e4df6c40a0227,30421
Tháp Rùa Hồ Gươm – Vẻ đẹp trường tồn cùng năm tháng nơi “trái tim” Thủ đô –  VinWonders (1).jpg,ho_guom,0,Hồ Gươm,Hoan Kiem Lake,224,224,1a14e9dfed1558c154bffec3b1784900,30468
Tháp Rùa Hồ Gươm – Vẻ đẹp trường tồn cùng năm tháng nơi “trái tim” Thủ đô –  VinWonders (2).jpg,ho_guom,0,Hồ Gươm,Hoan Kiem Lake,224,224,42539b6734fd99cc1a74c4f484190d41,28312
Tháp Rùa Hồ Gươm – Vẻ đẹp trường tồn cùng năm tháng nơi “trái tim” Thủ đô –  VinWonders (3).jpg,ho_guom,0,Hồ Gươm,Hoan Kiem Lake,224,224,e91ac1d94df5028cf2a793ab8d62deb7,36715
Tháp Rùa Hồ Gươm – Vẻ đẹp trường tồn cùng năm tháng nơi “trái tim” Thủ đô –  VinWonders (4).jpg,ho_guom,0,Hồ Gươm,Hoan Kiem Lake,224,224,1e18376ef6e080931dce6e1f25a0522a,31524
Tháp Rùa Hồ Gươm – Vẻ đẹp trường tồn cùng năm tháng nơi “trái tim” Thủ đô –  VinWonders (5).jpg,ho_guom,0,Hồ Gươm,Hoan Kiem Lake,224,224,12793908b9cdfc16aed4b4f9d3a666b9,42089
Tháp Rùa Hồ Gươm – Vẻ đẹp trường tồn cùng năm tháng nơi “trái tim” Thủ đô –  VinWonders (6).jpg,ho_guom,0,Hồ Gươm,Hoan Kiem Lake,224,224,1e9c3f73b1a99f4d67d626fa54bd5bc4,46193
Tháp Rùa Hồ Gươm – Vẻ đẹp trường tồn cùng năm tháng nơi “trái tim” Thủ đô –  VinWonders (7).jpg,ho_guom,0,Hồ Gươm,Hoan Kiem Lake,224,224,efe0a50f7e9303c68f8452580da5ceb5,41434
Tháp Rùa Hồ Gươm – Vẻ đẹp trường tồn cùng năm tháng nơi “trái tim” Thủ đô –  VinWonders.jpg,ho_guom,0,Hồ Gươm,Hoan Kiem Lake,224,224,fa794944e0acad228f0db3ea899c18f5,28135
"Tháp Rùa Hồ Gươm, Hà Nội _ Justfly.vn (1).jpg",ho_guom,0,Hồ Gươm,Hoan Kiem Lake,224,224,9fc0888696511a17fb2daab31289b250,22666
"Tháp Rùa Hồ Gươm, Hà Nội _ Justfly.vn (2).jpg",ho_guom,0,Hồ Gươm,Hoan Kiem Lake,224,224,e164083ebe2e4c9b13d06cb541e2bb27,14547
"Tháp Rùa Hồ Gươm, Hà Nội _ Justfly.vn.jpg",ho_guom,0,Hồ Gươm,Hoan Kiem Lake,224,224,b6387064021a3164dfac0ecfda61473b,28776
Tháp Rùa Hồ Gươm_ Biểu Tượng Văn Hóa Giữa Trái Tim Hà Nội - Blog Mytour.jpg,ho_guom,0,Hồ Gươm,Hoan Kiem Lake,224,224,46f47db4d1e1f024702c1259e3dad75e,27241
"Tháp Rùa Và Hồ Hoàn Kiếm Ở Hà Nội Việt Nam Hình ảnh Sẵn có - Tải xuống Hình  ảnh Ngay bây giờ - Ban ngày, Biểu tượng - Đồ thủ công,.jpg",ho_guom,0,Hồ Gươm,Hoan Kiem Lake,224,224,f10bb05d8c1bb4c53d7a760e531b0dd2,26022
Tháp Rùa tại Hồ Gươm được xây dựng khi nào_ (1).jpg,ho_guom,0,Hồ Gươm,Hoan Kiem Lake,224,224,8119d57e455e87340f9ad19a71e070d7,21655
Tháp Rùa tại Hồ Gươm được xây dựng khi nào_ (2).jpg,ho_guom,0,Hồ Gươm,Hoan Kiem Lake,224,224,589499ae1ad7b8a1b55741ddf0eb9e67,34091
Tháp Rùa tại Hồ Gươm được xây dựng khi nào_.jpg,ho_guom,0,Hồ Gươm,Hoan Kiem Lake,224,224,771289ea96a86adad38f04ebf823b4d7,33409
"Tháp Rùa tại hồ Hoàn Kiếm, Hà Nội, Việt Nam - Lake of the Restored Sword ( Hoan Kiem Lake), Hanoi Resmi - Tripadvisor (1).jpg",ho_guom,0,Hồ Gươm,Hoan Kiem Lake,224,224,a6c0966aac4ded6591f660f0eee29587,18906
"Tháp Rùa tại hồ Hoàn Kiếm, Hà Nội, Việt Nam - Lake of the Restored Sword ( Hoan Kiem Lake), Hanoi Resmi - Tripadvisor (2).jpg",ho_guom,0,Hồ Gươm,Hoan Kiem Lake,224,224,6633de098a22827eb7a67facc507eee1,16238
"Tháp Rùa tại hồ Hoàn Kiếm, Hà Nội, Việt Nam - Lake of the Restored Sword ( Hoan Kiem Lake), Hanoi Resmi - Tripadvisor.jpg",ho_guom,0,Hồ Gươm,Hoan Kiem Lake,224,224,b5f09f9be80d13be312b93efac73080d,33312
"Tháp Rùa và những di tích lịch sử, công trình kiến trúc nổi tiếng gắn liền  với quận Hoàn Kiếm (2).jpg",ho_guom,0,Hồ Gươm,Hoan Kiem Lake,224,224,b88d5ed6bcdf295a9c376595a677e6f7,16306
"Tháp Rùa và những di tích lịch sử, công trình kiến trúc nổi tiếng gắn liền  với quận Hoàn Kiếm.jpg",ho_guom,0,Hồ Gươm,Hoan Kiem Lake,224,224,6f06b0767facf21b1f36e06142dbb589,25318
"Tháp Rùa về đêm - Ảnh của Thap Rua Tower, Hà Nội - Tripadvisor.jpg",ho_guom,0,Hồ Gươm,Hoan Kiem Lake,224,224,5e431daf8039ffd3723cb29ca54127c2,25348
Tháp Rùa Ở Hà Nội Việt Nam Hình ảnh Sẵn có - Tải xuống Hình ảnh Ngay bây  giờ - iStock.jpg,ho_guom,0,Hồ Gươm,Hoan Kiem Lake,224,224,6b81dcf29023e58640380a3e299e9659,27298
"Tháp Rùa ở Hồ Hoàn Kiếm, Hà Nội, Việt Nam · Ảnh có sẵn miễn phí.jpg",ho_guom,0,Hồ Gươm,Hoan Kiem Lake,224,224,eddd7c272a59114631c9d62497ec1214,23197
Tháp Rùa – Nơi hồn thiêng giữa lòng thủ đô Hà Nội (1).jpg,ho_guom,0,Hồ Gươm,Hoan Kiem Lake,224,224,4540233411612374a412f924687a6536,38596
Tháp Rùa – Nơi hồn thiêng giữa lòng thủ đô Hà Nội.jpg,ho_guom,0,Hồ Gươm,Hoan Kiem Lake,224,224,6da8346c6a300a79a6d23bddd7778629,33920
"Tháp Rùa, quen mà lạ… - Cục Du lịch Quốc Gia Việt Nam.jpg",ho_guom,0,Hồ Gươm,Hoan Kiem Lake,224,224,a0a7d1be8715946ae1d4e39d8c76e227,35910
Tháp rùa - Biểu tượng văn hoá thủ đô Hà Nội.jpg,ho_guom,0,Hồ Gươm,Hoan Kiem Lake,224,224,38d0e42ab61ddef42e710f72bbd2efe9,34696
Tháp rùa Hà Nội - Trái tim của Hồ Gươm giữa lòng thủ đô (1).jpg,ho_guom,0,Hồ Gươm,Hoan Kiem Lake,224,224,f4207750d4e104ea89a43d817f2fa8d6,40738
Tháp rùa Hà Nội - Trái tim của Hồ Gươm giữa lòng thủ đô (2).jpg,ho_guom,0,Hồ Gươm,Hoan Kiem Lake,224,224,18d88cd108a56cd26013824484e42437,27059
Tháp rùa Hà Nội - Trái tim của Hồ Gươm giữa lòng thủ đô (3).jpg,ho_guom,0,Hồ Gươm,Hoan Kiem Lake,224,224,d2fec24265d0bb8d53ba616f111eda32,28735
Tháp rùa Hà Nội - Trái tim của Hồ Gươm giữa lòng thủ đô (4).jpg,ho_guom,0,Hồ Gươm,Hoan Kiem Lake,224,224,07961fec1c058fedf2e8b437979903f2,31212
Tháp rùa Hà Nội - Trái tim của Hồ Gươm giữa lòng thủ đô (5).jpg,ho_guom,0,Hồ Gươm,Hoan Kiem Lake,224,224,cd3c0d59af9de2d72974771c617b5ed9,35007
Tháp rùa Hà Nội - Trái tim của Hồ Gươm giữa lòng thủ đô (6).jpg,ho_guom,0,Hồ Gươm,Hoan Kiem Lake,224,224,e104da89618ecd8c326119a03391cc77,36546
Tháp rùa Hà Nội - Trái tim của Hồ Gươm giữa lòng thủ đô (7).jpg,ho_guom,0,Hồ Gươm,Hoan Kiem Lake,224,224,ff8f58d4fd7487f1daf6374df1dd8697,33025
Tháp rùa Hà Nội - Trái tim của Hồ Gươm giữa lòng thủ đô (8).jpg,ho_guom,0,Hồ Gươm,Hoan Kiem Lake,224,224,3252b0f140086c18456e16e988816f12,31324
Tháp rùa Hà Nội - Trái tim của Hồ Gươm giữa lòng thủ đô (9).jpg,ho_guom,0,Hồ Gươm,Hoan Kiem Lake,224,224,a390798a8473394f593b1a4e702904c7,37598
Tháp rùa Hà Nội - Trái tim của Hồ Gươm giữa lòng thủ đô - Báo Quảng Ninh  điện tử (1).jpg,ho_guom,0,Hồ Gươm,Hoan Kiem Lake,224,224,8fa8135d391bc17962476c0292cc26f0,23193
Tháp rùa Hà Nội - Trái tim của Hồ Gươm giữa lòng thủ đô - Báo Quảng Ninh  điện tử.jpg,ho_guom,0,Hồ Gươm,Hoan Kiem Lake,224,224,016b4fc89015548e5ee906ef70b92f4f,37815
Tháp rùa Hà Nội - Trái tim của Hồ Gươm giữa lòng thủ đô.jpg,ho_guom,0,Hồ Gươm,Hoan Kiem Lake,224,224,a20288793d7c8e27ffee790f38898f4a,36700
Tháp rùa Hồ Gươm Hanoi.jpg,ho_guom,0,Hồ Gươm,Hoan Kiem Lake,224,224,4df64a3147999b0d8cf83a3d8110cdb8,36382
Tháp rùa Hồ Gươm nguyên là một ngôi mộ (1).jpg,ho_guom,0,Hồ Gươm,Hoan Kiem Lake,224,224,5e954a882feb05b05f02ff02e6ad37d3,20386
Tháp rùa Hồ Gươm nguyên là một ngôi mộ.jpg,ho_guom,0,Hồ Gươm,Hoan Kiem Lake,224,224,2c4522430b57297aa7452dab62940ac8,35516
Tháp rùa Hồ Gươm thơ mộng- Tranh sơn mài -SM265 - Mua Bán Tranh - Siêu Thị  Tranh Đẹp.jpg,ho_guom,0,Hồ Gươm,Hoan Kiem Lake,224,224,c4b4b0dddade30756c9b5363c9a6d477,31809
Tháp rùa Hồ Gươm thờ ai_.jpg,ho_guom,0,Hồ Gươm,Hoan Kiem Lake,224,224,3de24de6efa0acde770cb8f6b6728533,41301
Tháp rùa Hồ Gươm đã từng là một ngôi mộ.jpg,ho_guom,0,Hồ Gươm,Hoan Kiem Lake,224,224,be6d50baccbaea5f2e0913d969b0e42c,22019
Tháp rùa hà nội _ Tranh Gạo Việt.jpg,ho_guom,0,Hồ Gươm,Hoan Kiem Lake,224,224,967fb7d8b1811a4c565d1cd83218ee25,25940
Tháp rùa là truyền thống - Thu Tứ - Chim Việt Cành Nam.jpg,ho_guom,0,Hồ Gươm,Hoan Kiem Lake,224,224,3d0bce5efb481fae0c6d756c5f8851b0,35713
Thời tiết ngày 20_12_ Thủ đô Hà Nội trời rét về đêm và sáng sớm - Báo An  Giang Online.jpg,ho_guom,0,Hồ Gươm,Hoan Kiem Lake,224,224,66a32da3396678e6cd94e3c6974fa36e,30386
Tìm hiểu Thủ Đô qua 10 di tích lịch sử Hà Nội NỔI TIẾNG – Thủ đô Hà Nội –  Việt Nam.jpg,ho_guom,0,Hồ Gươm,Hoan Kiem Lake,224,224,c17f56b3a65d6a98cc980d4a474155d7,29693
Về thăm Tháp Rùa - Biểu tượng du lịch tâm linh giữa lòng Hà Nội (1).jpg,ho_guom,0,Hồ Gươm,Hoan Kiem Lake,224,224,7e8e67fd2fa8bc5c8d606218cfb2adac,29285
Về thăm Tháp Rùa - Biểu tượng du lịch tâm linh giữa lòng Hà Nội (2).jpg,ho_guom,0,Hồ Gươm,Hoan Kiem Lake,224,224,0f301d56dd3b62ce940c379bee1de7d4,37886
Về thăm Tháp Rùa - Biểu tượng du lịch tâm linh giữa lòng Hà Nội.jpg,ho_guom,0,Hồ Gươm,Hoan Kiem Lake,224,224,f36790c2285bde9cb40faed2b3008e8d,31997
Xanh xanh thắm bầu trời xanh Hà Nội….jpg,ho_guom,0,Hồ Gươm,Hoan Kiem Lake,224,224,3372763d407a28db42de9ddc2a40905a,27923
Xem 3D Mapping ngoạn mục trên Hồ Gươm mừng 2_9 _ Znews.vn (1).jpg,ho_guom,0,Hồ Gươm,Hoan Kiem Lake,224,224,317ae52615a30cf9cb1cd96d2c68665e,20527
Xem 3D Mapping ngoạn mục trên Hồ Gươm mừng 2_9 _ Znews.vn.jpg,ho_guom,0,Hồ Gươm,Hoan Kiem Lake,224,224,6adcbbcff7e3c4a5dc97ae8562f3263c,15670
ho_guom_0001.jpg,ho_guom,0,Hồ Gươm,Hoan Kiem Lake,224,224,ff300e94e13ec03e696d168940d88341,36911
ho_guom_0003.jpg,ho_guom,0,Hồ Gươm,Hoan Kiem Lake,224,224,24367c024d3118c3d0b2eb71b40ca85b,33674
ho_guom_0006.jpg,ho_guom,0,Hồ Gươm,Hoan Kiem Lake,224,224,e90ed217f3dcca86822f1e0d0e1307df,31199
ho_guom_0007.jpg,ho_guom,0,Hồ Gươm,Hoan Kiem Lake,224,224,5f54e76002cd0d41c3bb019b0f110efa,34607
ho_guom_0008.jpg,ho_guom,0,Hồ Gươm,Hoan Kiem Lake,224,224,9e6313fa07419e1234631db78438c7b2,28646
ho_guom_0009.jpg,ho_guom,0,Hồ Gươm,Hoan Kiem Lake,224,224,25713a1de5ed2a72e66d8fecef0977d4,32779
ho_guom_0012.jpg,ho_guom,0,Hồ Gươm,Hoan Kiem Lake,224,224,c9a96e446fa611ec3eb4abc4e616f308,27815
ho_guom_0018.jpg,ho_guom,0,Hồ Gươm,Hoan Kiem Lake,224,224,1926ea9bfd2175f4b1b21e5ab08a6682,23162
ho_guom_0022.jpg,ho_guom,0,Hồ Gươm,Hoan Kiem Lake,224,224,d8ea25821e0947efb93f7e6ea4260062,41407
ho_guom_0026.jpg,ho_guom,0,Hồ Gươm,Hoan Kiem Lake,224,224,37ed83957fec5d558f26a128744416ef,16065
ho_guom_0027.jpg,ho_guom,0,Hồ Gươm,Hoan Kiem Lake,224,224,4312fc7e9a024002a05fa9ffd78c39e0,28611
ho_guom_0028.jpg,ho_guom,0,Hồ Gươm,Hoan Kiem Lake,224,224,21950dd306941c07e3db28656f558d2e,43043
ho_guom_0029.jpg,ho_guom,0,Hồ Gươm,Hoan Kiem Lake,224,224,49035197daf0e79f297b9634fa61a7bd,36489
ho_guom_0035.jpg,ho_guom,0,Hồ Gươm,Hoan Kiem Lake,224,224,e0245feab97291f2a79877d8baf13a95,38532
ho_guom_0036.jpg,ho_guom,0,Hồ Gươm,Hoan Kiem Lake,224,224,79616c0c57930747a5ac1dd6b9a83b90,32789
ho_guom_0037.jpg,ho_guom,0,Hồ Gươm,Hoan Kiem Lake,224,224,344e93a83efc824bae13bd37bfb13ccd,26018
ho_guom_0038.jpg,ho_guom,0,Hồ Gươm,Hoan Kiem Lake,224,224,064829a81bc35c7ad5cb1302367e1597,31698
ho_guom_0039.jpg,ho_guom,0,Hồ Gươm,Hoan Kiem Lake,224,224,cce17f1ba85723133f3db52757bc134f,29548
ho_guom_0040.jpg,ho_guom,0,Hồ Gươm,Hoan Kiem Lake,224,224,f387e08314cde7945efdcda9b0b58f68,31681
ho_guom_0110.jpg,ho_guom,0,Hồ Gươm,Hoan Kiem Lake,224,224,a341048672dd4a67daa4c0f711dfe2e2,26614
ho_guom_0115.jpg,ho_guom,0,Hồ Gươm,Hoan Kiem Lake,224,224,4634ea5e4c3a8dbaacaee8257b6396e0,33665
ho_guom_0119.jpg,ho_guom,0,Hồ Gươm,Hoan Kiem Lake,224,224,436f1b669646109d07640496ec2587ea,18222
ho_guom_0123.jpg,ho_guom,0,Hồ Gươm,Hoan Kiem Lake,224,224,0a70cf628f516c6b29f80857902bcb47,21294
ho_guom_0127.jpg,ho_guom,0,Hồ Gươm,Hoan Kiem Lake,224,224,ade4dac8ff7e1ed55bbbe5869fd669cb,31945
ho_guom_0128.jpg,ho_guom,0,Hồ Gươm,Hoan Kiem Lake,224,224,60ca2eb4197f1d2542d5866d12097e71,26457
ho_guom_0129.jpg,ho_guom,0,Hồ Gươm,Hoan Kiem Lake,224,224,34af62e4c2ed4c88a6314c054a961b64,34803
ho_guom_0130.jpg,ho_guom,0,Hồ Gươm,Hoan Kiem Lake,224,224,df773bbadac2afec41d15b973e8a045f,36139
ho_guom_0131.jpg,ho_guom,0,Hồ Gươm,Hoan Kiem Lake,224,224,9eb52691f623a1526e26dcfc6a78f68f,33644
ho_guom_0132.jpg,ho_guom,0,Hồ Gươm,Hoan Kiem Lake,224,224,2526c198b5605ea0354dbbc242ecc29b,41272
ho_guom_0133.jpg,ho_guom,0,Hồ Gươm,Hoan Kiem Lake,224,224,64e6b3219e9a7ef0bfd3ef95cbf363f9,39647
ho_guom_0136.jpg,ho_guom,0,Hồ Gươm,Hoan Kiem Lake,224,224,8cedded6049f427313e4aa15c5c34075,35310
ho_guom_0137.jpg,ho_guom,0,Hồ Gươm,Hoan Kiem Lake,224,224,65a875480898c910b38b14ecb7ccfdef,38384
ho_guom_0151.jpg,ho_guom,0,Hồ Gươm,Hoan Kiem Lake,224,224,890ef7e09ab7620db11e979803d24d1a,31630
ho_guom_0157.jpg,ho_guom,0,Hồ Gươm,Hoan Kiem Lake,224,224,f2d955485be9faef9058786c982d18a6,23835
ho_guom_0158.jpg,ho_guom,0,Hồ Gươm,Hoan Kiem Lake,224,224,3806c91dcace6c5672e154131004c98e,21888
ho_guom_0178.jpg,ho_guom,0,Hồ Gươm,Hoan Kiem Lake,224,224,ed30ef1fc1f077c64dfd16070d060abd,32276
ho_guom_0187.jpg,ho_guom,0,Hồ Gươm,Hoan Kiem Lake,224,224,bf15b74253e2c44c0f0aa046ca7777c0,19907
ho_guom_0192.jpg,ho_guom,0,Hồ Gươm,Hoan Kiem Lake,224,224,714824cdaa5e35209c95550cdaf624ec,28981
ho_guom_0195.jpg,ho_guom,0,Hồ Gươm,Hoan Kiem Lake,224,224,31987d4c3a1cb68a253238a22e94163e,20568
ho_guom_0196.jpg,ho_guom,0,Hồ Gươm,Hoan Kiem Lake,224,224,ed86ed8de1c5c6c59df71daed731a7ab,20970
ho_guom_0197.jpg,ho_guom,0,Hồ Gươm,Hoan Kiem Lake,224,224,4f3fbc8aa7953fed97f714cafb6cc0c5,24483
ho_guom_0198.jpg,ho_guom,0,Hồ Gươm,Hoan Kiem Lake,224,224,b6caa51817557a35a5247bb84e44c628,30111
ho_guom_0199.jpg,ho_guom,0,Hồ Gươm,Hoan Kiem Lake,224,224,1b14a422e66a63e11271bc5d7ef8c4a1,21167
ho_guom_0205.jpg,ho_guom,0,Hồ Gươm,Hoan Kiem Lake,224,224,5425bbf97d4fb3bf03330801e302e593,34689
ho_guom_0208.jpg,ho_guom,0,Hồ Gươm,Hoan Kiem Lake,224,224,3989d9df281266d89f15a0d4215a7a79,25257
ho_guom_0209.jpg,ho_guom,0,Hồ Gươm,Hoan Kiem Lake,224,224,241019795dc91e0570488ec4dbdd54cf,26368
ho_guom_0210.jpg,ho_guom,0,Hồ Gươm,Hoan Kiem Lake,224,224,26a68476c952bceec4946d5f6cb0aa14,40818
ho_guom_0211.jpg,ho_guom,0,Hồ Gươm,Hoan Kiem Lake,224,224,6a401c890542161c31ef9ff62df8cf92,27131
ho_guom_0223.jpg,ho_guom,0,Hồ Gươm,Hoan Kiem Lake,224,224,b970ca647c0afc4632ee8ee65c2d35e5,32180
ho_guom_0231.jpg,ho_guom,0,Hồ Gươm,Hoan Kiem Lake,224,224,a8b72d440d0c1ee8ce32860db3c41402,31957
ho_guom_0233.jpg,ho_guom,0,Hồ Gươm,Hoan Kiem Lake,224,224,0a2bb331acc113039bc9bf4708608b75,15877
ho_guom_0234.jpg,ho_guom,0,Hồ Gươm,Hoan Kiem Lake,224,224,8a317d13c37fa802b9f7c347e61f5cb2,30820
ho_guom_0238.jpg,ho_guom,0,Hồ Gươm,Hoan Kiem Lake,224,224,d4145e3fc88a3ac30b64e6d19ce5f660,25793
ho_guom_0242.jpg,ho_guom,0,Hồ Gươm,Hoan Kiem Lake,224,224,e73292244c821c51740f06ff7167eaa7,25124
ho_guom_0254.jpg,ho_guom,0,Hồ Gươm,Hoan Kiem Lake,224,224,d80b6be2b99c4347bc288127f5052389,33306
ho_guom_0260.jpg,ho_guom,0,Hồ Gươm,Hoan Kiem Lake,224,224,968163d6276f2fb307d26607fcdf2713,27427
ho_guom_0262.jpg,ho_guom,0,Hồ Gươm,Hoan Kiem Lake,224,224,805c67b5614ba0a81c0656a5edc9547e,30063
ho_guom_0267.jpg,ho_guom,0,Hồ Gươm,Hoan Kiem Lake,224,224,07032780e9bd15ec4cd53c9641ba3471,44344
ho_guom_0269.jpg,ho_guom,0,Hồ Gươm,Hoan Kiem Lake,224,224,e9f3dd0d33b71efde8d9fef360f1a57c,34019
ho_guom_0270.jpg,ho_guom,0,Hồ Gươm,Hoan Kiem Lake,224,224,edb594ad15fb983d1a438db71189c009,20292
ho_guom_0276.jpg,ho_guom,0,Hồ Gươm,Hoan Kiem Lake,224,224,650d88291c5932f0aab92a3140ed80fa,18476
ho_guom_0277.jpg,ho_guom,0,Hồ Gươm,Hoan Kiem Lake,224,224,82a4ea9289b89bda7399a2c078757207,35854
ho_guom_0281.jpg,ho_guom,0,Hồ Gươm,Hoan Kiem Lake,224,224,36a4a9bcc8ddd9d33625537781ae55f3,22247
ho_guom_0284.jpg,ho_guom,0,Hồ Gươm,Hoan Kiem Lake,224,224,42f89995ea7fbbc892cab0434971ab99,16310
ho_guom_0287.jpg,ho_guom,0,Hồ Gươm,Hoan Kiem Lake,224,224,543b21a1070a4dcf3fe8362c431d7613,22224
ho_guom_0288.jpg,ho_guom,0,Hồ Gươm,Hoan Kiem Lake,224,224,614cda2696f662f51479b979a51ba1bc,43641
ho_guom_0292.jpg,ho_guom,0,Hồ Gươm,Hoan Kiem Lake,224,224,5127fe9f318b144094f96d7e17a45c24,28509
ho_guom_0295.jpg,ho_guom,0,Hồ Gươm,Hoan Kiem Lake,224,224,261bbbba7c4f9181f6f778792bd8bc56,24100
ho_guom_0298.jpg,ho_guom,0,Hồ Gươm,Hoan Kiem Lake,224,224,dc02b2c445386cb3d8406602b4b15c10,21934
ho_guom_0306.jpg,ho_guom,0,Hồ Gươm,Hoan Kiem Lake,224,224,f805f6cfdd6dfc28b60ca097ed769846,19538
ho_guom_0313.jpg,ho_guom,0,Hồ Gươm,Hoan Kiem Lake,224,224,2a7185b2348a5c5e83c4a641186b8d70,28588
ho_guom_0315.jpg,ho_guom,0,Hồ Gươm,Hoan Kiem Lake,224,224,98d1523b4c428f2bfdcc18c710a169ba,25831
ho_guom_0322.jpg,ho_guom,0,Hồ Gươm,Hoan Kiem Lake,224,224,f0dde112b66f9959c8da04c689d4c9f6,22131
ho_guom_0323.jpg,ho_guom,0,Hồ Gươm,Hoan Kiem Lake,224,224,60e04fd8192df13774263ff75809b649,20326
ho_guom_0324.jpg,ho_guom,0,Hồ Gươm,Hoan Kiem Lake,224,224,9c27cde536572f3deea6982793e58d5a,31649
ho_guom_0349.jpg,ho_guom,0,Hồ Gươm,Hoan Kiem Lake,224,224,1e4172c1a09b4abf50517beb7ee6625b,17293
ho_guom_0361.jpg,ho_guom,0,Hồ Gươm,Hoan Kiem Lake,224,224,cda49facc7d954e788df036eb2594a3b,19585
ho_guom_0376.jpg,ho_guom,0,Hồ Gươm,Hoan Kiem Lake,224,224,f89132c947c44505ecbd11a083e726a1,29536
ho_guom_0377.jpg,ho_guom,0,Hồ Gươm,Hoan Kiem Lake,224,224,2e7560f01e68ae633efcdbbc645e23fa,29285
ho_guom_0384.jpg,ho_guom,0,Hồ Gươm,Hoan Kiem Lake,224,224,ae17d53d4ea9644ad7a3ff799fa1b50c,22027
ho_guom_0385.jpg,ho_guom,0,Hồ Gươm,Hoan Kiem Lake,224,224,d5eb7a93e2a71b5a01d45b7367852ef3,17823
ho_guom_0387.jpg,ho_guom,0,Hồ Gươm,Hoan Kiem Lake,224,224,f7e8e58d5e62d852e7808459bb9955eb,25180
ho_guom_0402.jpg,ho_guom,0,Hồ Gươm,Hoan Kiem Lake,224,224,bef3fa925d72cd867944491a629528b4,20550
ho_guom_0412.jpg,ho_guom,0,Hồ Gươm,Hoan Kiem Lake,224,224,f6cd15a764bbab7f56405bc3721c637c,18314
ho_guom_0418.jpg,ho_guom,0,Hồ Gươm,Hoan Kiem Lake,224,224,bb7132e83e45924d865b4da2c97cff89,19819
ho_guom_0438.jpg,ho_guom,0,Hồ Gươm,Hoan Kiem Lake,224,224,2441c9d5a1967413fe90a0d0ee09ced6,24177
ho_guom_0439.jpg,ho_guom,0,Hồ Gươm,Hoan Kiem Lake,224,224,683813fe480d8a7b4c9bad74c6bfb7fa,29341
ho_guom_0449.jpg,ho_guom,0,Hồ Gươm,Hoan Kiem Lake,224,224,9497b8978ef55b0ca96ad31c7efc2526,15536
ho_guom_0457.jpg,ho_guom,0,Hồ Gươm,Hoan Kiem Lake,224,224,bdd0bfbd3ea6300dc0f53536f214ccb0,23264
ho_guom_0471.jpg,ho_guom,0,Hồ Gươm,Hoan Kiem Lake,224,224,e2e1b1a80e207f7ca7c52e5dc1ff7bd2,19098
ho_guom_0485.jpg,ho_guom,0,Hồ Gươm,Hoan Kiem Lake,224,224,3f83b54c87b8812bc34815bbbcaa1996,22404
ho_guom_0490.jpg,ho_guom,0,Hồ Gươm,Hoan Kiem Lake,224,224,1d44e4c67ec0b54a73d63f32be78e625,22869
ho_guom_0493.jpg,ho_guom,0,Hồ Gươm,Hoan Kiem Lake,224,224,eae97c4e443c881f979bbe61ffc3714f,35700
ho_guom_0508.jpg,ho_guom,0,Hồ Gươm,Hoan Kiem Lake,224,224,4ee42c815412ac48c39bff421c302463,26182
ho_guom_0524.jpg,ho_guom,0,Hồ Gươm,Hoan Kiem Lake,224,224,a9a0e0ba76526b10309a001cca4efbc4,25616
ho_guom_0636.jpg,ho_guom,0,Hồ Gươm,Hoan Kiem Lake,224,224,7227131ade42eb1f355092fec02b0eaa,33184
ho_guom_0643.jpg,ho_guom,0,Hồ Gươm,Hoan Kiem Lake,224,224,8baef9f0250c8f9a92288285052ea2ec,23219
ho_guom_0706.jpg,ho_guom,0,Hồ Gươm,Hoan Kiem Lake,224,224,fcc0e953fb2ea7f84ee4901a8fdad638,19624
ho_guom_0745.jpg,ho_guom,0,Hồ Gươm,Hoan Kiem Lake,224,224,5f2e9b785f9ee42b7e82e5b7dfaba19e,17857
ho_guom_0778.jpg,ho_guom,0,Hồ Gươm,Hoan Kiem Lake,224,224,9e402ef6fc79933289c12928899f020a,31217
ho_guom_0779.jpg,ho_guom,0,Hồ Gươm,Hoan Kiem Lake,224,224,a5715701599bb431aa18e32bfd2c92d7,23520
ho_guom_0780.jpg,ho_guom,0,Hồ Gươm,Hoan Kiem Lake,224,224,d05101a0ef7b4bf385fc22d7e20dcfe9,29846
ho_guom_0781.jpg,ho_guom,0,Hồ Gươm,Hoan Kiem Lake,224,224,812908b7533d0bdc150a98cbdde8145e,23474
ho_guom_0783.jpg,ho_guom,0,Hồ Gươm,Hoan Kiem Lake,224,224,1471f52a5db43022512b675eee328e97,24911
ho_guom_0785.jpg,ho_guom,0,Hồ Gươm,Hoan Kiem Lake,224,224,657473f80b8bc4ba34289742f14aa197,19664
ho_guom_0786.jpg,ho_guom,0,Hồ Gươm,Hoan Kiem Lake,224,224,6fb80fd9eff086e9eb3ac2c7803908b3,24092
ho_guom_0787.jpg,ho_guom,0,Hồ Gươm,Hoan Kiem Lake,224,224,da57c5bcfde0bb73601d59ec7f5c1353,20499
ho_guom_0788.jpg,ho_guom,0,Hồ Gươm,Hoan Kiem Lake,224,224,9d7e0644c2ef3e06324d0ab0f0787b17,19096
ho_guom_0789.jpg,ho_guom,0,Hồ Gươm,Hoan Kiem Lake,224,224,8be54f4b3fda7a091c6997af80196f9e,21835
ho_guom_0790.jpg,ho_guom,0,Hồ Gươm,Hoan Kiem Lake,224,224,cb97ffeec3c25d65aa023b108891d0cc,22151
ho_guom_0791.jpg,ho_guom,0,Hồ Gươm,Hoan Kiem Lake,224,224,5fad20e3b5891c49a6db4dc8506b2058,29924
ho_guom_0792.jpg,ho_guom,0,Hồ Gươm,Hoan Kiem Lake,224,224,063a8d006e854bc953665598d9553114,22560
ho_guom_0793.jpg,ho_guom,0,Hồ Gươm,Hoan Kiem Lake,224,224,4b2f944e9e853248865ec9bec72c3cd8,20221
ho_guom_0794.jpg,ho_guom,0,Hồ Gươm,Hoan Kiem Lake,224,224,6e87f5c1c8fd684c5e2b89640296cc3a,20721
ho_guom_0795.jpg,ho_guom,0,Hồ Gươm,Hoan Kiem Lake,224,224,15648ab22e5e1f731c01f7f4dedc1228,23080
ho_guom_0796.jpg,ho_guom,0,Hồ Gươm,Hoan Kiem Lake,224,224,53ede18a3ef2f96406911c662620e4a2,19902
ho_guom_0797.jpg,ho_guom,0,Hồ Gươm,Hoan Kiem Lake,224,224,68ddee9b4e0313b00e4722d3507777a2,19681
ho_guom_0799.jpg,ho_guom,0,Hồ Gươm,Hoan Kiem Lake,224,224,5ffd0f7d11911e01055b11d9c0a01648,18556
ho_guom_0800.jpg,ho_guom,0,Hồ Gươm,Hoan Kiem Lake,224,224,e715f03c27d44bd9806492db3407799f,32643
ho_guom_0813.jpg,ho_guom,0,Hồ Gươm,Hoan Kiem Lake,224,224,a1eb26a68377ff3c355092d3098fc22f,23983
ho_guom_0818.jpg,ho_guom,0,Hồ Gươm,Hoan Kiem Lake,224,224,fe4abbf3ebd3c4d635abb1719efa3e6e,19833
ho_guom_0819.jpg,ho_guom,0,Hồ Gươm,Hoan Kiem Lake,224,224,917a43947a1797049ee3d55257837f31,23215
ho_guom_0820.jpg,ho_guom,0,Hồ Gươm,Hoan Kiem Lake,224,224,3f68320ed1dee2012f79fb6ad60f3f77,19043
ho_guom_0832.jpg,ho_guom,0,Hồ Gươm,Hoan Kiem Lake,224,224,6151d1c504950f5bc9ebd61ea6ab57b4,26138
ho_guom_0839.jpg,ho_guom,0,Hồ Gươm,Hoan Kiem Lake,224,224,483ca54e626a4f8fb3f3f216db0deff8,23464
ho_guom_aug_00294.jpg,ho_guom,0,Hồ Gươm,Hoan Kiem Lake,224,224,f935841e63df98e4fe74ad40279c2055,28538
ho_guom_aug_00295.jpg,ho_guom,0,Hồ Gươm,Hoan Kiem Lake,224,224,d5e4bfbbdb6f76307fd087026fe54ebd,21130
ho_guom_aug_00296.jpg,ho_guom,0,Hồ Gươm,Hoan Kiem Lake,224,224,693944b203bc64af5c69f3c229ae8ec1,11450
ho_guom_aug_00297.jpg,ho_guom,0,Hồ Gươm,Hoan Kiem Lake,224,224,406fac0dbb5a6275b58adf93bd7a5aa4,31227
ho_guom_aug_00298.jpg,ho_guom,0,Hồ Gươm,Hoan Kiem Lake,224,224,d7b0faff1dc5e430ac9e76e3393a2813,17029
ho_guom_aug_00299.jpg,ho_guom,0,Hồ Gươm,Hoan Kiem Lake,224,224,262ea8e33cf1e60b3ddac484b82f78f8,21679
ho_guom_aug_00300.jpg,ho_guom,0,Hồ Gươm,Hoan Kiem Lake,224,224,573d88d159922175a73db2cb9ccc0670,25647
ho_guom_aug_00301.jpg,ho_guom,0,Hồ Gươm,Hoan Kiem Lake,224,224,e366d996a5a78f84c918bc76c18b2218,17162
ho_guom_aug_00302.jpg,ho_guom,0,Hồ Gươm,Hoan Kiem Lake,224,224,eba2f0e3452468f37b206758185f8e70,14336
ho_guom_aug_00303.jpg,ho_guom,0,Hồ Gươm,Hoan Kiem Lake,224,224,87a54b612ab6070f174bb2ada576ad94,35120
ho_guom_aug_00304.jpg,ho_guom,0,Hồ Gươm,Hoan Kiem Lake,224,224,6929f8e1011f569e43f2cd1e6145df79,16050
ho_guom_aug_00305.jpg,ho_guom,0,Hồ Gươm,Hoan Kiem Lake,224,224,0946ae3cd8308ea53f48ae2dbe0c396c,29616
ho_guom_aug_00306.jpg,ho_guom,0,Hồ Gươm,Hoan Kiem Lake,224,224,7f016f01d3d935ad56f43de2a07cb5ba,19775
ho_guom_aug_00307.jpg,ho_guom,0,Hồ Gươm,Hoan Kiem Lake,224,224,c189df941b7824506b4df4bd0700a74e,16706
ho_guom_aug_00308.jpg,ho_guom,0,Hồ Gươm,Hoan Kiem Lake,224,224,2660ffa05e8ecb0f5d36ff5bc97f20ac,32963
ho_guom_aug_00309.jpg,ho_guom,0,Hồ Gươm,Hoan Kiem Lake,224,224,ccdaf5634ce9422a5385eaa8e965f2a2,20789
ho_guom_aug_00310.jpg,ho_guom,0,Hồ Gươm,Hoan Kiem Lake,224,224,2ff6008689a4a082e48d85f7f92356ca,32090
ho_guom_aug_00311.jpg,ho_guom,0,Hồ Gươm,Hoan Kiem Lake,224,224,39119586ad49ef7cf165f14e317f477a,15274
ho_guom_aug_00312.jpg,ho_guom,0,Hồ Gươm,Hoan Kiem Lake,224,224,8753a936b0a70a67a54b25e866c8cb63,32165
ho_guom_aug_00313.jpg,ho_guom,0,Hồ Gươm,Hoan Kiem Lake,224,224,cb6acf9b9d486d76647b01a7b3c43723,16068
ho_guom_aug_00314.jpg,ho_guom,0,Hồ Gươm,Hoan Kiem Lake,224,224,18d0896ec250c5557210078aabc06fcc,19423
ho_guom_aug_00315.jpg,ho_guom,0,Hồ Gươm,Hoan Kiem Lake,224,224,a548f1b5629bad9f80213deb0130f376,16994
ho_guom_aug_00316.jpg,ho_guom,0,Hồ Gươm,Hoan Kiem Lake,224,224,68618892495526b48000fdecdb789532,27244
ho_guom_aug_00317.jpg,ho_guom,0,Hồ Gươm,Hoan Kiem Lake,224,224,bc785b94023ad85a0a8c9a7252cbaff4,41325
ho_guom_aug_00318.jpg,ho_guom,0,Hồ Gươm,Hoan Kiem Lake,224,224,1f938923f0ad600f9a81e273e65c04e4,26468
ho_guom_aug_00319.jpg,ho_guom,0,Hồ Gươm,Hoan Kiem Lake,224,224,f5dac33b2d399f835b5342fdacdbe0cc,29463
ho_guom_aug_00320.jpg,ho_guom,0,Hồ Gươm,Hoan Kiem Lake,224,224,45b9864ef506bf94e0e3b20bf1560c16,30365
ho_guom_aug_00321.jpg,ho_guom,0,Hồ Gươm,Hoan Kiem Lake,224,224,3a17066728711c00e38abf1799bfe4a1,15183
ho_guom_aug_00322.jpg,ho_guom,0,Hồ Gươm,Hoan Kiem Lake,224,224,4c247e64a257aa3105534663ef00ba38,32771
ho_guom_aug_00323.jpg,ho_guom,0,Hồ Gươm,Hoan Kiem Lake,224,224,cc93eb151c8808392c50b6cea26f6552,35618
ho_guom_aug_00324.jpg,ho_guom,0,Hồ Gươm,Hoan Kiem Lake,224,224,46b38e547f8b3de1067776c817a1e04f,44344
ho_guom_aug_00325.jpg,ho_guom,0,Hồ Gươm,Hoan Kiem Lake,224,224,691630f98359d2e3cf45bc92e4dbca75,27498
ho_guom_aug_00326.jpg,ho_guom,0,Hồ Gươm,Hoan Kiem Lake,224,224,bec29875bef244ca6983d1019c1c4f20,14921
ho_guom_aug_00327.jpg,ho_guom,0,Hồ Gươm,Hoan Kiem Lake,224,224,88bff58f6bf30ab2dbcfe48ca536da5f,35965
ho_guom_aug_00328.jpg,ho_guom,0,Hồ Gươm,Hoan Kiem Lake,224,224,51b1761f84e2e17355bc1780cf2a5bc1,37167
ho_guom_aug_00329.jpg,ho_guom,0,Hồ Gươm,Hoan Kiem Lake,224,224,3fb8ede621d745d07d3f99e0f87249fa,30931
ho_guom_aug_00330.jpg,ho_guom,0,Hồ Gươm,Hoan Kiem Lake,224,224,d348a3e7c6cb93eedbad40807a96f9e9,16059
ho_guom_aug_00331.jpg,ho_guom,0,Hồ Gươm,Hoan Kiem Lake,224,224,bee9cb4676633d7f7d8146e57df93e98,14491
ho_guom_aug_00332.jpg,ho_guom,0,Hồ Gươm,Hoan Kiem Lake,224,224,7c20c0f4900b1ac92c77eed542c60ed7,30619
ho_guom_aug_00333.jpg,ho_guom,0,Hồ Gươm,Hoan Kiem Lake,224,224,bf9a13487bd336407facc8e2feafb006,20456
ho_guom_aug_00334.jpg,ho_guom,0,Hồ Gươm,Hoan Kiem Lake,224,224,9794b1a1ba25604608161d1663c7433f,17602
ho_guom_aug_00335.jpg,ho_guom,0,Hồ Gươm,Hoan Kiem Lake,224,224,cd648e5feece69d5cf47506d90e433d0,27986
ho_guom_aug_00336.jpg,ho_guom,0,Hồ Gươm,Hoan Kiem Lake,224,224,14e2fb4225820c57bd4fb3c0a0266e54,39211
ho_guom_aug_00337.jpg,ho_guom,0,Hồ Gươm,Hoan Kiem Lake,224,224,13e78704937ad30ea3dc2a406f2aa4e1,17811
ho_guom_aug_00338.jpg,ho_guom,0,Hồ Gươm,Hoan Kiem Lake,224,224,45affb57507d20daba3896eb7a8a3fc7,12218
ho_guom_aug_00339.jpg,ho_guom,0,Hồ Gươm,Hoan Kiem Lake,224,224,c53e25cb28d8e51db8cdffb983a944ac,24513
ho_guom_aug_00340.jpg,ho_guom,0,Hồ Gươm,Hoan Kiem Lake,224,224,c299310392651d8fe6b5c6ba5d34fdea,19318
ho_guom_aug_00341.jpg,ho_guom,0,Hồ Gươm,Hoan Kiem Lake,224,224,7c1aae1fec152d674ad572af04e73324,11029
ho_guom_aug_00342.jpg,ho_guom,0,Hồ Gươm,Hoan Kiem Lake,224,224,11506b8aa83270be611df6477c52dcd3,31632
ho_guom_aug_00343.jpg,ho_guom,0,Hồ Gươm,Hoan Kiem Lake,224,224,b14389360961f3c2c7204ce625f0c5c1,31329
ho_guom_aug_00344.jpg,ho_guom,0,Hồ Gươm,Hoan Kiem Lake,224,224,c62377db4611b30f85e1fd8d82e7550a,18424
ho_guom_aug_00345.jpg,ho_guom,0,Hồ Gươm,Hoan Kiem Lake,224,224,e4b4c78825f75fd22933e28e3d2f52e3,27581
ho_guom_aug_00346.jpg,ho_guom,0,Hồ Gươm,Hoan Kiem Lake,224,224,c411a23b6331fc183f354f8395506a98,15793
ho_guom_aug_00347.jpg,ho_guom,0,Hồ Gươm,Hoan Kiem Lake,224,224,8f634e94d287fb8d1e91eb28a9ff9b2c,12385
ho_guom_aug_00348.jpg,ho_guom,0,Hồ Gươm,Hoan Kiem Lake,224,224,92ac3c77133b9474e9821fce8bcbf308,11421
ho_guom_aug_00349.jpg,ho_guom,0,Hồ Gươm,Hoan Kiem Lake,224,224,7f4cda30e148b20d02828d4b74a07db3,32863
ho_guom_aug_00350.jpg,ho_guom,0,Hồ Gươm,Hoan Kiem Lake,224,224,d27db2492b62a84106c71d290bf8445d,31206
ho_guom_aug_00351.jpg,ho_guom,0,Hồ Gươm,Hoan Kiem Lake,224,224,c1e6ec3f2109db95e71e3f617eea1b05,22627
ho_guom_aug_00352.jpg,ho_guom,0,Hồ Gươm,Hoan Kiem Lake,224,224,6e829fa7fdf904de9ef1a1e215f1bf74,22319
ho_guom_aug_00353.jpg,ho_guom,0,Hồ Gươm,Hoan Kiem Lake,224,224,fb8aab6a5d4289f2320f0d067955b6e2,17420
ho_guom_aug_00354.jpg,ho_guom,0,Hồ Gươm,Hoan Kiem Lake,224,224,d8f1a5aadaa52e6d1caf2543dfae3d62,15428
ho_guom_aug_00355.jpg,ho_guom,0,Hồ Gươm,Hoan Kiem Lake,224,224,8ae368f65d89145b258eb4ffde680957,13481
ho_guom_aug_00356.jpg,ho_guom,0,Hồ Gươm,Hoan Kiem Lake,224,224,e8a5fba5b30fbf4c74d5cb7eb058647d,13993
ho_guom_aug_00357.jpg,ho_guom,0,Hồ Gươm,Hoan Kiem Lake,224,224,60f0183408d4455bb5e4993263936a39,23564
ho_guom_aug_00358.jpg,ho_guom,0,Hồ Gươm,Hoan Kiem Lake,224,224,a868c865d7336f63871bfde5fdb86dd0,21719
ho_guom_aug_00359.jpg,ho_guom,0,Hồ Gươm,Hoan Kiem Lake,224,224,bc76f36a441315b05184acab688dc607,29633
ho_guom_aug_00360.jpg,ho_guom,0,Hồ Gươm,Hoan Kiem Lake,224,224,70a35eb5bb163a78a756454b69964bf6,21765
ho_guom_aug_00361.jpg,ho_guom,0,Hồ Gươm,Hoan Kiem Lake,224,224,14d7e494bb558486ff723ad4610347e4,16794
ho_guom_aug_00362.jpg,ho_guom,0,Hồ Gươm,Hoan Kiem Lake,224,224,694065a08cf105681ea2e76e51afe1e5,27013
ho_guom_aug_00363.jpg,ho_guom,0,Hồ Gươm,Hoan Kiem Lake,224,224,4d85b5671ce575caa0e9f3a03d2520ee,32072
ho_guom_aug_00364.jpg,ho_guom,0,Hồ Gươm,Hoan Kiem Lake,224,224,6981276ba6c96e9e8af28ce1665a8fbb,25786
ho_guom_aug_00365.jpg,ho_guom,0,Hồ Gươm,Hoan Kiem Lake,224,224,fc15154847b7adf8d20f51f0680b3c14,13619
ho_guom_aug_00366.jpg,ho_guom,0,Hồ Gươm,Hoan Kiem Lake,224,224,bca1af8426bc9f20284935c7c1aeeff3,34175
ho_guom_aug_00367.jpg,ho_guom,0,Hồ Gươm,Hoan Kiem Lake,224,224,2c91a22c4234bc7e541837a288dbdc95,37297
ho_guom_aug_00368.jpg,ho_guom,0,Hồ Gươm,Hoan Kiem Lake,224,224,864c850ed2f459f4081575e2b5c91a69,23124
ho_guom_aug_00369.jpg,ho_guom,0,Hồ Gươm,Hoan Kiem Lake,224,224,51f344a90d7145f41380acb4423f173c,28268
ho_guom_aug_00370.jpg,ho_guom,0,Hồ Gươm,Hoan Kiem Lake,224,224,090a7016aa6d6a743029ec79eeec79c4,41450
ho_guom_aug_00371.jpg,ho_guom,0,Hồ Gươm,Hoan Kiem Lake,224,224,137efa9e6d73054b56d351ae009a9253,16524
ho_guom_aug_00372.jpg,ho_guom,0,Hồ Gươm,Hoan Kiem Lake,224,224,3b61393416101e15bbda1d0a110c8b50,18158
ho_guom_aug_00373.jpg,ho_guom,0,Hồ Gươm,Hoan Kiem Lake,224,224,2cd99c08986ee537c860d548ee69b7a4,20525
ho_guom_aug_00374.jpg,ho_guom,0,Hồ Gươm,Hoan Kiem Lake,224,224,10de8bef59ca9a7ecfd137efb207810f,38772
ho_guom_aug_00375.jpg,ho_guom,0,Hồ Gươm,Hoan Kiem Lake,224,224,0669e1c51f46ed689ef82d3f4725cb6d,22046
ho_guom_aug_00376.jpg,ho_guom,0,Hồ Gươm,Hoan Kiem Lake,224,224,41de6f92fa98476959b26841aea8a161,12856
ho_guom_aug_00377.jpg,ho_guom,0,Hồ Gươm,Hoan Kiem Lake,224,224,9dca01503af24fa9432fd47b434db015,41117
ho_guom_aug_00378.jpg,ho_guom,0,Hồ Gươm,Hoan Kiem Lake,224,224,71c55b0679cb7b14b516dc4291f69a48,36984
ho_guom_aug_00379.jpg,ho_guom,0,Hồ Gươm,Hoan Kiem Lake,224,224,f5d04969caab6525e0bc4dc907d181ed,15659
ho_guom_aug_00380.jpg,ho_guom,0,Hồ Gươm,Hoan Kiem Lake,224,224,ed6f7e47ab211f4af563bae412bafb5d,37057
ho_guom_aug_00381.jpg,ho_guom,0,Hồ Gươm,Hoan Kiem Lake,224,224,fe3586b1f8c6269cea0605105a593e85,42360
ho_guom_aug_00382.jpg,ho_guom,0,Hồ Gươm,Hoan Kiem Lake,224,224,351f15330536104036e2f3bd991e2dc7,31483
ho_guom_aug_00383.jpg,ho_guom,0,Hồ Gươm,Hoan Kiem Lake,224,224,bd57277a8cae48d8234b6a8395057a13,29580
ho_guom_aug_00384.jpg,ho_guom,0,Hồ Gươm,Hoan Kiem Lake,224,224,6a3edbd40b7e8c9b52be79ca29d6a0e3,9636
ho_guom_aug_00385.jpg,ho_guom,0,Hồ Gươm,Hoan Kiem Lake,224,224,14ed425b70ca5c114a49f4855abcb514,34611
ho_guom_aug_00386.jpg,ho_guom,0,Hồ Gươm,Hoan Kiem Lake,224,224,b876ea4ee578ef9f1187e6797ce38aaa,24946
ho_guom_aug_00387.jpg,ho_guom,0,Hồ Gươm,Hoan Kiem Lake,224,224,3ab3f47eadbb8beffc4a87f11b7824e7,35861
ho_guom_aug_00388.jpg,ho_guom,0,Hồ Gươm,Hoan Kiem Lake,224,224,adb11589ad261bfe6afdf3e6367af8d6,17872
ho_guom_aug_00389.jpg,ho_guom,0,Hồ Gươm,Hoan Kiem Lake,224,224,9db51dfaa0ba4409371672488d722a53,25082
ho_guom_aug_00390.jpg,ho_guom,0,Hồ Gươm,Hoan Kiem Lake,224,224,d0f79cd996341203787400d46ad44a8a,36325
ho_guom_aug_00391.jpg,ho_guom,0,Hồ Gươm,Hoan Kiem Lake,224,224,806a6ad526367ac6f72a252052e0f474,18568
ho_guom_aug_00392.jpg,ho_guom,0,Hồ Gươm,Hoan Kiem Lake,224,224,df755f8b033dc74bc2cd382260eb784c,29319
ho_guom_aug_00393.jpg,ho_guom,0,Hồ Gươm,Hoan Kiem Lake,224,224,d439c49e6cb569c6e5bc7c129351626d,42209
ho_guom_aug_00394.jpg,ho_guom,0,Hồ Gươm,Hoan Kiem Lake,224,224,c41a22ce8b72fb58ae224ce4b0fe24be,17918
ho_guom_aug_00395.jpg,ho_guom,0,Hồ Gươm,Hoan Kiem Lake,224,224,2b93dc6a40fbbe294de421054a1a935b,31273
ho_guom_aug_00396.jpg,ho_guom,0,Hồ Gươm,Hoan Kiem Lake,224,224,ff929c197e316912d6eb229e1b95cce6,26246
ho_guom_aug_00397.jpg,ho_guom,0,Hồ Gươm,Hoan Kiem Lake,224,224,ad320505aad6e52449e2787848bef6d4,31250
ho_guom_aug_00398.jpg,ho_guom,0,Hồ Gươm,Hoan Kiem Lake,224,224,f71ab9a31f71a4193250e16487764e34,13872
ho_guom_aug_00399.jpg,ho_guom,0,Hồ Gươm,Hoan Kiem Lake,224,224,b2168ffb7613239271d79bbc7f85a510,31960
ho_guom_aug_00400.jpg,ho_guom,0,Hồ Gươm,Hoan Kiem Lake,224,224,7d4a77a10039fb9c4bf7e8c4b97601cd,34607
ho_guom_aug_00401.jpg,ho_guom,0,Hồ Gươm,Hoan Kiem Lake,224,224,17444fa85601bfcb1d74bac2444eb841,25050
ho_guom_aug_00402.jpg,ho_guom,0,Hồ Gươm,Hoan Kiem Lake,224,224,0beac35612a1058d0bc83daac869fe7b,25147
ho_guom_aug_00403.jpg,ho_guom,0,Hồ Gươm,Hoan Kiem Lake,224,224,543e73d71a8da4f781b5a83f136726ed,31604
ho_guom_aug_00404.jpg,ho_guom,0,Hồ Gươm,Hoan Kiem Lake,224,224,7c200ac19ae5f3ddc819cf914199b6d1,20081
ho_guom_aug_00405.jpg,ho_guom,0,Hồ Gươm,Hoan Kiem Lake,224,224,e16c3a1db33f122c21cfb342e62ce636,46806
ho_guom_aug_00406.jpg,ho_guom,0,Hồ Gươm,Hoan Kiem Lake,224,224,5d250ebcb8af97b18ba823900a2e3683,29867
ho_guom_aug_00407.jpg,ho_guom,0,Hồ Gươm,Hoan Kiem Lake,224,224,2f93bf6ed7b7fe0f0e9dce961f2789a9,40353
ho_guom_aug_00408.jpg,ho_guom,0,Hồ Gươm,Hoan Kiem Lake,224,224,63e20f733f70785c0679443d31d83cdd,23539
ho_guom_aug_00409.jpg,ho_guom,0,Hồ Gươm,Hoan Kiem Lake,224,224,17f1577095a6f1d934fcde01a25350cc,30265
ho_guom_aug_00410.jpg,ho_guom,0,Hồ Gươm,Hoan Kiem Lake,224,224,161e0fabca1f3ee584ad86d41b83a8db,24119
ho_guom_aug_00411.jpg,ho_guom,0,Hồ Gươm,Hoan Kiem Lake,224,224,fd777b810bd521daaca712bc73895c4c,19222
ho_guom_aug_00412.jpg,ho_guom,0,Hồ Gươm,Hoan Kiem Lake,224,224,9ddfe0f94aa710c307e7bc60374131db,18839
ho_guom_aug_00413.jpg,ho_guom,0,Hồ Gươm,Hoan Kiem Lake,224,224,35f570e8c6d15b3955f03baaa828fd40,17292
ho_guom_aug_00414.jpg,ho_guom,0,Hồ Gươm,Hoan Kiem Lake,224,224,398a80a5cc95e947616614b2680b5381,31695
ho_guom_aug_00415.jpg,ho_guom,0,Hồ Gươm,Hoan Kiem Lake,224,224,79fcdc5ee0dcf5f2bb61211f6a82cdaf,36439
ho_guom_aug_00416.jpg,ho_guom,0,Hồ Gươm,Hoan Kiem Lake,224,224,1a5c055e7ed677c99a4d1572d2cf81ee,21008
ho_guom_aug_00417.jpg,ho_guom,0,Hồ Gươm,Hoan Kiem Lake,224,224,a9d6fdb646238e3e62f9bcf0f343f2a9,13335
ho_guom_aug_00418.jpg,ho_guom,0,Hồ Gươm,Hoan Kiem Lake,224,224,16ca346b6795f943fa55bfe50adf9a6c,15336
ho_guom_aug_00419.jpg,ho_guom,0,Hồ Gươm,Hoan Kiem Lake,224,224,7b22a6e674aed36cad613c13d07a1ffc,32006
ho_guom_aug_00420.jpg,ho_guom,0,Hồ Gươm,Hoan Kiem Lake,224,224,a3b7fc2ffe3c98e2686c95f7424fa99c,30792
ho_guom_aug_00421.jpg,ho_guom,0,Hồ Gươm,Hoan Kiem Lake,224,224,b308bca2c5565382c32539b95bc586f6,23180
ho_guom_aug_00422.jpg,ho_guom,0,Hồ Gươm,Hoan Kiem Lake,224,224,743e826f2ff310c2c2a61b25759d0a35,18542
ho_guom_aug_00423.jpg,ho_guom,0,Hồ Gươm,Hoan Kiem Lake,224,224,75e689740b3c98608fcf438925a0baed,23881
ho_guom_aug_00424.jpg,ho_guom,0,Hồ Gươm,Hoan Kiem Lake,224,224,11f9be8abb7149b6f41a76d2a21c304f,15115
ho_guom_aug_00425.jpg,ho_guom,0,Hồ Gươm,Hoan Kiem Lake,224,224,631163336dc0c45bb67cd81e5fa2b981,29326
ho_guom_aug_00426.jpg,ho_guom,0,Hồ Gươm,Hoan Kiem Lake,224,224,67ecb382501289e73ff663729bd6b424,20864
ho_guom_aug_00427.jpg,ho_guom,0,Hồ Gươm,Hoan Kiem Lake,224,224,c2026761e43e080af3b3ecf3b4d4d143,34802
ho_guom_aug_00428.jpg,ho_guom,0,Hồ Gươm,Hoan Kiem Lake,224,224,de9c182f4d611899b16635fb886e5d2e,27764
ho_guom_aug_00429.jpg,ho_guom,0,Hồ Gươm,Hoan Kiem Lake,224,224,465fdfe9349a29498ec07c7f007e6d5b,37366
ho_guom_aug_00430.jpg,ho_guom,0,Hồ Gươm,Hoan Kiem Lake,224,224,0094ab92af90b73e48ad5bd382c9c177,33538
ho_guom_aug_00431.jpg,ho_guom,0,Hồ Gươm,Hoan Kiem Lake,224,224,5d8296be47440b62e4ef622d48e826d3,14280
ho_guom_aug_00432.jpg,ho_guom,0,Hồ Gươm,Hoan Kiem Lake,224,224,af1f9e261ccb832a2b6a9e40a2dff776,23443
ho_guom_aug_00433.jpg,ho_guom,0,Hồ Gươm,Hoan Kiem Lake,224,224,e1feb1cebf4b0c7b16e19b6956a01e0c,17499
ho_guom_aug_00434.jpg,ho_guom,0,Hồ Gươm,Hoan Kiem Lake,224,224,170e8e6c9e631b0e6f1e7d44e6e75a54,24583
ho_guom_aug_00435.jpg,ho_guom,0,Hồ Gươm,Hoan Kiem Lake,224,224,d1c34b88e169b4b083992d16983c20aa,26048
ho_guom_aug_00436.jpg,ho_guom,0,Hồ Gươm,Hoan Kiem Lake,224,224,386a4e087d397ad6a9e25d401378ffc9,13160
ho_guom_aug_00437.jpg,ho_guom,0,Hồ Gươm,Hoan Kiem Lake,224,224,28aaacc46377e8f041bf78f60da757ab,29294
ho_guom_aug_00438.jpg,ho_guom,0,Hồ Gươm,Hoan Kiem Lake,224,224,adf118fb848e4cc4a7b58e23fb5fdab4,30165
ho_guom_aug_00439.jpg,ho_guom,0,Hồ Gươm,Hoan Kiem Lake,224,224,bb6f839b633acb82c19c23e35eccdbc3,21135
ho_guom_aug_00440.jpg,ho_guom,0,Hồ Gươm,Hoan Kiem Lake,224,224,972f29d07ad353f74b52703e5fe5474c,34139
ho_guom_aug_00441.jpg,ho_guom,0,Hồ Gươm,Hoan Kiem Lake,224,224,3a1bbbd2804ab22c2b1962789142bda9,40996
ho_guom_aug_00442.jpg,ho_guom,0,Hồ Gươm,Hoan Kiem Lake,224,224,395239a32ecd5f138840b21fc97c7956,33254
ho_guom_aug_00443.jpg,ho_guom,0,Hồ Gươm,Hoan Kiem Lake,224,224,7a75fe3de9d0a9860e51826c26088875,34529
ho_guom_aug_00444.jpg,ho_guom,0,Hồ Gươm,Hoan Kiem Lake,224,224,3f608675ad13170ed05f579eb4c2a085,20608
ho_guom_aug_00445.jpg,ho_guom,0,Hồ Gươm,Hoan Kiem Lake,224,224,4e6b01965ca33ccd7eb4fd7918cff5df,34134
ho_guom_aug_00446.jpg,ho_guom,0,Hồ Gươm,Hoan Kiem Lake,224,224,3521083171f0ba6e2e4aa79309e6f21d,20473
ho_guom_aug_00447.jpg,ho_guom,0,Hồ Gươm,Hoan Kiem Lake,224,224,84fd8aa62af0f396f66f71bbcb84c7b0,31135
ho_guom_aug_00448.jpg,ho_guom,0,Hồ Gươm,Hoan Kiem Lake,224,224,99a57ff5677460a9c9e2a85e0eb1679b,39596
ho_guom_aug_00449.jpg,ho_guom,0,Hồ Gươm,Hoan Kiem Lake,224,224,a0c6d0b8c41a8c539c3dbe43b78b97ea,22055
ho_guom_aug_00450.jpg,ho_guom,0,Hồ Gươm,Hoan Kiem Lake,224,224,06f24193e3f3b6b3713c0d48f801ac26,20512
ho_guom_aug_00451.jpg,ho_guom,0,Hồ Gươm,Hoan Kiem Lake,224,224,278de59f2a1cd1cb1cc61ea161032398,32020
ho_guom_aug_00452.jpg,ho_guom,0,Hồ Gươm,Hoan Kiem Lake,224,224,92bd29e43c86d24076a7e27f0a14e1a2,20479
ho_guom_aug_00453.jpg,ho_guom,0,Hồ Gươm,Hoan Kiem Lake,224,224,4a1253d461fa53873518a7c49527d981,40171
ho_guom_aug_00454.jpg,ho_guom,0,Hồ Gươm,Hoan Kiem Lake,224,224,5a1d25d2235aa00b2944660fe44af94a,15766
ho_guom_aug_00455.jpg,ho_guom,0,Hồ Gươm,Hoan Kiem Lake,224,224,38dc2b12b2c8cf705462812ea0914083,36136
ho_guom_aug_00456.jpg,ho_guom,0,Hồ Gươm,Hoan Kiem Lake,224,224,a30041270d9b59c8f179fd47cdb54709,14641
ho_guom_aug_00457.jpg,ho_guom,0,Hồ Gươm,Hoan Kiem Lake,224,224,491bc77991b39c49df3c4a474f2c7f3a,27252
ho_guom_aug_00458.jpg,ho_guom,0,Hồ Gươm,Hoan Kiem Lake,224,224,03dceeea3153881ca727110e20b33689,29276
ho_guom_aug_00459.jpg,ho_guom,0,Hồ Gươm,Hoan Kiem Lake,224,224,d64b325e9130df455555f87aaae677d7,26834
ho_guom_aug_00460.jpg,ho_guom,0,Hồ Gươm,Hoan Kiem Lake,224,224,3d7ec24df8714711135326bcf0ab6df9,28840
ho_guom_aug_00461.jpg,ho_guom,0,Hồ Gươm,Hoan Kiem Lake,224,224,c832c94b6ed5d40f8ee455e6476d99f8,14363
ho_guom_aug_00462.jpg,ho_guom,0,Hồ Gươm,Hoan Kiem Lake,224,224,69bfc3eafb099784e8c23a39efcbc47f,37875
ho_guom_aug_00463.jpg,ho_guom,0,Hồ Gươm,Hoan Kiem Lake,224,224,10cd697ab1008223b59a2e233f43e8bc,37404
ho_guom_aug_00464.jpg,ho_guom,0,Hồ Gươm,Hoan Kiem Lake,224,224,5ef27ed23137636da8a7cd3c38d0a72b,18705
ho_guom_aug_00465.jpg,ho_guom,0,Hồ Gươm,Hoan Kiem Lake,224,224,c9be877fb85ec87be70662d7f3ae6235,23372
ho_guom_aug_00466.jpg,ho_guom,0,Hồ Gươm,Hoan Kiem Lake,224,224,2f686545f7a48fa099866c4ee711cf6a,13033
ho_guom_aug_00467.jpg,ho_guom,0,Hồ Gươm,Hoan Kiem Lake,224,224,9944f364c62e4c7241cdbd646490f01f,14623
ho_guom_aug_00468.jpg,ho_guom,0,Hồ Gươm,Hoan Kiem Lake,224,224,8823d69c4c2f8c4bded89839d35f44b9,21685
ho_guom_aug_00469.jpg,ho_guom,0,Hồ Gươm,Hoan Kiem Lake,224,224,605831893d47700a459f0a193af57689,25109
ho_guom_aug_00470.jpg,ho_guom,0,Hồ Gươm,Hoan Kiem Lake,224,224,25c63cd4e6bc0c00403b67ca4dc53ac7,21054
ho_guom_aug_00471.jpg,ho_guom,0,Hồ Gươm,Hoan Kiem Lake,224,224,8c47e853653493b4b8c3364b132b7c91,22624
ho_guom_aug_00472.jpg,ho_guom,0,Hồ Gươm,Hoan Kiem Lake,224,224,ac3f964f1e2e04920e5df0ed3c62641c,23255
ho_guom_aug_00473.jpg,ho_guom,0,Hồ Gươm,Hoan Kiem Lake,224,224,5182716885b6c3cc3763ccb6199fd8d6,16634
ho_guom_aug_00474.jpg,ho_guom,0,Hồ Gươm,Hoan Kiem Lake,224,224,5d820341472dc00c6c39f5fe796950f1,33694
ho_guom_aug_00475.jpg,ho_guom,0,Hồ Gươm,Hoan Kiem Lake,224,224,e68b74787f85eaed66d421cd3a853e1e,28365
ho_guom_aug_00476.jpg,ho_guom,0,Hồ Gươm,Hoan Kiem Lake,224,224,91bb629f3fa408b203832e314ff0022a,12867
ho_guom_aug_00477.jpg,ho_guom,0,Hồ Gươm,Hoan Kiem Lake,224,224,24909c51a4f3623a5a29f5d4fcda77b6,28689
ho_guom_aug_00478.jpg,ho_guom,0,Hồ Gươm,Hoan Kiem Lake,224,224,3de1f5eba9cb470edc956bacc0d826be,14690
ho_guom_aug_00479.jpg,ho_guom,0,Hồ Gươm,Hoan Kiem Lake,224,224,7f6b72fc4d5376a37a11cc3a6d60671c,35266
ho_guom_aug_00480.jpg,ho_guom,0,Hồ Gươm,Hoan Kiem Lake,224,224,f0c8faa9436c24a73dd05f5a38e82d65,20291
ho_guom_aug_00481.jpg,ho_guom,0,Hồ Gươm,Hoan Kiem Lake,224,224,df9ad14cef2f040d98a1ab7bc0fdbd36,18478
ho_guom_aug_00482.jpg,ho_guom,0,Hồ Gươm,Hoan Kiem Lake,224,224,a91aab54c0d53d8ba61672f444f4f558,17587
ho_guom_aug_00483.jpg,ho_guom,0,Hồ Gươm,Hoan Kiem Lake,224,224,694828c0b53e7e92b2d1f64d93ec1892,33535
ho_guom_aug_00484.jpg,ho_guom,0,Hồ Gươm,Hoan Kiem Lake,224,224,05c1c163a092812ff05167156318e216,20332
ho_guom_aug_00485.jpg,ho_guom,0,Hồ Gươm,Hoan Kiem Lake,224,224,1bd06a679d27e1301506d19f2fabf391,33855
ho_guom_aug_00486.jpg,ho_guom,0,Hồ Gươm,Hoan Kiem Lake,224,224,402d089e8488d2a3620743abc7f0a27f,39678
ho_guom_aug_00487.jpg,ho_guom,0,Hồ Gươm,Hoan Kiem Lake,224,224,e5d140b3e8e647919509888ea792869b,30980
ho_guom_aug_00488.jpg,ho_guom,0,Hồ Gươm,Hoan Kiem Lake,224,224,6828d19e274aa04f86af7c0621ef3760,31375
ho_guom_aug_00489.jpg,ho_guom,0,Hồ Gươm,Hoan Kiem Lake,224,224,21cd9b040676f07909b25d796a7e2c19,25206
ho_guom_aug_00490.jpg,ho_guom,0,Hồ Gươm,Hoan Kiem Lake,224,224,1c0d8cfe2dd50ea0867ecf96b167fc9e,18922
ho_guom_aug_00491.jpg,ho_guom,0,Hồ Gươm,Hoan Kiem Lake,224,224,ebf11c78b9c3403142123886ddad08a5,16986
ho_guom_aug_00492.jpg,ho_guom,0,Hồ Gươm,Hoan Kiem Lake,224,224,dc17f71f417ea504871bd113d6355c38,27256
ho_guom_aug_00493.jpg,ho_guom,0,Hồ Gươm,Hoan Kiem Lake,224,224,755397f7b5abc484c6d3f22625e447a4,16099
ho_guom_aug_00494.jpg,ho_guom,0,Hồ Gươm,Hoan Kiem Lake,224,224,4cbab5ad441e48510486f4897c68d144,30070
ho_guom_aug_00495.jpg,ho_guom,0,Hồ Gươm,Hoan Kiem Lake,224,224,af98081c07e185ab9f549bbbfbfec7f8,12426
ho_guom_aug_00496.jpg,ho_guom,0,Hồ Gươm,Hoan Kiem Lake,224,224,a391c182662ec6814098bccdfbd9a58b,16174
ho_guom_aug_00497.jpg,ho_guom,0,Hồ Gươm,Hoan Kiem Lake,224,224,5863470c106498e00fd78e8bad3a8d8c,10226
ho_guom_aug_00498.jpg,ho_guom,0,Hồ Gươm,Hoan Kiem Lake,224,224,8d4dfaa95c9e144c36eb624a51bd96f1,20399
ho_guom_aug_00499.jpg,ho_guom,0,Hồ Gươm,Hoan Kiem Lake,224,224,9a1a7a6863fce0d2cd8dd6bb7e28a16d,13998
ho_guom_aug_00500.jpg,ho_guom,0,Hồ Gươm,Hoan Kiem Lake,224,224,ad993a274e71dc5d0cde7202e74b9aff,36566
ho_guom_aug_00501.jpg,ho_guom,0,Hồ Gươm,Hoan Kiem Lake,224,224,6aec4ddb6ee314120a11a9ce621b3410,34514
ho_guom_aug_00502.jpg,ho_guom,0,Hồ Gươm,Hoan Kiem Lake,224,224,5da16a43776883474a03693d716a9b11,37354
ho_guom_aug_00503.jpg,ho_guom,0,Hồ Gươm,Hoan Kiem Lake,224,224,32baf8a42e4f7c71c80fdf8165b0dd62,35638
ho_guom_aug_00504.jpg,ho_guom,0,Hồ Gươm,Hoan Kiem Lake,224,224,68df8788891454d00310e60b38441d33,15630
ho_guom_aug_00505.jpg,ho_guom,0,Hồ Gươm,Hoan Kiem Lake,224,224,09f146ae704f78c1a8d838f581b8a498,20524
ho_guom_aug_00506.jpg,ho_guom,0,Hồ Gươm,Hoan Kiem Lake,224,224,a50326c419c4be3a6edbadc9fc791ad0,25756
ho_guom_aug_00507.jpg,ho_guom,0,Hồ Gươm,Hoan Kiem Lake,224,224,57e6aae5d4ee160ddb1fbe71e9e2422d,13322
ho_guom_aug_00508.jpg,ho_guom,0,Hồ Gươm,Hoan Kiem Lake,224,224,1848b8695c8b542b57620cb3a7348d42,23140
ho_guom_aug_00509.jpg,ho_guom,0,Hồ Gươm,Hoan Kiem Lake,224,224,abc7b34c08c11d68e7e66125dd103c67,16154
ho_guom_aug_00510.jpg,ho_guom,0,Hồ Gươm,Hoan Kiem Lake,224,224,5c90f2a5e4ccd3098ed8cd3e97f6fdfe,26592
ho_guom_aug_00511.jpg,ho_guom,0,Hồ Gươm,Hoan Kiem Lake,224,224,95b82c57a4454a196d255e251d0cdd42,19393
ho_guom_aug_00512.jpg,ho_guom,0,Hồ Gươm,Hoan Kiem Lake,224,224,a3e3057fb3977e0cbaed7300c9342bef,16734
ho_guom_aug_00513.jpg,ho_guom,0,Hồ Gươm,Hoan Kiem Lake,224,224,b077a0c022d7d97a88a2a8b067e26ece,20415
ho_guom_aug_00514.jpg,ho_guom,0,Hồ Gươm,Hoan Kiem Lake,224,224,7eaa4968e71c3e51f2250f0cf3879572,38347
ho_guom_aug_00515.jpg,ho_guom,0,Hồ Gươm,Hoan Kiem Lake,224,224,6cb7f1e6e7a66105da0178f2619c592a,29045
ho_guom_aug_00516.jpg,ho_guom,0,Hồ Gươm,Hoan Kiem Lake,224,224,03df37ccedabf956d6a4bdfe4d7c732f,18755
ho_guom_aug_00517.jpg,ho_guom,0,Hồ Gươm,Hoan Kiem Lake,224,224,41566a4dfb05cc069b6d0889e57138ce,15986
ho_guom_aug_00518.jpg,ho_guom,0,Hồ Gươm,Hoan Kiem Lake,224,224,531743b4ae825348f49f86a7b8a1722a,29910
ho_guom_aug_00519.jpg,ho_guom,0,Hồ Gươm,Hoan Kiem Lake,224,224,6dd59d77d4f1fa2c0113216f0f4df616,19897
ho_guom_aug_00520.jpg,ho_guom,0,Hồ Gươm,Hoan Kiem Lake,224,224,82f221433a75a2115e6813ad89fcd93a,28726
ho_guom_aug_00521.jpg,ho_guom,0,Hồ Gươm,Hoan Kiem Lake,224,224,e66068baa112f83e36489c609815831b,11337
ho_guom_aug_00522.jpg,ho_guom,0,Hồ Gươm,Hoan Kiem Lake,224,224,e5a197f3f04dceecd817afc45c3fda80,33617
ho_guom_aug_00523.jpg,ho_guom,0,Hồ Gươm,Hoan Kiem Lake,224,224,7311297548e09da1e381e758350e4919,17191
ho_guom_aug_00524.jpg,ho_guom,0,Hồ Gươm,Hoan Kiem Lake,224,224,095f2b7c2364745379ab60fc4f9a5acf,35799
ho_guom_aug_00525.jpg,ho_guom,0,Hồ Gươm,Hoan Kiem Lake,224,224,3b71c6739f8c3c843625ddf593a24dc3,15724
ho_guom_aug_00526.jpg,ho_guom,0,Hồ Gươm,Hoan Kiem Lake,224,224,1d98aee45beae1e4097ed25035009221,14605
ho_guom_aug_00527.jpg,ho_guom,0,Hồ Gươm,Hoan Kiem Lake,224,224,a3cd41fcf72333bd544e06e3712f8484,19171
ho_guom_aug_00528.jpg,ho_guom,0,Hồ Gươm,Hoan Kiem Lake,224,224,1c9598b6a6244dfb508d6fc9e67d8370,17187
ho_guom_aug_00529.jpg,ho_guom,0,Hồ Gươm,Hoan Kiem Lake,224,224,9562a4ee2057d15958d5fc5b658cb0b8,12969
ho_guom_aug_00530.jpg,ho_guom,0,Hồ Gươm,Hoan Kiem Lake,224,224,87737a63077b49f14fe95e21bc3e9670,9576
ho_guom_aug_00531.jpg,ho_guom,0,Hồ Gươm,Hoan Kiem Lake,224,224,75cce70538fca14b5f33bd26d76bef99,36915
ho_guom_aug_00532.jpg,ho_guom,0,Hồ Gươm,Hoan Kiem Lake,224,224,a443a6ebd6f2f3439fc64efe82b04446,13342
ho_guom_aug_00533.jpg,ho_guom,0,Hồ Gươm,Hoan Kiem Lake,224,224,ba137f02e397d255aa84c31c213f3ad8,13680
ho_guom_aug_00534.jpg,ho_guom,0,Hồ Gươm,Hoan Kiem Lake,224,224,c077788100591424f7f77b214223dc4a,22821
ho_guom_aug_00535.jpg,ho_guom,0,Hồ Gươm,Hoan Kiem Lake,224,224,25f5f0118e7346c00472e719c6a371b1,16988
ho_guom_aug_00536.jpg,ho_guom,0,Hồ Gươm,Hoan Kiem Lake,224,224,b2024d35b431f1c87328e8328aedd05d,14301
ho_guom_aug_00537.jpg,ho_guom,0,Hồ Gươm,Hoan Kiem Lake,224,224,aa80fe98aea245a22b9dfdfa334760e2,27580
ho_guom_aug_00538.jpg,ho_guom,0,Hồ Gươm,Hoan Kiem Lake,224,224,e0d0cf16e511a8e3a3aa03f78eccfdca,29447
ho_guom_aug_00539.jpg,ho_guom,0,Hồ Gươm,Hoan Kiem Lake,224,224,0adc59bc836753297fccf2f7b4aba086,11357
ho_guom_aug_00540.jpg,ho_guom,0,Hồ Gươm,Hoan Kiem Lake,224,224,16d1a58cc74c5cca4757d6c7b8cf619b,29482
ho_guom_aug_00541.jpg,ho_guom,0,Hồ Gươm,Hoan Kiem Lake,224,224,e7b2f036652a9d03a5ab188ef27c3d49,37760
ho_guom_aug_00542.jpg,ho_guom,0,Hồ Gươm,Hoan Kiem Lake,224,224,77088d170277618bf43deb9354c3f451,29129
ho_guom_aug_00543.jpg,ho_guom,0,Hồ Gươm,Hoan Kiem Lake,224,224,2b5ed7ddb5fd4b223c51cf6bf6365ee9,24980
ho_guom_aug_00544.jpg,ho_guom,0,Hồ Gươm,Hoan Kiem Lake,224,224,97591a7dfb63259ad3dc1c1c9fbad547,14584
ho_guom_aug_00545.jpg,ho_guom,0,Hồ Gươm,Hoan Kiem Lake,224,224,8f965a56ef87877fd9b489bcc6038664,18753
ho_guom_aug_00546.jpg,ho_guom,0,Hồ Gươm,Hoan Kiem Lake,224,224,f5be99010ad24afe5c3c6caab7e9bee7,11198
ho_guom_aug_00547.jpg,ho_guom,0,Hồ Gươm,Hoan Kiem Lake,224,224,974d04821b8ff52b8606fe679781ffb4,17618
ho_guom_aug_00548.jpg,ho_guom,0,Hồ Gươm,Hoan Kiem Lake,224,224,ca9007417faeb8fee2dd6318ce34a5ac,33911
ho_guom_aug_00549.jpg,ho_guom,0,Hồ Gươm,Hoan Kiem Lake,224,224,2a46df8df68e3a2bda36a7fc24bd52e5,42870
ho_guom_aug_00550.jpg,ho_guom,0,Hồ Gươm,Hoan Kiem Lake,224,224,1b4117bdab0472d5fc6bbac8759049b2,37206
ho_guom_aug_00551.jpg,ho_guom,0,Hồ Gươm,Hoan Kiem Lake,224,224,7db52b8b006a43b3e1aae491b8c220d3,30501
ho_guom_aug_00552.jpg,ho_guom,0,Hồ Gươm,Hoan Kiem Lake,224,224,30a42e4e93a3208fb0babc03059e96b1,40274
ho_guom_aug_00553.jpg,ho_guom,0,Hồ Gươm,Hoan Kiem Lake,224,224,3849ac7112f0c6c00bfe31c9c9e37cde,18201
ho_guom_aug_00554.jpg,ho_guom,0,Hồ Gươm,Hoan Kiem Lake,224,224,ff1b7251b1eb6f8c2f96fbf24700ea30,19780
ho_guom_aug_00555.jpg,ho_guom,0,Hồ Gươm,Hoan Kiem Lake,224,224,826198042b1bf1359d968508cceb3c63,8101
ho_guom_aug_00556.jpg,ho_guom,0,Hồ Gươm,Hoan Kiem Lake,224,224,8f4b2f6e899a8374cfe8700a5ba389a4,20596
ho_guom_aug_00557.jpg,ho_guom,0,Hồ Gươm,Hoan Kiem Lake,224,224,c4edc97a843ad185bb272b22bb39bbd0,16919
ho_guom_aug_00558.jpg,ho_guom,0,Hồ Gươm,Hoan Kiem Lake,224,224,2b2d747f2699a0a19be2516012b00aea,33920
ho_guom_aug_00559.jpg,ho_guom,0,Hồ Gươm,Hoan Kiem Lake,224,224,705254e99fdd7cf717702085f9d86d34,28405
ho_guom_aug_00560.jpg,ho_guom,0,Hồ Gươm,Hoan Kiem Lake,224,224,16123f15ec2cc0e4defead6c24f403a5,37390
ho_guom_aug_00561.jpg,ho_guom,0,Hồ Gươm,Hoan Kiem Lake,224,224,52e100c1c88ebade9458faa12190d1e8,17184
ho_guom_aug_00562.jpg,ho_guom,0,Hồ Gươm,Hoan Kiem Lake,224,224,6a72e736606385cbc22de29a34451543,15401
ho_guom_aug_00563.jpg,ho_guom,0,Hồ Gươm,Hoan Kiem Lake,224,224,1fac35b45e5c8f8214d1748bc22f0173,18021
ho_guom_aug_00564.jpg,ho_guom,0,Hồ Gươm,Hoan Kiem Lake,224,224,07dddb0c189c6ba3a3238f73386a8fd4,13175
ho_guom_aug_00565.jpg,ho_guom,0,Hồ Gươm,Hoan Kiem Lake,224,224,a49147ff84469090803c3ffc3b53ba03,17595
ho_guom_aug_00566.jpg,ho_guom,0,Hồ Gươm,Hoan Kiem Lake,224,224,c16f301ee374c0e1ddfc32fdbae29dbc,15606
ho_guom_aug_00567.jpg,ho_guom,0,Hồ Gươm,Hoan Kiem Lake,224,224,c1095e4d2f14b1ae79ddab3e6cc9e2d0,14343
ho_guom_aug_00568.jpg,ho_guom,0,Hồ Gươm,Hoan Kiem Lake,224,224,2cc937fb325523bea29b01de45d2a9e2,24882
ho_guom_aug_00569.jpg,ho_guom,0,Hồ Gươm,Hoan Kiem Lake,224,224,9ad391d099a771d251f8d7a411481d35,12124
ho_guom_aug_00570.jpg,ho_guom,0,Hồ Gươm,Hoan Kiem Lake,224,224,b8d99b963416253520b019d8db8b8c17,37537
ho_guom_aug_00571.jpg,ho_guom,0,Hồ Gươm,Hoan Kiem Lake,224,224,6b2b7a2513177f241f179e342df77527,19065
ho_guom_aug_00572.jpg,ho_guom,0,Hồ Gươm,Hoan Kiem Lake,224,224,e9f5975062a78ac4bc7b8ddcf0030bb9,18216
ho_guom_aug_00573.jpg,ho_guom,0,Hồ Gươm,Hoan Kiem Lake,224,224,8b83c81e904591bc53f2592e9a04c66a,12240
ho_guom_aug_00574.jpg,ho_guom,0,Hồ Gươm,Hoan Kiem Lake,224,224,3057bbce015b4c9df8763c2d439c5061,13636
ho_guom_aug_00575.jpg,ho_guom,0,Hồ Gươm,Hoan Kiem Lake,224,224,f1b7fee61a965da0ea145cd10aa2b10e,23638
ho_guom_aug_00576.jpg,ho_guom,0,Hồ Gươm,Hoan Kiem Lake,224,224,c796d3a5402b27bc284f6dd8915ce2a7,20777
ho_guom_aug_00577.jpg,ho_guom,0,Hồ Gươm,Hoan Kiem Lake,224,224,dc3771fde10dfe99fc8f4d348593da1e,35388
ho_guom_aug_00578.jpg,ho_guom,0,Hồ Gươm,Hoan Kiem Lake,224,224,190d6c4a7e56e5387acdea25604b2b8f,15554
ho_guom_aug_00579.jpg,ho_guom,0,Hồ Gươm,Hoan Kiem Lake,224,224,739e11598c76341684924a7ab7b6bd60,16309
ho_guom_aug_00580.jpg,ho_guom,0,Hồ Gươm,Hoan Kiem Lake,224,224,38ea33fd35509e2ee32c049055d79b3f,33749
ho_guom_aug_00581.jpg,ho_guom,0,Hồ Gươm,Hoan Kiem Lake,224,224,bd132479895a8d171e472a94d435cd1a,16507
ho_guom_aug_00582.jpg,ho_guom,0,Hồ Gươm,Hoan Kiem Lake,224,224,c7a40e5f2bcc138148bb658508cb4861,16779
ho_guom_aug_00583.jpg,ho_guom,0,Hồ Gươm,Hoan Kiem Lake,224,224,9e35c0c1a9e8c3b8ad340292490c5ede,31490
ho_guom_aug_00584.jpg,ho_guom,0,Hồ Gươm,Hoan Kiem Lake,224,224,dc3ae31280be6d4ddedde83fd6410c44,28328
ho_guom_aug_00585.jpg,ho_guom,0,Hồ Gươm,Hoan Kiem Lake,224,224,3a7bab7cd664ce8ca1b69355e85314e5,20765
ho_guom_aug_00586.jpg,ho_guom,0,Hồ Gươm,Hoan Kiem Lake,224,224,a7adb8d212cf7ada6d55021c3b9544b4,13216
ho_guom_aug_00587.jpg,ho_guom,0,Hồ Gươm,Hoan Kiem Lake,224,224,a6650bbf42d7d453adcb2f06e31d34f0,34523
ho_guom_aug_00588.jpg,ho_guom,0,Hồ Gươm,Hoan Kiem Lake,224,224,02cf07373d4fa5e61583663170b96464,33484
ho_guom_aug_00589.jpg,ho_guom,0,Hồ Gươm,Hoan Kiem Lake,224,224,f50f07230527b18bd315126995906f10,25960
ho_guom_aug_00590.jpg,ho_guom,0,Hồ Gươm,Hoan Kiem Lake,224,224,dc80cdf5e09b0394efc711bc7b4df004,16110
ho_guom_aug_00591.jpg,ho_guom,0,Hồ Gươm,Hoan Kiem Lake,224,224,069848bf44f0f6692e4d731971da0436,30980
ho_guom_aug_00592.jpg,ho_guom,0,Hồ Gươm,Hoan Kiem Lake,224,224,992584fa7264dac2bc6fcb615a921ab5,25641
ho_guom_aug_00593.jpg,ho_guom,0,Hồ Gươm,Hoan Kiem Lake,224,224,12cdc1ea6704a861f8b74aa43d391111,18602
ho_guom_aug_00594.jpg,ho_guom,0,Hồ Gươm,Hoan Kiem Lake,224,224,c0d459987305a8f93c7b8875129ec2bf,10711
ho_guom_aug_00595.jpg,ho_guom,0,Hồ Gươm,Hoan Kiem Lake,224,224,97e5468d5a63c2302b70c1673b9a5909,14225
ho_guom_aug_00596.jpg,ho_guom,0,Hồ Gươm,Hoan Kiem Lake,224,224,7b4b39799dab1377412c8d8bb2cabb78,27421
ho_guom_aug_00597.jpg,ho_guom,0,Hồ Gươm,Hoan Kiem Lake,224,224,2bac4537456e9264b621278772dba065,26735
ho_guom_aug_00598.jpg,ho_guom,0,Hồ Gươm,Hoan Kiem Lake,224,224,9ff712e97211d117b3946e2d3ebee6e8,17913
ho_guom_aug_00599.jpg,ho_guom,0,Hồ Gươm,Hoan Kiem Lake,224,224,fc447f3b9eb235939a59e87ed2d955fb,19110
Đi tìm rùa hồ Gươm trong lịch sử _ Truyền thuyết hồ Hoàn Kiếm.jpg,ho_guom,0,Hồ Gươm,Hoan Kiem Lake,224,224,d8fe33d9f8591f3da461700f23886bdf,24497
Đất ở hồ Hoàn Kiếm quý hơn vàng vì có lớp trầm tích lịch sử.jpg,ho_guom,0,Hồ Gươm,Hoan Kiem Lake,224,224,06a3342d6966a161968a02f8775961f7,27450
"Đề xuất cải tạo Tháp Rùa, xây thêm biểu tượng đô thị ở Hà Nội - Báo và Phát  thanh, Truyền hình Bắc Ninh.jpg",ho_guom,0,Hồ Gươm,Hoan Kiem Lake,224,224,8f016927858ef0fe3c5fb451682649ac,38261
Đền Ngọc Sơn nằm trên đảo nào của hồ Hoàn Kiếm_ - Báo VnExpress Du lịch.jpg,ho_guom,0,Hồ Gươm,Hoan Kiem Lake,224,224,35629e881da8af279e5c67001afb2e31,33508
Ảnh quý về Hồ Hoàn Kiếm – Những đổi thay qua hơn nửa thế kỷ.jpg,ho_guom,0,Hồ Gươm,Hoan Kiem Lake,224,224,df63a1aef58df9bddd102bfa12b4c026,17334
Ảnh] Hồ Gươm mùa rực rỡ.jpg,ho_guom,0,Hồ Gươm,Hoan Kiem Lake,224,224,ed01d7802713be850b7568220492bdba,36354
"BMKTCN - ĐHXD - Chùa Một Cột, Ba Đình, Hà Nội-001.jpg",chua_mot_cot,1,Chùa Một Cột,One Pillar Pagoda,224,224,f6c939206fbd33a3eae2527f44564969,37682
"BMKTCN - ĐHXD - Chùa Một Cột, Ba Đình, Hà Nội.jpg",chua_mot_cot,1,Chùa Một Cột,One Pillar Pagoda,224,224,ef09794a438c1885985170df066c4c76,25433
Bạn có biết về nét kiến trúc độc đáo của chùa Một Cột ở Việt Nam_.jpg,chua_mot_cot,1,Chùa Một Cột,One Pillar Pagoda,224,224,01f2e81569f8135f4f3350190762caef,42869
Chùa 1000 năm tuổi ở Hà Nội có kiến trúc độc đáo nhận kỷ lục thế giới.jpg,chua_mot_cot,1,Chùa Một Cột,One Pillar Pagoda,224,224,0f1828c1fd4256ea1c493bca08341c1e,33573
"Chùa Một Cột (Hà Nội, Việt Nam) - Đánh giá - Tripadvisor.jpg",chua_mot_cot,1,Chùa Một Cột,One Pillar Pagoda,224,224,367d421737a70861cb5fd3881f752a5e,36433
Chùa Một Cột - Biểu tượng văn hóa ngàn năm của Hà Nội.jpg,chua_mot_cot,1,Chùa Một Cột,One Pillar Pagoda,224,224,91ec417623a36d9a0adc8df7c5f382b4,45003
Chùa Một Cột - Biểu tượng văn hóa nghìn năm lịch sử giữa lòng thủ đô Hà Nội.jpg,chua_mot_cot,1,Chùa Một Cột,One Pillar Pagoda,224,224,5ffdab38ce499ae39cb88aa8d4430a52,34904
"Chùa Một Cột - Biểu tượng văn hóa, kiến trúc độc đáo của Hà Nội –  DINGDANGVIETNAM-001.jpg",chua_mot_cot,1,Chùa Một Cột,One Pillar Pagoda,224,224,b719c0c827fe21cde4891f6efb88994d,30560
"Chùa Một Cột - Biểu tượng văn hóa, kiến trúc độc đáo của Hà Nội –  DINGDANGVIETNAM.jpg",chua_mot_cot,1,Chùa Một Cột,One Pillar Pagoda,224,224,9589c54ef4fe306f0a91a958c0254080,30521
Chùa Một Cột - Khám phá sự bình yên ở Hà Nội.jpg,chua_mot_cot,1,Chùa Một Cột,One Pillar Pagoda,224,224,d502e78f7c13e11ebca267c638bd21cd,35382
Chùa Một Cột - Kiến trúc cổ độc đáo _ Tạp chí điện tử Thế giới Di sản.jpg,chua_mot_cot,1,Chùa Một Cột,One Pillar Pagoda,224,224,b38b66bae97a0ddf8ef51aa035071d90,37621
Chùa Một Cột - Ngôi chùa biểu tượng cho văn hóa ngàn năm của Hà Nội.jpg,chua_mot_cot,1,Chùa Một Cột,One Pillar Pagoda,224,224,b73b892c2c93d7c27b760fdc03fb8c99,28654
Chùa Một Cột - Ngôi chùa có kiến trúc độc đáo nhất Châu Á-001.jpg,chua_mot_cot,1,Chùa Một Cột,One Pillar Pagoda,224,224,33fb8dc85bad7369091e4aaba951b823,35729
Chùa Một Cột - Ngôi chùa có kiến trúc độc đáo nhất Châu Á.jpg,chua_mot_cot,1,Chùa Một Cột,One Pillar Pagoda,224,224,c3d713272696f5d08eceb36a76aecc73,28336
"Chùa Một Cột - Thông tin cần biết, Khách Sạn, Giá vé, giờ mở cửa.jpg",chua_mot_cot,1,Chùa Một Cột,One Pillar Pagoda,224,224,803ac11ae4beb735ec7fe0e6d0e5a77a,37687
Chùa Một Cột - _Kiệt tác_ kiến trúc đầy ấn tượng ở Hà Nội.jpg,chua_mot_cot,1,Chùa Một Cột,One Pillar Pagoda,224,224,c07731032bf547ce3e38c0b75a7a2fcf,38866
Chùa Một Cột - biểu tượng văn hóa của Thủ đô Hà Nội-001.jpg,chua_mot_cot,1,Chùa Một Cột,One Pillar Pagoda,224,224,a3b06c47d546e66438c55151b84f4114,33078
Chùa Một Cột - biểu tượng văn hóa của Thủ đô Hà Nội.jpg,chua_mot_cot,1,Chùa Một Cột,One Pillar Pagoda,224,224,91160169327efe10b1dcacd236af788d,40215
Chùa Một Cột - bông sen nhỏ trong lòng Hà Nội.jpg,chua_mot_cot,1,Chùa Một Cột,One Pillar Pagoda,224,224,6168048b1c071614e3c71dc5a40881f6,35396
Chùa Một Cột Hà Nội - Du lịch Hà Nội.jpg,chua_mot_cot,1,Chùa Một Cột,One Pillar Pagoda,224,224,6c6643e900ad801f60138f35ec31eecc,31960
Chùa Một Cột Hà Nội - Kiến trúc độc đáo nằm giữa lòng thủ đô - iVIVU.com-001.jpg,chua_mot_cot,1,Chùa Một Cột,One Pillar Pagoda,224,224,22d6dd749aa9811ac3d7a6c05cfcdf29,29006
Chùa Một Cột Hà Nội - Kiến trúc độc đáo nằm giữa lòng thủ đô - iVIVU.com.jpg,chua_mot_cot,1,Chùa Một Cột,One Pillar Pagoda,224,224,966f6b53981273140a17bff7663345cd,42710
Chùa Một Cột Hà Nội có gì đặc biệt_ Khám phá từ A-Z-001.jpg,chua_mot_cot,1,Chùa Một Cột,One Pillar Pagoda,224,224,5065498987638cfe2e82d12252f8cb6e,37679
Chùa Một Cột Hà Nội có gì đặc biệt_ Khám phá từ A-Z.jpg,chua_mot_cot,1,Chùa Một Cột,One Pillar Pagoda,224,224,4e51f1938d4f6e52609d04f990b2aedd,33802
"Chùa Một Cột Hà Nội, Việt Nam-001.jpg",chua_mot_cot,1,Chùa Một Cột,One Pillar Pagoda,224,224,f4c1d8669815e158e9001e18a55d0b9e,38352
"Chùa Một Cột Hà Nội, Việt Nam.jpg",chua_mot_cot,1,Chùa Một Cột,One Pillar Pagoda,224,224,caa2bd24698672da556cfda1cbb4ca9c,38232
Chùa Một Cột Thủ Đức_ công trình kiến trúc Phật giáo độc đáo – VinWonders.jpg,chua_mot_cot,1,Chùa Một Cột,One Pillar Pagoda,224,224,f450882a89f4517dc49557af59556031,34739
Chùa Một Cột biểu tượng nghìn năm văn hiến giữa Thủ đô.jpg,chua_mot_cot,1,Chùa Một Cột,One Pillar Pagoda,224,224,75fade2a1990c59072816777985636c6,37544
Chùa Một Cột tại Hà Nội _ VnGuide.jpg,chua_mot_cot,1,Chùa Một Cột,One Pillar Pagoda,224,224,6159796c5e228d6675f383703719cf28,34613
Chùa Một Cột được trao kỷ lục châu Á.jpg,chua_mot_cot,1,Chùa Một Cột,One Pillar Pagoda,224,224,a35864fc298d13789383b35d297316a6,40180
Chùa Một Cột – Nét kiến trúc tuyệt vời tại Thủ đô Hà Nội (2022) - Mytour.jpg,chua_mot_cot,1,Chùa Một Cột,One Pillar Pagoda,224,224,6453a2d750fe477489b309057ff9cf08,35665
Chùa Một Cột – Wikipedia tiếng Việt.jpg,chua_mot_cot,1,Chùa Một Cột,One Pillar Pagoda,224,224,e765e8bc7f4c4aef8b39c9e8ff42cfc9,43926
Chùa Một Cột – dấu ấn văn hóa Phật giáo độc đáo đất Thăng Long _ Phật giáo  Việt Nam.jpg,chua_mot_cot,1,Chùa Một Cột,One Pillar Pagoda,224,224,0aa007bdb47bd606c904e6e0c53bfca2,39049
"Chùa Một Cột – điểm đến văn hóa, tâm linh nổi tiếng bậc nhất Thủ đô –  VinWonders-001.jpg",chua_mot_cot,1,Chùa Một Cột,One Pillar Pagoda,224,224,9d86a943b8e18052c0f6bdbb612f3f1f,33949
"Chùa Một Cột – điểm đến văn hóa, tâm linh nổi tiếng bậc nhất Thủ đô –  VinWonders.jpg",chua_mot_cot,1,Chùa Một Cột,One Pillar Pagoda,224,224,f51bdcb52aaa1b8fb0b4221943755d8a,41466
"Chùa Một Cột, Hà Nội _ Justfly.vn.jpg",chua_mot_cot,1,Chùa Một Cột,One Pillar Pagoda,224,224,90c5ab8f6a299eb9666467922456e01c,40163
Chùa Một Cột-Kiến trúc có một không hai của Việt Nam.jpg,chua_mot_cot,1,Chùa Một Cột,One Pillar Pagoda,224,224,50a80c12190379156d64c95f60a65a60,34731
Chùa Một Cột_ Biểu Tượng Kiến Trúc Độc Đáo Của Hà Nội.jpg,chua_mot_cot,1,Chùa Một Cột,One Pillar Pagoda,224,224,b7f6b428c69fa4913748f51460532f3b,35919
Chùa Một Cột_ Biểu tượng kiến trúc độc đáo của thủ đô Hà Nội - MOTOGO-002.jpg,chua_mot_cot,1,Chùa Một Cột,One Pillar Pagoda,224,224,1109e88fb200da6fa3ce545b06b40239,41197
Chùa Một Cột_ Biểu tượng kiến trúc độc đáo của thủ đô Hà Nội - MOTOGO.jpg,chua_mot_cot,1,Chùa Một Cột,One Pillar Pagoda,224,224,5245988194b35f6c64f4bbd155b6e3f1,31346
Chùa Một Cột_ Nét chấm phá tinh hoa kiến trúc giữa lòng Hà Nội.jpg,chua_mot_cot,1,Chùa Một Cột,One Pillar Pagoda,224,224,c9b0fa1ce86520e28ef7ca0b31fcfaaa,39390
Chùa Một Cột_ Ngôi chùa có kiến trúc độc đáo nhất tại Châu Á - Hội Di sản  Văn hóa Việt Nam.jpg,chua_mot_cot,1,Chùa Một Cột,One Pillar Pagoda,224,224,53dc6da0caf70114b0d22129ce2069e0,39039
Chùa Một Cột_ Ngôi chùa có kiến trúc độc đáo nhất tại Châu Á-001.jpg,chua_mot_cot,1,Chùa Một Cột,One Pillar Pagoda,224,224,146c824d486cc4577e733066f3b4f29b,24032
Chùa Một Cột_ Ngôi chùa có kiến trúc độc đáo nhất tại Châu Á.jpg,chua_mot_cot,1,Chùa Một Cột,One Pillar Pagoda,224,224,ba07ca0fd80964666cc490abcc7687c5,35988
Chùa Một Cột_ Tuyệt Tác Kiến Trúc Độc Đáo Giữa Lòng Hà Nội-001.jpg,chua_mot_cot,1,Chùa Một Cột,One Pillar Pagoda,224,224,095d8fc1d4defecb70fa1ddb92ac7e20,42844
Chùa Một Cột_ Tuyệt Tác Kiến Trúc Độc Đáo Giữa Lòng Hà Nội.jpg,chua_mot_cot,1,Chùa Một Cột,One Pillar Pagoda,224,224,6468a01c0cc43763e6bcbf48b6750e80,39763
"Chùa Một Cột_ Điểm đến văn hóa, tâm linh nổi tiếng bậc nhất thủ đô.jpg",chua_mot_cot,1,Chùa Một Cột,One Pillar Pagoda,224,224,d9bf438f69751b231fe2ad4f16e33b35,38529
Chùa Một cột - Biểu tượng hữu nghị Việt Nam và Thái Lan ở Khon Kaen _  baotintuc.vn.jpg,chua_mot_cot,1,Chùa Một Cột,One Pillar Pagoda,224,224,37c5c4020bc459b25214be5d1a4d5eb2,18194
Chùa Một cột _ Tạp chí điện tử Thế giới Di sản.jpg,chua_mot_cot,1,Chùa Một Cột,One Pillar Pagoda,224,224,14d77f32c456b39bacfcd550e85cadf8,42007
Có một ngôi chùa Một Cột giữa trời Nam.jpg,chua_mot_cot,1,Chùa Một Cột,One Pillar Pagoda,224,224,23a6c57a6e78da1a3833732c979990d6,30234
Du lịch Chùa Một Cột - Một trong những biểu tượng Hà Nội - BestPrice.jpg,chua_mot_cot,1,Chùa Một Cột,One Pillar Pagoda,224,224,3d473045bfbf52792586729aadad90f5,35372
Giới thiệu về chùa Một Cột _ Cổ tự gần nghìn năm tuổi của Thủ đô.jpg,chua_mot_cot,1,Chùa Một Cột,One Pillar Pagoda,224,224,7e544bddada6ab8c6d935c42dc3a56fe,38401
Góc ký họa_ Chùa Một Cột.jpg,chua_mot_cot,1,Chùa Một Cột,One Pillar Pagoda,224,224,8cb4b45c52d1778520debf191bb8058c,38368
Hướng Dẫn Tham Quan Chùa Một Cột Ở Hà Nội Tự Túc - Klook Blog.jpg,chua_mot_cot,1,Chùa Một Cột,One Pillar Pagoda,224,224,15802ad0fdc6dafb35f9fc6f0e4f1f5d,33371
Khám phá Chùa Một Cột - Ngôi chùa độc đáo nhất Châu Á _ Green SM.jpg,chua_mot_cot,1,Chùa Một Cột,One Pillar Pagoda,224,224,a2930e048d6cb6cd4d90fa1b69bf473f,36549
Lai lịch Chùa Một Cột ở Hà Nội.jpg,chua_mot_cot,1,Chùa Một Cột,One Pillar Pagoda,224,224,cc50fa5385347d6311c537f3ef246e4f,39013
One Pillar Pagoda - A thousand-year-old cultural symbol of Hanoi - YouTube.jpg,chua_mot_cot,1,Chùa Một Cột,One Pillar Pagoda,224,224,2e46157e9b24a60fdd73ac497b78b6d9,32926
"Review Chùa Một Cột Hà Nội_ Địa chỉ, giờ mở cửa, giá vé5_2026.jpg",chua_mot_cot,1,Chùa Một Cột,One Pillar Pagoda,224,224,c332ceb61f6ad1dc57cfbd0357df91f2,37812
Sưu tầm 325+ ảnh vẽ tranh chùa một cột đẹp và ấn tượng.jpg,chua_mot_cot,1,Chùa Một Cột,One Pillar Pagoda,224,224,dc0928498b3817873993939d9c9795b6,31035
"Tải Ngay 30 Mẫu Chùa Một Cột Vector File PNG, JPG Miễn Phí.jpg",chua_mot_cot,1,Chùa Một Cột,One Pillar Pagoda,224,224,a9e053d73948c9648efb56dc898f674f,31719
Tham quan Chùa Một Cột – Công trình chứa đựng niềm tự hào dân tộc-001.jpg,chua_mot_cot,1,Chùa Một Cột,One Pillar Pagoda,224,224,c86230dd054eb3d9b23260acde1a65ad,34088
Tham quan Chùa Một Cột – Công trình chứa đựng niềm tự hào dân tộc.jpg,chua_mot_cot,1,Chùa Một Cột,One Pillar Pagoda,224,224,75d522c45a0596a3161e5b7844d992dc,38867
"Thuyết minh về chùa Một Cột chọn lọc hay nhất, đạt điểm cao.jpg",chua_mot_cot,1,Chùa Một Cột,One Pillar Pagoda,224,224,c70378a77efd4b5f1b7aa2117249955f,36460
Tranh chùa một cột tranh sơn dầu chùa một cột quà tặng - Tranh sơn dầu đẹp Hà  Nội.jpg,chua_mot_cot,1,Chùa Một Cột,One Pillar Pagoda,224,224,0571730e917c8f797ce8860fbced16ff,38953
Tranh sứ Bát Tràng vẽ phong cảnh chùa một cột Hà Nội 135x88cm.jpg,chua_mot_cot,1,Chùa Một Cột,One Pillar Pagoda,224,224,91b9d2b9c250a44f82606d1c3b1a22b8,39548
Tranh đá quý chùa một cột hà nội - Tranh Đá Quý Bảo Sơn.jpg,chua_mot_cot,1,Chùa Một Cột,One Pillar Pagoda,224,224,66c3fff57c5c4c7ac0e907369b1c7f7a,38415
Viếng thăm Chùa Một Cột.jpg,chua_mot_cot,1,Chùa Một Cột,One Pillar Pagoda,224,224,3294a35133385b4fe588dfe3c84cfcb7,35371
chua_mot_cot_0000.jpg,chua_mot_cot,1,Chùa Một Cột,One Pillar Pagoda,224,224,3595db89ef95d5f44cac66d09a49880a,43183
chua_mot_cot_0002.jpg,chua_mot_cot,1,Chùa Một Cột,One Pillar Pagoda,224,224,9d63e1069be50279ffbc609a8924e93f,38863
chua_mot_cot_0004.jpg,chua_mot_cot,1,Chùa Một Cột,One Pillar Pagoda,224,224,29233f05176b89c76f83c13824b3affc,33484
chua_mot_cot_0005.jpg,chua_mot_cot,1,Chùa Một Cột,One Pillar Pagoda,224,224,55c4b4729061e6f19151fdb9d0ae7cb2,33301
chua_mot_cot_0006.jpg,chua_mot_cot,1,Chùa Một Cột,One Pillar Pagoda,224,224,8d4f6472d7cf8cd924117cfdaa443724,41440
chua_mot_cot_0012.jpg,chua_mot_cot,1,Chùa Một Cột,One Pillar Pagoda,224,224,5c70d91c9fcd39882a962cf15627bbd7,40497
chua_mot_cot_0016.jpg,chua_mot_cot,1,Chùa Một Cột,One Pillar Pagoda,224,224,e4beb8f2ee0caf75ad7862f1f87841fc,36433
chua_mot_cot_0018.jpg,chua_mot_cot,1,Chùa Một Cột,One Pillar Pagoda,224,224,980c5eda710265dc90f9b1e23816eaba,34554
chua_mot_cot_0020.jpg,chua_mot_cot,1,Chùa Một Cột,One Pillar Pagoda,224,224,7d40404676985a1c3963a36418392e7e,33561
chua_mot_cot_0021.jpg,chua_mot_cot,1,Chùa Một Cột,One Pillar Pagoda,224,224,e845565ef10131ad4c5eb47c06d386e0,41822
chua_mot_cot_0027.jpg,chua_mot_cot,1,Chùa Một Cột,One Pillar Pagoda,224,224,0013ea6bf2dd21d996ed7a0edc9eccb5,38361
chua_mot_cot_0030.jpg,chua_mot_cot,1,Chùa Một Cột,One Pillar Pagoda,224,224,34554cc4e156b5fa9477dd8497a94c51,39503
chua_mot_cot_0031.jpg,chua_mot_cot,1,Chùa Một Cột,One Pillar Pagoda,224,224,b7ffbf876267a139bec920ccf5db7bd9,30146
chua_mot_cot_0032.jpg,chua_mot_cot,1,Chùa Một Cột,One Pillar Pagoda,224,224,3ca10eba8d91b05abb3bd824d02bbfc5,36861
chua_mot_cot_0034.jpg,chua_mot_cot,1,Chùa Một Cột,One Pillar Pagoda,224,224,2c1d2859df802c27802704abed268a79,39142
chua_mot_cot_0035.jpg,chua_mot_cot,1,Chùa Một Cột,One Pillar Pagoda,224,224,2f1d5555e8465797fcba49d246c45da6,34103
chua_mot_cot_0036.jpg,chua_mot_cot,1,Chùa Một Cột,One Pillar Pagoda,224,224,1d46a9f6b2589e905402a9b259c0ad6f,32875
chua_mot_cot_0038.jpg,chua_mot_cot,1,Chùa Một Cột,One Pillar Pagoda,224,224,6f4cc5a6da510c72d7d9d4f201d2fcf3,28048
chua_mot_cot_0039.jpg,chua_mot_cot,1,Chùa Một Cột,One Pillar Pagoda,224,224,6cbadca6f042e0d374e53ee0cc4081cb,40962
chua_mot_cot_0040.jpg,chua_mot_cot,1,Chùa Một Cột,One Pillar Pagoda,224,224,93ba7cdc8fc019c10098f802870ff84f,36486
chua_mot_cot_0041.jpg,chua_mot_cot,1,Chùa Một Cột,One Pillar Pagoda,224,224,59b8a90b35a25517ecdadd8cb505bbd2,37418
chua_mot_cot_0043.jpg,chua_mot_cot,1,Chùa Một Cột,One Pillar Pagoda,224,224,1bda0c0cc664bc1f8e7c617d1f465822,39459
chua_mot_cot_0044.jpg,chua_mot_cot,1,Chùa Một Cột,One Pillar Pagoda,224,224,8955ed1ff5e9cefd8c573152fd6a962c,39636
chua_mot_cot_0045.jpg,chua_mot_cot,1,Chùa Một Cột,One Pillar Pagoda,224,224,29cacc393a0d9590b95b2e3c8a460d04,35067
chua_mot_cot_0046.jpg,chua_mot_cot,1,Chùa Một Cột,One Pillar Pagoda,224,224,0bb2170ab3e08d64c43f58cfabbf8aaf,39924
chua_mot_cot_0047.jpg,chua_mot_cot,1,Chùa Một Cột,One Pillar Pagoda,224,224,b6c299e3edbeb0f0fb0a4c2068d92716,34173
chua_mot_cot_0048.jpg,chua_mot_cot,1,Chùa Một Cột,One Pillar Pagoda,224,224,46adb6f4de6a53b274eb447594cc31f6,41554
chua_mot_cot_0049.jpg,chua_mot_cot,1,Chùa Một Cột,One Pillar Pagoda,224,224,82e580f1a76d9023b1487f89ec87eba3,33914
chua_mot_cot_0050.jpg,chua_mot_cot,1,Chùa Một Cột,One Pillar Pagoda,224,224,3ccce4145c497f9be81863070ef8b01f,39635
chua_mot_cot_0051.jpg,chua_mot_cot,1,Chùa Một Cột,One Pillar Pagoda,224,224,5b713b995a93860c3ff876394bb1f8e9,33237
chua_mot_cot_0052.jpg,chua_mot_cot,1,Chùa Một Cột,One Pillar Pagoda,224,224,88ee902c31a9ecdfe867bb081e9f8aee,39407
chua_mot_cot_0053.jpg,chua_mot_cot,1,Chùa Một Cột,One Pillar Pagoda,224,224,89b2a87d2f26f077a161eb672d061548,39154
chua_mot_cot_0054.jpg,chua_mot_cot,1,Chùa Một Cột,One Pillar Pagoda,224,224,84555166aff02ae649f2252e80265b22,33624
chua_mot_cot_0055.jpg,chua_mot_cot,1,Chùa Một Cột,One Pillar Pagoda,224,224,d0c785c87e42e07e4009c1a026f288c1,45803
chua_mot_cot_0056.jpg,chua_mot_cot,1,Chùa Một Cột,One Pillar Pagoda,224,224,5688c757af449926ef6a74362e3e31bb,40485
chua_mot_cot_0059.jpg,chua_mot_cot,1,Chùa Một Cột,One Pillar Pagoda,224,224,6dca90edf6a4e1ece30824d7208a2c54,44352
chua_mot_cot_0065.jpg,chua_mot_cot,1,Chùa Một Cột,One Pillar Pagoda,224,224,73b3fc9ef3cd0454c4f0771fc82c0dc5,32158
chua_mot_cot_0066.jpg,chua_mot_cot,1,Chùa Một Cột,One Pillar Pagoda,224,224,189008b1d17939be785af76ca27fd45f,33938
chua_mot_cot_0070.jpg,chua_mot_cot,1,Chùa Một Cột,One Pillar Pagoda,224,224,2047398d7f26faa11ca8a48da4e87327,40969
chua_mot_cot_0071.jpg,chua_mot_cot,1,Chùa Một Cột,One Pillar Pagoda,224,224,df03a4917f4a62da97b38a0aacd77956,35246
chua_mot_cot_0076.jpg,chua_mot_cot,1,Chùa Một Cột,One Pillar Pagoda,224,224,6f30b8fed4f80e45827dc0088547ecee,38522
chua_mot_cot_0077.jpg,chua_mot_cot,1,Chùa Một Cột,One Pillar Pagoda,224,224,51bde1dcc2c5496057507ad44fa13c3f,24946
chua_mot_cot_0079.jpg,chua_mot_cot,1,Chùa Một Cột,One Pillar Pagoda,224,224,6195b6fa22f5b247f0af873e7189d034,33667
chua_mot_cot_0081.jpg,chua_mot_cot,1,Chùa Một Cột,One Pillar Pagoda,224,224,4c8bf006597e2f41843d60b8c9378e49,28732
chua_mot_cot_0082.jpg,chua_mot_cot,1,Chùa Một Cột,One Pillar Pagoda,224,224,51672504c7ac22932a55710dd37dfdf5,39687
chua_mot_cot_0085.jpg,chua_mot_cot,1,Chùa Một Cột,One Pillar Pagoda,224,224,6dd76bc9d3028dac3c86ca2f12ebe64e,38933
chua_mot_cot_0086.jpg,chua_mot_cot,1,Chùa Một Cột,One Pillar Pagoda,224,224,8b1c7054e87f561a89d2cc16635cce55,30982
chua_mot_cot_0087.jpg,chua_mot_cot,1,Chùa Một Cột,One Pillar Pagoda,224,224,d7f16539a46afe105e2b55873f54503a,38042
chua_mot_cot_0088.jpg,chua_mot_cot,1,Chùa Một Cột,One Pillar Pagoda,224,224,68ada7f3afb40b392975a7aeb183084b,36461
chua_mot_cot_0089.jpg,chua_mot_cot,1,Chùa Một Cột,One Pillar Pagoda,224,224,dfc03d1ee14fbc0d3ac5a2d4c3b88b65,36269
chua_mot_cot_0092.jpg,chua_mot_cot,1,Chùa Một Cột,One Pillar Pagoda,224,224,2bc0dbbff25037bcd203541bf3d18797,35813
chua_mot_cot_0094.jpg,chua_mot_cot,1,Chùa Một Cột,One Pillar Pagoda,224,224,088e473669decd8bb51e8f911ddaa1f1,39870
chua_mot_cot_0159.jpg,chua_mot_cot,1,Chùa Một Cột,One Pillar Pagoda,224,224,234855bccc2a27c5249c13f1904ce396,32102
chua_mot_cot_aug_00120.jpg,chua_mot_cot,1,Chùa Một Cột,One Pillar Pagoda,224,224,ad643e7123d916c7c9de492b437c1d41,28355
chua_mot_cot_aug_00121.jpg,chua_mot_cot,1,Chùa Một Cột,One Pillar Pagoda,224,224,e5eb141ca677131fce47d3fb6fdd8369,18424
chua_mot_cot_aug_00122.jpg,chua_mot_cot,1,Chùa Một Cột,One Pillar Pagoda,224,224,b671d3a9ece640874ed455c4d375cbbc,38120
chua_mot_cot_aug_00123.jpg,chua_mot_cot,1,Chùa Một Cột,One Pillar Pagoda,224,224,b5dae66e3f2c0b4ffc450fcaae55f98d,19374
chua_mot_cot_aug_00124.jpg,chua_mot_cot,1,Chùa Một Cột,One Pillar Pagoda,224,224,b85900d42373a7c089c56d11de80a1b5,23062
chua_mot_cot_aug_00125.jpg,chua_mot_cot,1,Chùa Một Cột,One Pillar Pagoda,224,224,4bd56a18a3ce72d389e1fd0514d19a74,24186
chua_mot_cot_aug_00126.jpg,chua_mot_cot,1,Chùa Một Cột,One Pillar Pagoda,224,224,94e7011813c7df2cf34e1a8c417c80f1,34828
chua_mot_cot_aug_00127.jpg,chua_mot_cot,1,Chùa Một Cột,One Pillar Pagoda,224,224,9f1017311544377ce6104b3bce7941a6,37381
chua_mot_cot_aug_00128.jpg,chua_mot_cot,1,Chùa Một Cột,One Pillar Pagoda,224,224,c779807f780afc68f8b159d7263f9489,21294
chua_mot_cot_aug_00129.jpg,chua_mot_cot,1,Chùa Một Cột,One Pillar Pagoda,224,224,71cbe0233f804dcefd1a79419f2c8a63,22894
chua_mot_cot_aug_00130.jpg,chua_mot_cot,1,Chùa Một Cột,One Pillar Pagoda,224,224,b3b5d238a076c22c5362549a6f8a5fdb,20410
chua_mot_cot_aug_00131.jpg,chua_mot_cot,1,Chùa Một Cột,One Pillar Pagoda,224,224,2056929d73374ffeddf344544f48b886,22957
chua_mot_cot_aug_00132.jpg,chua_mot_cot,1,Chùa Một Cột,One Pillar Pagoda,224,224,8a60fd9bebce909189f644aa9f6e680a,24150
chua_mot_cot_aug_00133.jpg,chua_mot_cot,1,Chùa Một Cột,One Pillar Pagoda,224,224,2dc1a687f1de20875c845ab421017e09,21935
chua_mot_cot_aug_00134.jpg,chua_mot_cot,1,Chùa Một Cột,One Pillar Pagoda,224,224,53d3ee29b8628becbbad560b9798dc0c,29307
chua_mot_cot_aug_00135.jpg,chua_mot_cot,1,Chùa Một Cột,One Pillar Pagoda,224,224,6d44b3f466a9ee7cff984aedff88042b,38135
chua_mot_cot_aug_00136.jpg,chua_mot_cot,1,Chùa Một Cột,One Pillar Pagoda,224,224,87f6d3671f4495d2e4741f8c0c0ac9be,28017
chua_mot_cot_aug_00137.jpg,chua_mot_cot,1,Chùa Một Cột,One Pillar Pagoda,224,224,338196b2423cbb5edacdd15281eef152,31415
chua_mot_cot_aug_00138.jpg,chua_mot_cot,1,Chùa Một Cột,One Pillar Pagoda,224,224,1ad298390927c629592e7ef9ac488bdb,30461
chua_mot_cot_aug_00139.jpg,chua_mot_cot,1,Chùa Một Cột,One Pillar Pagoda,224,224,399d85f747f29432af348b0af8bee971,37939
chua_mot_cot_aug_00140.jpg,chua_mot_cot,1,Chùa Một Cột,One Pillar Pagoda,224,224,42b8faf3426da9b272343aaf9c938261,31060
chua_mot_cot_aug_00141.jpg,chua_mot_cot,1,Chùa Một Cột,One Pillar Pagoda,224,224,6803adf16df53d5a2915ab03e837942a,31370
chua_mot_cot_aug_00142.jpg,chua_mot_cot,1,Chùa Một Cột,One Pillar Pagoda,224,224,30720b5780c878afd5bf180f867fdff1,30021
chua_mot_cot_aug_00143.jpg,chua_mot_cot,1,Chùa Một Cột,One Pillar Pagoda,224,224,20c5b41d1a146ab9823521628b88a895,34133
chua_mot_cot_aug_00144.jpg,chua_mot_cot,1,Chùa Một Cột,One Pillar Pagoda,224,224,ab9d4c0cd6c81f65e6585ebd1d38f790,23273
chua_mot_cot_aug_00145.jpg,chua_mot_cot,1,Chùa Một Cột,One Pillar Pagoda,224,224,15ee911b5a284bfa8e5399ebc5faa65a,25601
chua_mot_cot_aug_00146.jpg,chua_mot_cot,1,Chùa Một Cột,One Pillar Pagoda,224,224,8a6d9941f4cb770430849b815d70b587,17356
chua_mot_cot_aug_00147.jpg,chua_mot_cot,1,Chùa Một Cột,One Pillar Pagoda,224,224,f6c679c1d3481166ebb827355c226715,29858
chua_mot_cot_aug_00148.jpg,chua_mot_cot,1,Chùa Một Cột,One Pillar Pagoda,224,224,b226152f947e36ccefd7dc3a0253e39a,22813
chua_mot_cot_aug_00149.jpg,chua_mot_cot,1,Chùa Một Cột,One Pillar Pagoda,224,224,87290def65ccef5ea0bee9821db73028,27574
chua_mot_cot_aug_00150.jpg,chua_mot_cot,1,Chùa Một Cột,One Pillar Pagoda,224,224,995fc869e2f5fdfcf6f5c2ba0b50e669,28006
chua_mot_cot_aug_00151.jpg,chua_mot_cot,1,Chùa Một Cột,One Pillar Pagoda,224,224,91e0d62ea6dc89959ddf7004063960aa,38806
chua_mot_cot_aug_00152.jpg,chua_mot_cot,1,Chùa Một Cột,One Pillar Pagoda,224,224,a9819c951730e8b29716a28a8b95cbbc,18478
chua_mot_cot_aug_00153.jpg,chua_mot_cot,1,Chùa Một Cột,One Pillar Pagoda,224,224,b1d870a612f523c189d11d9c70a3f0c2,27396
chua_mot_cot_aug_00154.jpg,chua_mot_cot,1,Chùa Một Cột,One Pillar Pagoda,224,224,b2935cc215ecda715a2a2fd5af378796,29643
chua_mot_cot_aug_00155.jpg,chua_mot_cot,1,Chùa Một Cột,One Pillar Pagoda,224,224,b8d1c9a344062b26030dc08e0c776c6c,42285
chua_mot_cot_aug_00156.jpg,chua_mot_cot,1,Chùa Một Cột,One Pillar Pagoda,224,224,6c3300080e61478f5ea8e1ce3e2f19f3,23838
chua_mot_cot_aug_00157.jpg,chua_mot_cot,1,Chùa Một Cột,One Pillar Pagoda,224,224,ae7007124c638887ccc9e7e426a48c95,32636
chua_mot_cot_aug_00158.jpg,chua_mot_cot,1,Chùa Một Cột,One Pillar Pagoda,224,224,f2c8f46c1afe3cfea68d23d6dbdd8ddb,35639
chua_mot_cot_aug_00159.jpg,chua_mot_cot,1,Chùa Một Cột,One Pillar Pagoda,224,224,4904f259b3790af77731bd5867733199,25848
chua_mot_cot_aug_00160.jpg,chua_mot_cot,1,Chùa Một Cột,One Pillar Pagoda,224,224,2ccabd5207d0fd6c2d01d19086ed4a65,37205
chua_mot_cot_aug_00161.jpg,chua_mot_cot,1,Chùa Một Cột,One Pillar Pagoda,224,224,6cd2eb212822abe29f6a7ddb643ec3eb,39469
chua_mot_cot_aug_00162.jpg,chua_mot_cot,1,Chùa Một Cột,One Pillar Pagoda,224,224,7ff400aafa8c9dc85e986550e708c0b6,19276
chua_mot_cot_aug_00163.jpg,chua_mot_cot,1,Chùa Một Cột,One Pillar Pagoda,224,224,9fac2f4f63f3a04b00cc13d7455cf7d1,33849
chua_mot_cot_aug_00164.jpg,chua_mot_cot,1,Chùa Một Cột,One Pillar Pagoda,224,224,5a1c605d446f0eaf0fab189c6de2b4cb,27191
chua_mot_cot_aug_00165.jpg,chua_mot_cot,1,Chùa Một Cột,One Pillar Pagoda,224,224,242ea9be8872c76de7cb4897022dc9d0,30129
chua_mot_cot_aug_00166.jpg,chua_mot_cot,1,Chùa Một Cột,One Pillar Pagoda,224,224,2f24769c4ca04b374d22548b28e94102,35004
chua_mot_cot_aug_00167.jpg,chua_mot_cot,1,Chùa Một Cột,One Pillar Pagoda,224,224,02d76de381fd35d663e6ba05a64e0f2e,32375
chua_mot_cot_aug_00168.jpg,chua_mot_cot,1,Chùa Một Cột,One Pillar Pagoda,224,224,7a2b59c6d92ed956f36931be71f74879,36901
chua_mot_cot_aug_00169.jpg,chua_mot_cot,1,Chùa Một Cột,One Pillar Pagoda,224,224,76a563417b248d5fb55bcddbb56efd27,20260
chua_mot_cot_aug_00170.jpg,chua_mot_cot,1,Chùa Một Cột,One Pillar Pagoda,224,224,5998230ab324490a6d5e54ba8a40065c,23124
chua_mot_cot_aug_00171.jpg,chua_mot_cot,1,Chùa Một Cột,One Pillar Pagoda,224,224,d102f404ff2fc5c4c38d012263c49d2c,21896
chua_mot_cot_aug_00172.jpg,chua_mot_cot,1,Chùa Một Cột,One Pillar Pagoda,224,224,05d9452569fa5108d790c1af9f7a98b5,16450
chua_mot_cot_aug_00173.jpg,chua_mot_cot,1,Chùa Một Cột,One Pillar Pagoda,224,224,923cc415f22cf68f420245e0c27b242f,38547
chua_mot_cot_aug_00174.jpg,chua_mot_cot,1,Chùa Một Cột,One Pillar Pagoda,224,224,b29b4fbfa3e3e2050d4769cd520aca38,23330
chua_mot_cot_aug_00175.jpg,chua_mot_cot,1,Chùa Một Cột,One Pillar Pagoda,224,224,b45c9fd586335e8aaf08e7773aec0b35,25469
chua_mot_cot_aug_00176.jpg,chua_mot_cot,1,Chùa Một Cột,One Pillar Pagoda,224,224,baa2a8271b8482ff62df92689964f619,18207
chua_mot_cot_aug_00177.jpg,chua_mot_cot,1,Chùa Một Cột,One Pillar Pagoda,224,224,9755c705fd925de748041e306db5090c,22995
chua_mot_cot_aug_00178.jpg,chua_mot_cot,1,Chùa Một Cột,One Pillar Pagoda,224,224,3048348d79b725e31edc915c83a38077,14276
chua_mot_cot_aug_00179.jpg,chua_mot_cot,1,Chùa Một Cột,One Pillar Pagoda,224,224,6d9d304e39970ac6be637dba073e4089,12507
chua_mot_cot_aug_00180.jpg,chua_mot_cot,1,Chùa Một Cột,One Pillar Pagoda,224,224,38a0d709bb3f29893fd3aacfb0037cab,19034
chua_mot_cot_aug_00181.jpg,chua_mot_cot,1,Chùa Một Cột,One Pillar Pagoda,224,224,a457a8d7c32c1e621fdbf42fab8a04e9,43145
chua_mot_cot_aug_00182.jpg,chua_mot_cot,1,Chùa Một Cột,One Pillar Pagoda,224,224,9f15afebdc37358ce15e4db6b45982b4,38302
chua_mot_cot_aug_00183.jpg,chua_mot_cot,1,Chùa Một Cột,One Pillar Pagoda,224,224,23ada68808ba9e42a3fbe5575f1ae1b4,31278
chua_mot_cot_aug_00184.jpg,chua_mot_cot,1,Chùa Một Cột,One Pillar Pagoda,224,224,6fbc9bf64be958a365fb10368d511920,39410
chua_mot_cot_aug_00185.jpg,chua_mot_cot,1,Chùa Một Cột,One Pillar Pagoda,224,224,d532e204f677e08bab6a72ad18d7a0e8,23564
chua_mot_cot_aug_00186.jpg,chua_mot_cot,1,Chùa Một Cột,One Pillar Pagoda,224,224,bdf10cd196f9b66687994c657f6e1c60,27501
chua_mot_cot_aug_00187.jpg,chua_mot_cot,1,Chùa Một Cột,One Pillar Pagoda,224,224,22694ef18a7905d573b2f6fecf2f74b3,29970
chua_mot_cot_aug_00188.jpg,chua_mot_cot,1,Chùa Một Cột,One Pillar Pagoda,224,224,77c6077e1de38a1a431fe5c5f2348249,31115
chua_mot_cot_aug_00189.jpg,chua_mot_cot,1,Chùa Một Cột,One Pillar Pagoda,224,224,7fffc8d1d6d43f0d9cdde2f0b5004cf1,17502
chua_mot_cot_aug_00190.jpg,chua_mot_cot,1,Chùa Một Cột,One Pillar Pagoda,224,224,9ebbd430f2b1eff3e8e4d532d29d92a1,38827
chua_mot_cot_aug_00191.jpg,chua_mot_cot,1,Chùa Một Cột,One Pillar Pagoda,224,224,bb65c9ea543734cdcb2ec8862535bdb0,23111
chua_mot_cot_aug_00192.jpg,chua_mot_cot,1,Chùa Một Cột,One Pillar Pagoda,224,224,2ab795c2ae329842fb9b22a92b4a99d4,22751
chua_mot_cot_aug_00193.jpg,chua_mot_cot,1,Chùa Một Cột,One Pillar Pagoda,224,224,d0be6f64e039ec4b60d32eb8d8507f2a,17765
chua_mot_cot_aug_00194.jpg,chua_mot_cot,1,Chùa Một Cột,One Pillar Pagoda,224,224,84f683d132a2223927ffa530a38f65f0,18135
chua_mot_cot_aug_00195.jpg,chua_mot_cot,1,Chùa Một Cột,One Pillar Pagoda,224,224,6043e95a154ebf0a30615ec9eeac180e,28936
chua_mot_cot_aug_00196.jpg,chua_mot_cot,1,Chùa Một Cột,One Pillar Pagoda,224,224,5c541f0b24db5d32df3d0edae4fadcf5,34385
chua_mot_cot_aug_00197.jpg,chua_mot_cot,1,Chùa Một Cột,One Pillar Pagoda,224,224,8cc396b5852e456d3bf7cac6f3989c06,31283
chua_mot_cot_aug_00198.jpg,chua_mot_cot,1,Chùa Một Cột,One Pillar Pagoda,224,224,86abcb550ad46c67079fbf128b2ef56f,27836
chua_mot_cot_aug_00199.jpg,chua_mot_cot,1,Chùa Một Cột,One Pillar Pagoda,224,224,09a5d3206c0c54aa7e0f8403cc1eb9e1,21657
chua_mot_cot_aug_00200.jpg,chua_mot_cot,1,Chùa Một Cột,One Pillar Pagoda,224,224,36d495d832819e13dc9073aa601440d1,38787
chua_mot_cot_aug_00201.jpg,chua_mot_cot,1,Chùa Một Cột,One Pillar Pagoda,224,224,a8f6e4fc868b04293e8fa090bf37f5f7,34283
chua_mot_cot_aug_00202.jpg,chua_mot_cot,1,Chùa Một Cột,One Pillar Pagoda,224,224,561a0ccc66023849b7cce234f18c0abc,24415
chua_mot_cot_aug_00203.jpg,chua_mot_cot,1,Chùa Một Cột,One Pillar Pagoda,224,224,75ab634dc2c8e858c92c391d5210f2bf,44609
chua_mot_cot_aug_00204.jpg,chua_mot_cot,1,Chùa Một Cột,One Pillar Pagoda,224,224,0b4616c49c3ca50dfd41173e6e44a988,22218
chua_mot_cot_aug_00205.jpg,chua_mot_cot,1,Chùa Một Cột,One Pillar Pagoda,224,224,d41db80e2fdcada3393b4661309b6441,24692
chua_mot_cot_aug_00206.jpg,chua_mot_cot,1,Chùa Một Cột,One Pillar Pagoda,224,224,e0640303bc473fe8d52d4818afc11bb4,29129
chua_mot_cot_aug_00207.jpg,chua_mot_cot,1,Chùa Một Cột,One Pillar Pagoda,224,224,8be95d19b31b8a96b23eb374d144cd72,23089
chua_mot_cot_aug_00208.jpg,chua_mot_cot,1,Chùa Một Cột,One Pillar Pagoda,224,224,3d068c9604e15906156808f120143373,34247
chua_mot_cot_aug_00209.jpg,chua_mot_cot,1,Chùa Một Cột,One Pillar Pagoda,224,224,8acee2880266c5ca357fc306421f391a,34101
chua_mot_cot_aug_00210.jpg,chua_mot_cot,1,Chùa Một Cột,One Pillar Pagoda,224,224,5d5f2ace494e66c632a41c3b7a927b50,20422
chua_mot_cot_aug_00211.jpg,chua_mot_cot,1,Chùa Một Cột,One Pillar Pagoda,224,224,e95284980f5e8f16c6f22f8a4a5cfc5b,27176
chua_mot_cot_aug_00212.jpg,chua_mot_cot,1,Chùa Một Cột,One Pillar Pagoda,224,224,92f159dc6396d8f6e7fff75a9f4690e8,34583
chua_mot_cot_aug_00213.jpg,chua_mot_cot,1,Chùa Một Cột,One Pillar Pagoda,224,224,b095e1d4480e26f62703b1f60e437b64,34483
chua_mot_cot_aug_00214.jpg,chua_mot_cot,1,Chùa Một Cột,One Pillar Pagoda,224,224,db7a3303fbc8574d143fb7de443cf220,17478
chua_mot_cot_aug_00215.jpg,chua_mot_cot,1,Chùa Một Cột,One Pillar Pagoda,224,224,ccf12193699f2fa42a4514c2d6a8c598,33791
chua_mot_cot_aug_00216.jpg,chua_mot_cot,1,Chùa Một Cột,One Pillar Pagoda,224,224,a6001395808a9e1760e16e0c985224c0,31131
chua_mot_cot_aug_00217.jpg,chua_mot_cot,1,Chùa Một Cột,One Pillar Pagoda,224,224,8fe20a239f0cf57a6557b40acd0dbacf,33209
chua_mot_cot_aug_00218.jpg,chua_mot_cot,1,Chùa Một Cột,One Pillar Pagoda,224,224,fc39721ec3a98461f81b20cf9ce6fdd5,26730
chua_mot_cot_aug_00219.jpg,chua_mot_cot,1,Chùa Một Cột,One Pillar Pagoda,224,224,332e3d5779b16f5a8f0474f57e71de33,23554
chua_mot_cot_aug_00220.jpg,chua_mot_cot,1,Chùa Một Cột,One Pillar Pagoda,224,224,19239a265db37b3725e6eadb4b1548e8,22772
chua_mot_cot_aug_00221.jpg,chua_mot_cot,1,Chùa Một Cột,One Pillar Pagoda,224,224,77ae231297e43748048da5468769c874,30852
chua_mot_cot_aug_00222.jpg,chua_mot_cot,1,Chùa Một Cột,One Pillar Pagoda,224,224,44f8e3b85b45264ff0db5eb7d728425f,38507
chua_mot_cot_aug_00223.jpg,chua_mot_cot,1,Chùa Một Cột,One Pillar Pagoda,224,224,80e57014d363ffd058a450cf0574031f,18617
chua_mot_cot_aug_00224.jpg,chua_mot_cot,1,Chùa Một Cột,One Pillar Pagoda,224,224,582e6d262eb11682d6b0489bb3781cf8,39683
chua_mot_cot_aug_00225.jpg,chua_mot_cot,1,Chùa Một Cột,One Pillar Pagoda,224,224,704d021f7c48f29a7be5d19eb5c82c79,37227
chua_mot_cot_aug_00226.jpg,chua_mot_cot,1,Chùa Một Cột,One Pillar Pagoda,224,224,2a9dc7664db39f4f01351d5a6c9ef8a8,25800
chua_mot_cot_aug_00227.jpg,chua_mot_cot,1,Chùa Một Cột,One Pillar Pagoda,224,224,4d129c093e5b3e169a1cfed8782e8837,31320
chua_mot_cot_aug_00228.jpg,chua_mot_cot,1,Chùa Một Cột,One Pillar Pagoda,224,224,acf7ab8b6af7bef4bcbc059f7138941e,24041
chua_mot_cot_aug_00229.jpg,chua_mot_cot,1,Chùa Một Cột,One Pillar Pagoda,224,224,e672677eaa83b0d6942be859e70834b6,19462
chua_mot_cot_aug_00230.jpg,chua_mot_cot,1,Chùa Một Cột,One Pillar Pagoda,224,224,20ce8b62165d36d32ac8d3e5830ed140,15857
chua_mot_cot_aug_00231.jpg,chua_mot_cot,1,Chùa Một Cột,One Pillar Pagoda,224,224,35833a98bbf916b6d5a5d8d87c821ab8,21561
chua_mot_cot_aug_00232.jpg,chua_mot_cot,1,Chùa Một Cột,One Pillar Pagoda,224,224,9d041f92f13e76d71752c0ca2d577684,30730
chua_mot_cot_aug_00233.jpg,chua_mot_cot,1,Chùa Một Cột,One Pillar Pagoda,224,224,feddfa71be8d52ca1539239f7439d109,24148
chua_mot_cot_aug_00234.jpg,chua_mot_cot,1,Chùa Một Cột,One Pillar Pagoda,224,224,9c0e58b217e076f70f9a54d3204a1f2d,46775
chua_mot_cot_aug_00235.jpg,chua_mot_cot,1,Chùa Một Cột,One Pillar Pagoda,224,224,e350df6075b4304999abe2aed49a5e3d,29648
chua_mot_cot_aug_00236.jpg,chua_mot_cot,1,Chùa Một Cột,One Pillar Pagoda,224,224,b08f534fa1a636d7936fb2555d1b9901,26867
chua_mot_cot_aug_00237.jpg,chua_mot_cot,1,Chùa Một Cột,One Pillar Pagoda,224,224,26c2f88b7ebc312871d862bb06ab7375,35177
chua_mot_cot_aug_00238.jpg,chua_mot_cot,1,Chùa Một Cột,One Pillar Pagoda,224,224,6dcbafac47b1f1590b7dd3e7cb808886,21970
chua_mot_cot_aug_00239.jpg,chua_mot_cot,1,Chùa Một Cột,One Pillar Pagoda,224,224,a8c7bb1f15f4de6924738cc0c1cf5cda,21973
chua_mot_cot_aug_00240.jpg,chua_mot_cot,1,Chùa Một Cột,One Pillar Pagoda,224,224,061cf15e6618c99242cc722ce113a832,20009
chua_mot_cot_aug_00241.jpg,chua_mot_cot,1,Chùa Một Cột,One Pillar Pagoda,224,224,dcf59eafb6d576b1ce8ad2c2f46dc0f6,21477
chua_mot_cot_aug_00242.jpg,chua_mot_cot,1,Chùa Một Cột,One Pillar Pagoda,224,224,6764cd0ebe294aa2207fe85b0efdc0d5,41135
chua_mot_cot_aug_00243.jpg,chua_mot_cot,1,Chùa Một Cột,One Pillar Pagoda,224,224,5c9c203d8cae6a90efdc2a31404f3735,20639
chua_mot_cot_aug_00244.jpg,chua_mot_cot,1,Chùa Một Cột,One Pillar Pagoda,224,224,adaec9187de352f2113257992c877929,29887
chua_mot_cot_aug_00245.jpg,chua_mot_cot,1,Chùa Một Cột,One Pillar Pagoda,224,224,ddaf741f6445e63e66e63416c4daf6cf,38343
chua_mot_cot_aug_00246.jpg,chua_mot_cot,1,Chùa Một Cột,One Pillar Pagoda,224,224,9737b30f28047c9fec0754e61affe1d0,33070
chua_mot_cot_aug_00247.jpg,chua_mot_cot,1,Chùa Một Cột,One Pillar Pagoda,224,224,66e57c9c93ea40fa4463cdcdeb3ac2e1,33053
chua_mot_cot_aug_00248.jpg,chua_mot_cot,1,Chùa Một Cột,One Pillar Pagoda,224,224,2b51b41a8f7e56794cdefd7b598a6832,24305
chua_mot_cot_aug_00249.jpg,chua_mot_cot,1,Chùa Một Cột,One Pillar Pagoda,224,224,1c85baabc543389114843968a2d0018f,25705
chua_mot_cot_aug_00250.jpg,chua_mot_cot,1,Chùa Một Cột,One Pillar Pagoda,224,224,6e00c44dc0a26f2121a36106b71cdad2,42741
chua_mot_cot_aug_00251.jpg,chua_mot_cot,1,Chùa Một Cột,One Pillar Pagoda,224,224,39f463a9abda2a20d6dffbc5cf073853,15334
chua_mot_cot_aug_00252.jpg,chua_mot_cot,1,Chùa Một Cột,One Pillar Pagoda,224,224,f09313dcfaf04e43fab44b7fd3d96448,36026
chua_mot_cot_aug_00253.jpg,chua_mot_cot,1,Chùa Một Cột,One Pillar Pagoda,224,224,7bc9a454cdf45050575748aa07a19cf3,24492
chua_mot_cot_aug_00254.jpg,chua_mot_cot,1,Chùa Một Cột,One Pillar Pagoda,224,224,0eddb599e4f76c282c1f6216bdf422b6,33298
chua_mot_cot_aug_00255.jpg,chua_mot_cot,1,Chùa Một Cột,One Pillar Pagoda,224,224,7c6a626ebb586f311ce625ee7e903489,19267
chua_mot_cot_aug_00256.jpg,chua_mot_cot,1,Chùa Một Cột,One Pillar Pagoda,224,224,23a6c588b2877850b84e10d14a10cc02,14818
chua_mot_cot_aug_00257.jpg,chua_mot_cot,1,Chùa Một Cột,One Pillar Pagoda,224,224,5b2a4bb35c93075a99d93a0e3b3c9370,44480
chua_mot_cot_aug_00258.jpg,chua_mot_cot,1,Chùa Một Cột,One Pillar Pagoda,224,224,66a3e063c5a5c5aec8f18674418f1220,26024
chua_mot_cot_aug_00259.jpg,chua_mot_cot,1,Chùa Một Cột,One Pillar Pagoda,224,224,947b2d78b36de3bae42cb57a926e1d22,26834
chua_mot_cot_aug_00260.jpg,chua_mot_cot,1,Chùa Một Cột,One Pillar Pagoda,224,224,d56f1a03d04a4e2b5aabf7de898d98c0,27700
chua_mot_cot_aug_00261.jpg,chua_mot_cot,1,Chùa Một Cột,One Pillar Pagoda,224,224,f5b042b49f1536bb13d0768a41fddabe,34228
chua_mot_cot_aug_00262.jpg,chua_mot_cot,1,Chùa Một Cột,One Pillar Pagoda,224,224,df86c552d85fc00f116596ab09b834c1,24178
chua_mot_cot_aug_00263.jpg,chua_mot_cot,1,Chùa Một Cột,One Pillar Pagoda,224,224,ecd3f18644f660bf8b5bf23d0728056f,29880
chua_mot_cot_aug_00264.jpg,chua_mot_cot,1,Chùa Một Cột,One Pillar Pagoda,224,224,865b17f0f3a19b3269973d3152b5433d,34643
chua_mot_cot_aug_00265.jpg,chua_mot_cot,1,Chùa Một Cột,One Pillar Pagoda,224,224,8925f739dc2a29116dd3e5bed91dbe19,30599
chua_mot_cot_aug_00266.jpg,chua_mot_cot,1,Chùa Một Cột,One Pillar Pagoda,224,224,7885bb5392de592da3aacc2d410efed2,28635
chua_mot_cot_aug_00267.jpg,chua_mot_cot,1,Chùa Một Cột,One Pillar Pagoda,224,224,1be15318e368d8da92dc024b368b774c,19212
chua_mot_cot_aug_00268.jpg,chua_mot_cot,1,Chùa Một Cột,One Pillar Pagoda,224,224,8eb2a537c9a7fdb393be6da25f016ed5,20077
chua_mot_cot_aug_00269.jpg,chua_mot_cot,1,Chùa Một Cột,One Pillar Pagoda,224,224,09f4933c34deca99faec4d5ab0ebdc15,21745
chua_mot_cot_aug_00270.jpg,chua_mot_cot,1,Chùa Một Cột,One Pillar Pagoda,224,224,e43ecb3f75abdb22d9c684b7cb77f148,21539
chua_mot_cot_aug_00271.jpg,chua_mot_cot,1,Chùa Một Cột,One Pillar Pagoda,224,224,a7db3dd15474c78b68b87d497dd0d6c0,37388
chua_mot_cot_aug_00272.jpg,chua_mot_cot,1,Chùa Một Cột,One Pillar Pagoda,224,224,ad1c6a2c5acd195b387edf8731db8540,19554
chua_mot_cot_aug_00273.jpg,chua_mot_cot,1,Chùa Một Cột,One Pillar Pagoda,224,224,dab62c0545a78a49f1d49029c126d4c0,26501
chua_mot_cot_aug_00274.jpg,chua_mot_cot,1,Chùa Một Cột,One Pillar Pagoda,224,224,1f113144b8c9e4ff78abd4b5ccb071b5,20543
chua_mot_cot_aug_00275.jpg,chua_mot_cot,1,Chùa Một Cột,One Pillar Pagoda,224,224,a881c6ddceff63d660986f2948169f03,37042
chua_mot_cot_aug_00276.jpg,chua_mot_cot,1,Chùa Một Cột,One Pillar Pagoda,224,224,1a80d964391241fa470d12a34f60dcd0,31793
chua_mot_cot_aug_00277.jpg,chua_mot_cot,1,Chùa Một Cột,One Pillar Pagoda,224,224,93945ead4cef6bbd6ccce6a8c19d56f9,33085
chua_mot_cot_aug_00278.jpg,chua_mot_cot,1,Chùa Một Cột,One Pillar Pagoda,224,224,c23abc1704c3a5d97d4972dbb5da0b71,28937
chua_mot_cot_aug_00279.jpg,chua_mot_cot,1,Chùa Một Cột,One Pillar Pagoda,224,224,fae02b6052fe39bcfb4a9264d2cde479,22799
chua_mot_cot_aug_00280.jpg,chua_mot_cot,1,Chùa Một Cột,One Pillar Pagoda,224,224,01afacf632939a0ab5ff2bdd48fd6c72,34958
chua_mot_cot_aug_00281.jpg,chua_mot_cot,1,Chùa Một Cột,One Pillar Pagoda,224,224,a873a355c50776259147439e7f7befcf,39470
chua_mot_cot_aug_00282.jpg,chua_mot_cot,1,Chùa Một Cột,One Pillar Pagoda,224,224,aee4a4ade1cb20e93db44dfd6d9c6339,37194
chua_mot_cot_aug_00283.jpg,chua_mot_cot,1,Chùa Một Cột,One Pillar Pagoda,224,224,6534fda9a2a6ae5140576d6d918bf9a9,31276
chua_mot_cot_aug_00284.jpg,chua_mot_cot,1,Chùa Một Cột,One Pillar Pagoda,224,224,6e415999ec5ff20294df28ebbe9e14b0,32299
chua_mot_cot_aug_00285.jpg,chua_mot_cot,1,Chùa Một Cột,One Pillar Pagoda,224,224,2cf18251546a52154ede626de309539f,30065
chua_mot_cot_aug_00286.jpg,chua_mot_cot,1,Chùa Một Cột,One Pillar Pagoda,224,224,408805e5a38f9799f8050986c7288464,25107
chua_mot_cot_aug_00287.jpg,chua_mot_cot,1,Chùa Một Cột,One Pillar Pagoda,224,224,b032eac5f868b81a888a18ed0278aaf3,10073
chua_mot_cot_aug_00288.jpg,chua_mot_cot,1,Chùa Một Cột,One Pillar Pagoda,224,224,67959cc6562da71422fe850818e30d3b,41972
chua_mot_cot_aug_00289.jpg,chua_mot_cot,1,Chùa Một Cột,One Pillar Pagoda,224,224,1729281bb2016d950b6df6fb33eee352,20790
chua_mot_cot_aug_00290.jpg,chua_mot_cot,1,Chùa Một Cột,One Pillar Pagoda,224,224,c7f429209cae59d07d850e48e6cceb67,30227
chua_mot_cot_aug_00291.jpg,chua_mot_cot,1,Chùa Một Cột,One Pillar Pagoda,224,224,eb8c28e11df7d23483059143c329282e,35638
chua_mot_cot_aug_00292.jpg,chua_mot_cot,1,Chùa Một Cột,One Pillar Pagoda,224,224,8dadd13c67ed32bb83e63863218601e9,18847
chua_mot_cot_aug_00293.jpg,chua_mot_cot,1,Chùa Một Cột,One Pillar Pagoda,224,224,5db416840bce10bda3805f0ffb723ea0,38757
chua_mot_cot_aug_00294.jpg,chua_mot_cot,1,Chùa Một Cột,One Pillar Pagoda,224,224,9ddcfcfd6e7ff20afaeb9e12de1ff4d2,27836
chua_mot_cot_aug_00295.jpg,chua_mot_cot,1,Chùa Một Cột,One Pillar Pagoda,224,224,092e9b3004a1412fb6bb2825bf21cd6d,32532
chua_mot_cot_aug_00296.jpg,chua_mot_cot,1,Chùa Một Cột,One Pillar Pagoda,224,224,c77f74748f29fdf9b4fdaa285975f06e,36477
chua_mot_cot_aug_00297.jpg,chua_mot_cot,1,Chùa Một Cột,One Pillar Pagoda,224,224,49b7f39214a2fdf9306ba4c740f1293a,36576
chua_mot_cot_aug_00298.jpg,chua_mot_cot,1,Chùa Một Cột,One Pillar Pagoda,224,224,8deaba7942f349f311395e74aac3f8cc,23037
chua_mot_cot_aug_00299.jpg,chua_mot_cot,1,Chùa Một Cột,One Pillar Pagoda,224,224,d31b822ee1bd3f0843baa67d8404f44d,25959
chua_mot_cot_aug_00300.jpg,chua_mot_cot,1,Chùa Một Cột,One Pillar Pagoda,224,224,c0bd095669fc3ea751c22d26c5ac3f41,17224
chua_mot_cot_aug_00301.jpg,chua_mot_cot,1,Chùa Một Cột,One Pillar Pagoda,224,224,4de9c8c4a6d490f2b49054ae93600bdb,34178
chua_mot_cot_aug_00302.jpg,chua_mot_cot,1,Chùa Một Cột,One Pillar Pagoda,224,224,1f4b4ddcdda0c05e18abd09220f285e7,26455
chua_mot_cot_aug_00303.jpg,chua_mot_cot,1,Chùa Một Cột,One Pillar Pagoda,224,224,6318ff31a3c0b711658bafd912790ed5,22258
chua_mot_cot_aug_00304.jpg,chua_mot_cot,1,Chùa Một Cột,One Pillar Pagoda,224,224,1c4428fac1551574656648628c49ca46,26699
chua_mot_cot_aug_00305.jpg,chua_mot_cot,1,Chùa Một Cột,One Pillar Pagoda,224,224,cecd7dfd6f5603585f4be758700468ca,21178
chua_mot_cot_aug_00306.jpg,chua_mot_cot,1,Chùa Một Cột,One Pillar Pagoda,224,224,bec24422bde18b4f923a95e99456c537,18805
chua_mot_cot_aug_00307.jpg,chua_mot_cot,1,Chùa Một Cột,One Pillar Pagoda,224,224,d88b97281673285640654898b475301a,31059
chua_mot_cot_aug_00308.jpg,chua_mot_cot,1,Chùa Một Cột,One Pillar Pagoda,224,224,431fc435eba022e26ca332de3834601a,24872
chua_mot_cot_aug_00309.jpg,chua_mot_cot,1,Chùa Một Cột,One Pillar Pagoda,224,224,bf658ff9586ff66dd92437bae375c7df,40717
chua_mot_cot_aug_00310.jpg,chua_mot_cot,1,Chùa Một Cột,One Pillar Pagoda,224,224,45c298f8a83a7edcb2e75701a003a10f,35847
chua_mot_cot_aug_00311.jpg,chua_mot_cot,1,Chùa Một Cột,One Pillar Pagoda,224,224,43fbcbdbddcd2efe096866f099d3fca9,37424
chua_mot_cot_aug_00312.jpg,chua_mot_cot,1,Chùa Một Cột,One Pillar Pagoda,224,224,85ae2d2d2874f760ebbc974b9d384471,42495
chua_mot_cot_aug_00313.jpg,chua_mot_cot,1,Chùa Một Cột,One Pillar Pagoda,224,224,1333a79299d76f0d9f6ec89342b0cc68,30629
chua_mot_cot_aug_00314.jpg,chua_mot_cot,1,Chùa Một Cột,One Pillar Pagoda,224,224,0dafe17ebb8a726f901b7eee596aaffb,29138
chua_mot_cot_aug_00315.jpg,chua_mot_cot,1,Chùa Một Cột,One Pillar Pagoda,224,224,01075bcee17a3ce3e862c9a0b26ca525,21825
chua_mot_cot_aug_00316.jpg,chua_mot_cot,1,Chùa Một Cột,One Pillar Pagoda,224,224,795cd975533b64b737cc090ca52f8a07,32413
chua_mot_cot_aug_00317.jpg,chua_mot_cot,1,Chùa Một Cột,One Pillar Pagoda,224,224,999fb0e6a366960cab18c709314e3f93,24202
chua_mot_cot_aug_00318.jpg,chua_mot_cot,1,Chùa Một Cột,One Pillar Pagoda,224,224,af53980682d375c95f235400582ed8c5,37542
chua_mot_cot_aug_00319.jpg,chua_mot_cot,1,Chùa Một Cột,One Pillar Pagoda,224,224,9c2e97266ebd28b1f20b3c246ff1ea69,40054
chua_mot_cot_aug_00320.jpg,chua_mot_cot,1,Chùa Một Cột,One Pillar Pagoda,224,224,dedb08cf40266c6ca7676f9b38be73fc,31829
chua_mot_cot_aug_00321.jpg,chua_mot_cot,1,Chùa Một Cột,One Pillar Pagoda,224,224,159edf5b9ea7f0fc0e291c1852fe05da,34897
chua_mot_cot_aug_00322.jpg,chua_mot_cot,1,Chùa Một Cột,One Pillar Pagoda,224,224,43dd4b9a659766390e67b8cf4c5f83a3,40332
chua_mot_cot_aug_00323.jpg,chua_mot_cot,1,Chùa Một Cột,One Pillar Pagoda,224,224,b3406342e30ccd44303f5520aca15da7,34205
chua_mot_cot_aug_00324.jpg,chua_mot_cot,1,Chùa Một Cột,One Pillar Pagoda,224,224,b0c77242927ed61fb4b2ee533d0cd652,20846
chua_mot_cot_aug_00325.jpg,chua_mot_cot,1,Chùa Một Cột,One Pillar Pagoda,224,224,a42128f9e6a8e4a82c116f0bacfd07e5,20738
chua_mot_cot_aug_00326.jpg,chua_mot_cot,1,Chùa Một Cột,One Pillar Pagoda,224,224,9de3b33ca2d88b86af4f4048f8fd2654,29314
chua_mot_cot_aug_00327.jpg,chua_mot_cot,1,Chùa Một Cột,One Pillar Pagoda,224,224,ca24ebefd5e2a9deb9615dbe77ba9bda,19767
chua_mot_cot_aug_00328.jpg,chua_mot_cot,1,Chùa Một Cột,One Pillar Pagoda,224,224,6f896592bc144985b961e2b63a809c22,26306
chua_mot_cot_aug_00329.jpg,chua_mot_cot,1,Chùa Một Cột,One Pillar Pagoda,224,224,37148e6ada1451f3ec378da3ec4f2a53,20197
chua_mot_cot_aug_00330.jpg,chua_mot_cot,1,Chùa Một Cột,One Pillar Pagoda,224,224,ca6524b7b621c2b271bf68832f421f5f,32084
chua_mot_cot_aug_00331.jpg,chua_mot_cot,1,Chùa Một Cột,One Pillar Pagoda,224,224,187906b21238428fedc56d76b3150421,32442
chua_mot_cot_aug_00332.jpg,chua_mot_cot,1,Chùa Một Cột,One Pillar Pagoda,224,224,3c349c7b5855f5b0ff781c50b4fb4fed,37073
chua_mot_cot_aug_00333.jpg,chua_mot_cot,1,Chùa Một Cột,One Pillar Pagoda,224,224,3abf4c445b9e0a7e19e9485e8b165122,31066
chua_mot_cot_aug_00334.jpg,chua_mot_cot,1,Chùa Một Cột,One Pillar Pagoda,224,224,87978a88cf3b7ad30a0f8cfe7ca4fb24,32644
chua_mot_cot_aug_00335.jpg,chua_mot_cot,1,Chùa Một Cột,One Pillar Pagoda,224,224,180932920f9a0c3aef26f644c43954a4,40259
chua_mot_cot_aug_00336.jpg,chua_mot_cot,1,Chùa Một Cột,One Pillar Pagoda,224,224,95e2c97a7ec732c9dfe6d52ae7b4278b,16829
chua_mot_cot_aug_00337.jpg,chua_mot_cot,1,Chùa Một Cột,One Pillar Pagoda,224,224,46383c34dadcec587d6aaebaf8dbe5b1,33611
chua_mot_cot_aug_00338.jpg,chua_mot_cot,1,Chùa Một Cột,One Pillar Pagoda,224,224,4fd2f6358ba3a7ebd2b63ffd33f0d24a,21998
chua_mot_cot_aug_00339.jpg,chua_mot_cot,1,Chùa Một Cột,One Pillar Pagoda,224,224,7ec353bfdf85575e00be4ef74188ea38,24510
chua_mot_cot_aug_00340.jpg,chua_mot_cot,1,Chùa Một Cột,One Pillar Pagoda,224,224,35c50c843375899f4b8c73fae04e7570,47635
chua_mot_cot_aug_00341.jpg,chua_mot_cot,1,Chùa Một Cột,One Pillar Pagoda,224,224,d8cf70c37c5a7413d2d7d0d28c7127eb,35102
chua_mot_cot_aug_00342.jpg,chua_mot_cot,1,Chùa Một Cột,One Pillar Pagoda,224,224,f0126f5c96674e58113a2a9948bc7c90,42755
chua_mot_cot_aug_00343.jpg,chua_mot_cot,1,Chùa Một Cột,One Pillar Pagoda,224,224,867430c43b0615d4190578571501818b,24744
chua_mot_cot_aug_00344.jpg,chua_mot_cot,1,Chùa Một Cột,One Pillar Pagoda,224,224,549ad8e808620f2458a5e07ca5f7a7bb,26854
chua_mot_cot_aug_00345.jpg,chua_mot_cot,1,Chùa Một Cột,One Pillar Pagoda,224,224,eaab3a93fc8b24dffb49947e065c6a76,20595
chua_mot_cot_aug_00346.jpg,chua_mot_cot,1,Chùa Một Cột,One Pillar Pagoda,224,224,324ddbfff26bd2328f802b012c4e9d73,24560
chua_mot_cot_aug_00347.jpg,chua_mot_cot,1,Chùa Một Cột,One Pillar Pagoda,224,224,3806b9ca088ef9bc696b2ed53e8ecb4f,34136
chua_mot_cot_aug_00348.jpg,chua_mot_cot,1,Chùa Một Cột,One Pillar Pagoda,224,224,ea362f9093535d475f745f25b254de75,23666
chua_mot_cot_aug_00349.jpg,chua_mot_cot,1,Chùa Một Cột,One Pillar Pagoda,224,224,49d6d72d0dc80b8dde6fc1f862193f2d,26620
chua_mot_cot_aug_00350.jpg,chua_mot_cot,1,Chùa Một Cột,One Pillar Pagoda,224,224,fe6cdac188fedc39d0ceeedf628dec33,29029
chua_mot_cot_aug_00351.jpg,chua_mot_cot,1,Chùa Một Cột,One Pillar Pagoda,224,224,5c257131f4ba771d16eebbe407418f1b,23160
chua_mot_cot_aug_00352.jpg,chua_mot_cot,1,Chùa Một Cột,One Pillar Pagoda,224,224,1e7bac66a4de4032024291dc871cc652,26955
chua_mot_cot_aug_00353.jpg,chua_mot_cot,1,Chùa Một Cột,One Pillar Pagoda,224,224,56606f6f2198729bdbc74e6c726e0e5f,29757
chua_mot_cot_aug_00354.jpg,chua_mot_cot,1,Chùa Một Cột,One Pillar Pagoda,224,224,eb4f8bcb9425f2182989df6888aba9c2,18894
chua_mot_cot_aug_00355.jpg,chua_mot_cot,1,Chùa Một Cột,One Pillar Pagoda,224,224,1430696a83229ac0fe7d3088812461a7,39608
chua_mot_cot_aug_00356.jpg,chua_mot_cot,1,Chùa Một Cột,One Pillar Pagoda,224,224,e3db508be93c005e830a548928ede437,36100
chua_mot_cot_aug_00357.jpg,chua_mot_cot,1,Chùa Một Cột,One Pillar Pagoda,224,224,186101bba9fe4375eeb28483a34f6d1f,34985
chua_mot_cot_aug_00358.jpg,chua_mot_cot,1,Chùa Một Cột,One Pillar Pagoda,224,224,e750ad9a99b9163464935dc11b1d6ad8,36566
chua_mot_cot_aug_00359.jpg,chua_mot_cot,1,Chùa Một Cột,One Pillar Pagoda,224,224,3b0c5f68eb321263f3dfc0f42d7a8d3d,22312
chua_mot_cot_aug_00360.jpg,chua_mot_cot,1,Chùa Một Cột,One Pillar Pagoda,224,224,3679043ff4da286ee2058b280b375427,42394
chua_mot_cot_aug_00361.jpg,chua_mot_cot,1,Chùa Một Cột,One Pillar Pagoda,224,224,a78790ad3944d6393a5cb21bd20f74d1,20144
chua_mot_cot_aug_00362.jpg,chua_mot_cot,1,Chùa Một Cột,One Pillar Pagoda,224,224,4079402de20e469235b06f8f70649ad3,28036
chua_mot_cot_aug_00363.jpg,chua_mot_cot,1,Chùa Một Cột,One Pillar Pagoda,224,224,c369f798b204099657550fd1a7427da3,30292
chua_mot_cot_aug_00364.jpg,chua_mot_cot,1,Chùa Một Cột,One Pillar Pagoda,224,224,ba451a0292c14b9ce8a6807bada88b0c,23223
chua_mot_cot_aug_00365.jpg,chua_mot_cot,1,Chùa Một Cột,One Pillar Pagoda,224,224,2e065d98ddb8c6cfe013f8cec09cd3b4,27190
chua_mot_cot_aug_00366.jpg,chua_mot_cot,1,Chùa Một Cột,One Pillar Pagoda,224,224,559481755e3a136abd04ec6846430fc9,31054
chua_mot_cot_aug_00367.jpg,chua_mot_cot,1,Chùa Một Cột,One Pillar Pagoda,224,224,4ccde967bbc045cf4b2885f5c4f3b472,18610
chua_mot_cot_aug_00368.jpg,chua_mot_cot,1,Chùa Một Cột,One Pillar Pagoda,224,224,14ea466d6a972a88360042da49b43319,31536
chua_mot_cot_aug_00369.jpg,chua_mot_cot,1,Chùa Một Cột,One Pillar Pagoda,224,224,246f751bbbc4b4dcf6ec83339153c9cf,29697
chua_mot_cot_aug_00370.jpg,chua_mot_cot,1,Chùa Một Cột,One Pillar Pagoda,224,224,64632b381dbbba053043d96827e51be6,42399
chua_mot_cot_aug_00371.jpg,chua_mot_cot,1,Chùa Một Cột,One Pillar Pagoda,224,224,ac0ef8dcb56f619e107a941fd24744de,22451
chua_mot_cot_aug_00372.jpg,chua_mot_cot,1,Chùa Một Cột,One Pillar Pagoda,224,224,df040a94395c704c6355f420f8d2e616,21012
chua_mot_cot_aug_00373.jpg,chua_mot_cot,1,Chùa Một Cột,One Pillar Pagoda,224,224,129cd567d1e9a2bfbdd0c177302490d3,16215
chua_mot_cot_aug_00374.jpg,chua_mot_cot,1,Chùa Một Cột,One Pillar Pagoda,224,224,3c2fab044ebe7de4fbcf4f7974c0031a,39324
chua_mot_cot_aug_00375.jpg,chua_mot_cot,1,Chùa Một Cột,One Pillar Pagoda,224,224,ebed204c110e47166fe0a3efadd8206a,30852
chua_mot_cot_aug_00376.jpg,chua_mot_cot,1,Chùa Một Cột,One Pillar Pagoda,224,224,199ecafc2f5c480d7745073cd12e3eaa,19471
chua_mot_cot_aug_00377.jpg,chua_mot_cot,1,Chùa Một Cột,One Pillar Pagoda,224,224,2277b8289c1e591b8baa9b2f3baea838,33746
chua_mot_cot_aug_00378.jpg,chua_mot_cot,1,Chùa Một Cột,One Pillar Pagoda,224,224,834297fd6615e091349875056f63502b,30216
chua_mot_cot_aug_00379.jpg,chua_mot_cot,1,Chùa Một Cột,One Pillar Pagoda,224,224,0f3a99ce20d17af179a24f5b03aaca2a,34427
chua_mot_cot_aug_00380.jpg,chua_mot_cot,1,Chùa Một Cột,One Pillar Pagoda,224,224,01d7fdf29067702ba3bd424f5edb63d4,16801
chua_mot_cot_aug_00381.jpg,chua_mot_cot,1,Chùa Một Cột,One Pillar Pagoda,224,224,960629d1bb6aa3f67deef468b553a7d7,36074
chua_mot_cot_aug_00382.jpg,chua_mot_cot,1,Chùa Một Cột,One Pillar Pagoda,224,224,3cdabdbb73572ab9b0c1ee1d8b4c48f4,33653
chua_mot_cot_aug_00383.jpg,chua_mot_cot,1,Chùa Một Cột,One Pillar Pagoda,224,224,f7832eab2a1f367e5d485b6cc33d541d,24911
chua_mot_cot_aug_00384.jpg,chua_mot_cot,1,Chùa Một Cột,One Pillar Pagoda,224,224,a0f831d126891e62ad0fd1be65e7e705,33582
chua_mot_cot_aug_00385.jpg,chua_mot_cot,1,Chùa Một Cột,One Pillar Pagoda,224,224,5278dca9e186cce7e5d446aeb15ddfa4,21589
chua_mot_cot_aug_00386.jpg,chua_mot_cot,1,Chùa Một Cột,One Pillar Pagoda,224,224,e4fdbf15fc928bd5b94fd30a7a657d55,27106
chua_mot_cot_aug_00387.jpg,chua_mot_cot,1,Chùa Một Cột,One Pillar Pagoda,224,224,3f993a18a835287ffd39afd6184ee669,20813
chua_mot_cot_aug_00388.jpg,chua_mot_cot,1,Chùa Một Cột,One Pillar Pagoda,224,224,6936bae6600f71447f62dae742ca7383,17125
chua_mot_cot_aug_00389.jpg,chua_mot_cot,1,Chùa Một Cột,One Pillar Pagoda,224,224,45f8ed790be01ca4864c68a1f812ae64,27508
chua_mot_cot_aug_00390.jpg,chua_mot_cot,1,Chùa Một Cột,One Pillar Pagoda,224,224,93eb66edb12cd771e57cce356d6a2324,33457
chua_mot_cot_aug_00391.jpg,chua_mot_cot,1,Chùa Một Cột,One Pillar Pagoda,224,224,823d07b6e66f59b51893db2d7f30f07a,40513
chua_mot_cot_aug_00392.jpg,chua_mot_cot,1,Chùa Một Cột,One Pillar Pagoda,224,224,ee88cf9c0b3ed08b8f8c3c923ac40f19,37536
chua_mot_cot_aug_00393.jpg,chua_mot_cot,1,Chùa Một Cột,One Pillar Pagoda,224,224,0c7a98a35e48baacefa3e566a352dc75,37088
chua_mot_cot_aug_00394.jpg,chua_mot_cot,1,Chùa Một Cột,One Pillar Pagoda,224,224,16a4d3d7990f29eefe810a710b2994f7,45941
chua_mot_cot_aug_00395.jpg,chua_mot_cot,1,Chùa Một Cột,One Pillar Pagoda,224,224,21e5807350320595848d3278dd1062f8,27191
chua_mot_cot_aug_00396.jpg,chua_mot_cot,1,Chùa Một Cột,One Pillar Pagoda,224,224,c4624ce2a4f1436b090a1e384862c2c9,36081
chua_mot_cot_aug_00397.jpg,chua_mot_cot,1,Chùa Một Cột,One Pillar Pagoda,224,224,d0610e23f0b5f5b4bc161614129aa464,25733
chua_mot_cot_aug_00398.jpg,chua_mot_cot,1,Chùa Một Cột,One Pillar Pagoda,224,224,6cab4871b26dbbcdd4906b3a2e566e01,34346
chua_mot_cot_aug_00399.jpg,chua_mot_cot,1,Chùa Một Cột,One Pillar Pagoda,224,224,a34c40ae1a684a27ba08f81bc3aaa94b,34640
chua_mot_cot_aug_00400.jpg,chua_mot_cot,1,Chùa Một Cột,One Pillar Pagoda,224,224,c4994b8665ac5093b78186592bec592c,33781
chua_mot_cot_aug_00401.jpg,chua_mot_cot,1,Chùa Một Cột,One Pillar Pagoda,224,224,10099e5cc8820b0c7c2c6c9d77ad2a23,39546
chua_mot_cot_aug_00402.jpg,chua_mot_cot,1,Chùa Một Cột,One Pillar Pagoda,224,224,920a7625212f60c022215ab17c7df3fa,22362
chua_mot_cot_aug_00403.jpg,chua_mot_cot,1,Chùa Một Cột,One Pillar Pagoda,224,224,02216e1f8fc773f06c795a70ff6cf130,37061
chua_mot_cot_aug_00404.jpg,chua_mot_cot,1,Chùa Một Cột,One Pillar Pagoda,224,224,4141cdd9359af6cc49070f2721844991,28773
chua_mot_cot_aug_00405.jpg,chua_mot_cot,1,Chùa Một Cột,One Pillar Pagoda,224,224,d869f72bbcea9c75ffd74ef6ca880473,39176
chua_mot_cot_aug_00406.jpg,chua_mot_cot,1,Chùa Một Cột,One Pillar Pagoda,224,224,dd96b38749c96afd96b7536a1416e575,18937
chua_mot_cot_aug_00407.jpg,chua_mot_cot,1,Chùa Một Cột,One Pillar Pagoda,224,224,cad8a046efb5dcf5f0c9c0c1f1b90494,13256
chua_mot_cot_aug_00408.jpg,chua_mot_cot,1,Chùa Một Cột,One Pillar Pagoda,224,224,fd909a60a9a800efece0d95025940103,33623
chua_mot_cot_aug_00409.jpg,chua_mot_cot,1,Chùa Một Cột,One Pillar Pagoda,224,224,385c787244a3ed7f8f2732bc315d61fd,22833
chua_mot_cot_aug_00410.jpg,chua_mot_cot,1,Chùa Một Cột,One Pillar Pagoda,224,224,7098c07dd76a632cf89732f96feaa36d,37912
chua_mot_cot_aug_00411.jpg,chua_mot_cot,1,Chùa Một Cột,One Pillar Pagoda,224,224,3c468754bb339ad33dadc33c1e352a00,26027
chua_mot_cot_aug_00412.jpg,chua_mot_cot,1,Chùa Một Cột,One Pillar Pagoda,224,224,d48e265249e0cc84774fbe172e18a5d9,21572
chua_mot_cot_aug_00413.jpg,chua_mot_cot,1,Chùa Một Cột,One Pillar Pagoda,224,224,789a17dea9d5318ce3c57f0ad614caed,17263
chua_mot_cot_aug_00414.jpg,chua_mot_cot,1,Chùa Một Cột,One Pillar Pagoda,224,224,bec8f94f088e132415a8e55f787ad86e,34184
chua_mot_cot_aug_00415.jpg,chua_mot_cot,1,Chùa Một Cột,One Pillar Pagoda,224,224,ec48fae3f41c4220ae5f7d273f0ff712,33642
chua_mot_cot_aug_00416.jpg,chua_mot_cot,1,Chùa Một Cột,One Pillar Pagoda,224,224,45da5e21418786175486b92b2208d204,17516
chua_mot_cot_aug_00417.jpg,chua_mot_cot,1,Chùa Một Cột,One Pillar Pagoda,224,224,cb731373a7861b0bdfbc46af31da203b,28549
chua_mot_cot_aug_00418.jpg,chua_mot_cot,1,Chùa Một Cột,One Pillar Pagoda,224,224,f9744b83163846830ac67237aa7f526b,34767
chua_mot_cot_aug_00419.jpg,chua_mot_cot,1,Chùa Một Cột,One Pillar Pagoda,224,224,5f544f7948f056ed21088365fbc0b37a,26661
chua_mot_cot_aug_00420.jpg,chua_mot_cot,1,Chùa Một Cột,One Pillar Pagoda,224,224,8def6679242da9af28584fe886e498b5,21629
chua_mot_cot_aug_00421.jpg,chua_mot_cot,1,Chùa Một Cột,One Pillar Pagoda,224,224,e25f15b77937754a53d101c6b33c1900,28371
chua_mot_cot_aug_00422.jpg,chua_mot_cot,1,Chùa Một Cột,One Pillar Pagoda,224,224,d5dbd0f75fca67279c9dffff3e4d7ac6,26637
chua_mot_cot_aug_00423.jpg,chua_mot_cot,1,Chùa Một Cột,One Pillar Pagoda,224,224,f23d3076acbbfaf8b7e908667970bd44,18110
chua_mot_cot_aug_00424.jpg,chua_mot_cot,1,Chùa Một Cột,One Pillar Pagoda,224,224,c5361474ad5b29450a960b2d61cb5c59,22145
chua_mot_cot_aug_00425.jpg,chua_mot_cot,1,Chùa Một Cột,One Pillar Pagoda,224,224,477e17ab5fd1e007da12d093a7c934fa,29235
chua_mot_cot_aug_00426.jpg,chua_mot_cot,1,Chùa Một Cột,One Pillar Pagoda,224,224,4b06016bf82fdd4e8060fb856e9b8630,39176
chua_mot_cot_aug_00427.jpg,chua_mot_cot,1,Chùa Một Cột,One Pillar Pagoda,224,224,22ae17e686a2ae4baf176d17d0ebed3c,20268
chua_mot_cot_aug_00428.jpg,chua_mot_cot,1,Chùa Một Cột,One Pillar Pagoda,224,224,083bc3b756d7c27de60ed58b85348336,35078
chua_mot_cot_aug_00429.jpg,chua_mot_cot,1,Chùa Một Cột,One Pillar Pagoda,224,224,a7c174b8a8c26be42e8ad677407b821d,18087
chua_mot_cot_aug_00430.jpg,chua_mot_cot,1,Chùa Một Cột,One Pillar Pagoda,224,224,d3c0fabb9a272b04ce81035804fcc897,36204
chua_mot_cot_aug_00431.jpg,chua_mot_cot,1,Chùa Một Cột,One Pillar Pagoda,224,224,c65de38a351871b8e93aad8a382fbcee,20856
chua_mot_cot_aug_00432.jpg,chua_mot_cot,1,Chùa Một Cột,One Pillar Pagoda,224,224,daf76244b0edc30ed2dec7b2d0f80ad8,34353
chua_mot_cot_aug_00433.jpg,chua_mot_cot,1,Chùa Một Cột,One Pillar Pagoda,224,224,981e0efb2f0d2f7fed0d326817f9efa3,35521
chua_mot_cot_aug_00434.jpg,chua_mot_cot,1,Chùa Một Cột,One Pillar Pagoda,224,224,01c26ccd0231968cc8cc51c050ee4a3b,27642
chua_mot_cot_aug_00435.jpg,chua_mot_cot,1,Chùa Một Cột,One Pillar Pagoda,224,224,d7d95094a8aec7eb28f4c6ab65e9b3b6,33814
chua_mot_cot_aug_00436.jpg,chua_mot_cot,1,Chùa Một Cột,One Pillar Pagoda,224,224,12b1f62d830d1d14d973b13b402b181e,37593
chua_mot_cot_aug_00437.jpg,chua_mot_cot,1,Chùa Một Cột,One Pillar Pagoda,224,224,23c7dadd87faa641baf99409a546637d,28423
chua_mot_cot_aug_00438.jpg,chua_mot_cot,1,Chùa Một Cột,One Pillar Pagoda,224,224,3cfaf2d3c7ddf6f2fd16fd993ff9da96,20156
chua_mot_cot_aug_00439.jpg,chua_mot_cot,1,Chùa Một Cột,One Pillar Pagoda,224,224,8338353bc87eb00e5dcdc19b5fde70f7,22854
chua_mot_cot_aug_00440.jpg,chua_mot_cot,1,Chùa Một Cột,One Pillar Pagoda,224,224,d745341c54b5c1d0e53b76af0f93c0bf,23055
chua_mot_cot_aug_00441.jpg,chua_mot_cot,1,Chùa Một Cột,One Pillar Pagoda,224,224,d43ef17522c6e0b7e15403f0451283c8,39648
chua_mot_cot_aug_00442.jpg,chua_mot_cot,1,Chùa Một Cột,One Pillar Pagoda,224,224,c13a6a82ca28c68fd73ab5a76a91bdce,22410
chua_mot_cot_aug_00443.jpg,chua_mot_cot,1,Chùa Một Cột,One Pillar Pagoda,224,224,2538ed313aaa4dc7f8b450ce35ac56ce,15189
chua_mot_cot_aug_00444.jpg,chua_mot_cot,1,Chùa Một Cột,One Pillar Pagoda,224,224,e0dc8c00a88d7908aac04bc127bb6dea,19088
chua_mot_cot_aug_00445.jpg,chua_mot_cot,1,Chùa Một Cột,One Pillar Pagoda,224,224,8b35f886f9f9deed1b7b88197aee79df,20822
chua_mot_cot_aug_00446.jpg,chua_mot_cot,1,Chùa Một Cột,One Pillar Pagoda,224,224,3d7165ca7fe03a8aea9133da5e8a65cb,46137
chua_mot_cot_aug_00447.jpg,chua_mot_cot,1,Chùa Một Cột,One Pillar Pagoda,224,224,2c6162ccf35c61cfa223382558922115,28831
chua_mot_cot_aug_00448.jpg,chua_mot_cot,1,Chùa Một Cột,One Pillar Pagoda,224,224,3f18a03fc709c44217aad9289ca2112f,34532
chua_mot_cot_aug_00449.jpg,chua_mot_cot,1,Chùa Một Cột,One Pillar Pagoda,224,224,4aa832477d41f11cbac442ff9f810861,35629
chua_mot_cot_aug_00450.jpg,chua_mot_cot,1,Chùa Một Cột,One Pillar Pagoda,224,224,d3fb3ad20037acc9bf107e5c5e2e73b2,31816
chua_mot_cot_aug_00451.jpg,chua_mot_cot,1,Chùa Một Cột,One Pillar Pagoda,224,224,3a64f63f7fa4299cf5d6c83c31891ba7,35283
chua_mot_cot_aug_00452.jpg,chua_mot_cot,1,Chùa Một Cột,One Pillar Pagoda,224,224,063bdb60aab88619917b8aa207a97d36,39055
chua_mot_cot_aug_00453.jpg,chua_mot_cot,1,Chùa Một Cột,One Pillar Pagoda,224,224,757a201fec5a21304e755233bee754f8,36228
chua_mot_cot_aug_00454.jpg,chua_mot_cot,1,Chùa Một Cột,One Pillar Pagoda,224,224,16ff495ea580945d031c10901a13da4c,18508
chua_mot_cot_aug_00455.jpg,chua_mot_cot,1,Chùa Một Cột,One Pillar Pagoda,224,224,2d0092ed6a350cd56db3bc85404a39db,32377
chua_mot_cot_aug_00456.jpg,chua_mot_cot,1,Chùa Một Cột,One Pillar Pagoda,224,224,4038a8b77a5c7f2f7e0eb27f09dc0185,29554
chua_mot_cot_aug_00457.jpg,chua_mot_cot,1,Chùa Một Cột,One Pillar Pagoda,224,224,13d1a831315e28524f18424fefb96aaa,31655
chua_mot_cot_aug_00458.jpg,chua_mot_cot,1,Chùa Một Cột,One Pillar Pagoda,224,224,3f4ab4c9cc883af82888e3cdf7431822,19964
chua_mot_cot_aug_00459.jpg,chua_mot_cot,1,Chùa Một Cột,One Pillar Pagoda,224,224,689588a93d6ef29b97b29f7657a567e4,38877
chua_mot_cot_aug_00460.jpg,chua_mot_cot,1,Chùa Một Cột,One Pillar Pagoda,224,224,7de90364fb21ca72c3a33445970464de,22739
chua_mot_cot_aug_00461.jpg,chua_mot_cot,1,Chùa Một Cột,One Pillar Pagoda,224,224,59252c1886bcfbdde843d2c657bd0c61,27581
chua_mot_cot_aug_00462.jpg,chua_mot_cot,1,Chùa Một Cột,One Pillar Pagoda,224,224,8580a8bbe3b5bef35c0de4161ecdf5d1,45298
chua_mot_cot_aug_00463.jpg,chua_mot_cot,1,Chùa Một Cột,One Pillar Pagoda,224,224,eefeeb18be891a28c2b835a6c6e38b46,22989
chua_mot_cot_aug_00464.jpg,chua_mot_cot,1,Chùa Một Cột,One Pillar Pagoda,224,224,4c72e77fe5802f4331a72478f5d91b39,20395
chua_mot_cot_aug_00465.jpg,chua_mot_cot,1,Chùa Một Cột,One Pillar Pagoda,224,224,bf05ba55505f5514a9e2b6873fb981ca,42775
chua_mot_cot_aug_00466.jpg,chua_mot_cot,1,Chùa Một Cột,One Pillar Pagoda,224,224,1155319fd54a409dc0e036bb47adb681,28820
chua_mot_cot_aug_00467.jpg,chua_mot_cot,1,Chùa Một Cột,One Pillar Pagoda,224,224,f17bd371244116b9748c649cf4fd424a,21772
chua_mot_cot_aug_00468.jpg,chua_mot_cot,1,Chùa Một Cột,One Pillar Pagoda,224,224,05e7642d01a45679a5b80a96579368af,20665
chua_mot_cot_aug_00469.jpg,chua_mot_cot,1,Chùa Một Cột,One Pillar Pagoda,224,224,e492de3bd1e76acefaeb1e7b14d2b3d1,33986
chua_mot_cot_aug_00470.jpg,chua_mot_cot,1,Chùa Một Cột,One Pillar Pagoda,224,224,39d7a6450fee4656d27e03bf09817ef0,17535
chua_mot_cot_aug_00471.jpg,chua_mot_cot,1,Chùa Một Cột,One Pillar Pagoda,224,224,7eec9927e75da6bb4be64694ac52a38c,31120
chua_mot_cot_aug_00472.jpg,chua_mot_cot,1,Chùa Một Cột,One Pillar Pagoda,224,224,b81a53cb427182e07f6ee35f35f8fb4a,31103
chua_mot_cot_aug_00473.jpg,chua_mot_cot,1,Chùa Một Cột,One Pillar Pagoda,224,224,3096ff88d7974b11b7388d27a4d94fc5,16946
chua_mot_cot_aug_00474.jpg,chua_mot_cot,1,Chùa Một Cột,One Pillar Pagoda,224,224,3ca61dff67b17098742a2801174eb8bc,20603
chua_mot_cot_aug_00475.jpg,chua_mot_cot,1,Chùa Một Cột,One Pillar Pagoda,224,224,4cd566ec57b16dacebf700b80c6a4e2d,38225
chua_mot_cot_aug_00476.jpg,chua_mot_cot,1,Chùa Một Cột,One Pillar Pagoda,224,224,92b75b8f2c2119ec3564519478d22a10,26316
chua_mot_cot_aug_00477.jpg,chua_mot_cot,1,Chùa Một Cột,One Pillar Pagoda,224,224,07f58faf69b71739111821a176e508ba,24268
chua_mot_cot_aug_00478.jpg,chua_mot_cot,1,Chùa Một Cột,One Pillar Pagoda,224,224,af1107b69611ab750af3f753024f0754,35785
chua_mot_cot_aug_00479.jpg,chua_mot_cot,1,Chùa Một Cột,One Pillar Pagoda,224,224,defd1eaa16b8100044ae67d1a119c644,30060
chua_mot_cot_aug_00480.jpg,chua_mot_cot,1,Chùa Một Cột,One Pillar Pagoda,224,224,ab15b8615b4c2a3c90b070c1472e3a39,39152
chua_mot_cot_aug_00481.jpg,chua_mot_cot,1,Chùa Một Cột,One Pillar Pagoda,224,224,dec25123ce91e29ef933604987494d7f,35532
chua_mot_cot_aug_00482.jpg,chua_mot_cot,1,Chùa Một Cột,One Pillar Pagoda,224,224,83f08a4912ddbb178a05177f3f316aa7,22531
chua_mot_cot_aug_00483.jpg,chua_mot_cot,1,Chùa Một Cột,One Pillar Pagoda,224,224,7eb4a031aa6896a457c6e44a67b692c7,28631
chua_mot_cot_aug_00484.jpg,chua_mot_cot,1,Chùa Một Cột,One Pillar Pagoda,224,224,418195d79fb69aacbfd1274138dc0a11,42848
chua_mot_cot_aug_00485.jpg,chua_mot_cot,1,Chùa Một Cột,One Pillar Pagoda,224,224,4b6bb1046cef3cc561b8d64e8ace159c,43174
chua_mot_cot_aug_00486.jpg,chua_mot_cot,1,Chùa Một Cột,One Pillar Pagoda,224,224,ad8e4a1997cf42190a84f047bf739a36,24005
chua_mot_cot_aug_00487.jpg,chua_mot_cot,1,Chùa Một Cột,One Pillar Pagoda,224,224,4468e62c17580f5f49916f2f9bf900ac,21199
chua_mot_cot_aug_00488.jpg,chua_mot_cot,1,Chùa Một Cột,One Pillar Pagoda,224,224,5b0d9274b81380bdf018afba6af76e9e,33058
chua_mot_cot_aug_00489.jpg,chua_mot_cot,1,Chùa Một Cột,One Pillar Pagoda,224,224,8904ff05ee8ec505b1bd56f144657737,26969
chua_mot_cot_aug_00490.jpg,chua_mot_cot,1,Chùa Một Cột,One Pillar Pagoda,224,224,5d0c9ede86142c0be71c0af7ab78da67,38164
chua_mot_cot_aug_00491.jpg,chua_mot_cot,1,Chùa Một Cột,One Pillar Pagoda,224,224,e7ba1bb5653efd1a578bbc83c1986378,16951
chua_mot_cot_aug_00492.jpg,chua_mot_cot,1,Chùa Một Cột,One Pillar Pagoda,224,224,2409644a3ac67079c21ca19aec01004e,31156
chua_mot_cot_aug_00493.jpg,chua_mot_cot,1,Chùa Một Cột,One Pillar Pagoda,224,224,81024beb4bcd5eb001f849f52e47d100,38207
chua_mot_cot_aug_00494.jpg,chua_mot_cot,1,Chùa Một Cột,One Pillar Pagoda,224,224,653e075843161e908635fc87fc120cea,29232
chua_mot_cot_aug_00495.jpg,chua_mot_cot,1,Chùa Một Cột,One Pillar Pagoda,224,224,68ee726e5f4bdc73e39277455a53cecb,35035
chua_mot_cot_aug_00496.jpg,chua_mot_cot,1,Chùa Một Cột,One Pillar Pagoda,224,224,6dbd6374fceae9586be71bf644ddd944,20573
chua_mot_cot_aug_00497.jpg,chua_mot_cot,1,Chùa Một Cột,One Pillar Pagoda,224,224,1daa7f722ef23a266af20ea687c08c8c,29925
chua_mot_cot_aug_00498.jpg,chua_mot_cot,1,Chùa Một Cột,One Pillar Pagoda,224,224,4d32dff7736f5cb7748687cfeaf75ed2,21282
chua_mot_cot_aug_00499.jpg,chua_mot_cot,1,Chùa Một Cột,One Pillar Pagoda,224,224,4f4d365a8b068c4babddb53d85f0a0fb,27900
chua_mot_cot_aug_00500.jpg,chua_mot_cot,1,Chùa Một Cột,One Pillar Pagoda,224,224,63e8af49bb3287e9f1daa27ca5f3b2a7,16938
chua_mot_cot_aug_00501.jpg,chua_mot_cot,1,Chùa Một Cột,One Pillar Pagoda,224,224,68dc57ab4a3e67a2645100abc2f4114c,29167
chua_mot_cot_aug_00502.jpg,chua_mot_cot,1,Chùa Một Cột,One Pillar Pagoda,224,224,b1d63d1e9d0dba113ddf2bb687270f71,26676
chua_mot_cot_aug_00503.jpg,chua_mot_cot,1,Chùa Một Cột,One Pillar Pagoda,224,224,964868854b707b2853cbc58c7990ae14,18347
chua_mot_cot_aug_00504.jpg,chua_mot_cot,1,Chùa Một Cột,One Pillar Pagoda,224,224,84e58dd2400fae76a3bf854a4e835ce0,33923
chua_mot_cot_aug_00505.jpg,chua_mot_cot,1,Chùa Một Cột,One Pillar Pagoda,224,224,71c688293641f9e0c2d380449fce75b4,26530
chua_mot_cot_aug_00506.jpg,chua_mot_cot,1,Chùa Một Cột,One Pillar Pagoda,224,224,b31d4825bc63178418e342b167b7f0aa,41117
chua_mot_cot_aug_00507.jpg,chua_mot_cot,1,Chùa Một Cột,One Pillar Pagoda,224,224,66c35ae2462cc28bb1d0030a254c0245,19976
chua_mot_cot_aug_00508.jpg,chua_mot_cot,1,Chùa Một Cột,One Pillar Pagoda,224,224,df8517413de33045b8da4459f382db27,33915
chua_mot_cot_aug_00509.jpg,chua_mot_cot,1,Chùa Một Cột,One Pillar Pagoda,224,224,b9b853b779aeedc325ea314015a43e3e,30888
chua_mot_cot_aug_00510.jpg,chua_mot_cot,1,Chùa Một Cột,One Pillar Pagoda,224,224,0abddf0e11c923b499629780b7b1f54b,27098
chua_mot_cot_aug_00511.jpg,chua_mot_cot,1,Chùa Một Cột,One Pillar Pagoda,224,224,b951b9506ddc6ebf8f4c6a44e07313f7,34771
chua_mot_cot_aug_00512.jpg,chua_mot_cot,1,Chùa Một Cột,One Pillar Pagoda,224,224,bc39e7e99fd2ddc0178ff4623034d21e,27877
chua_mot_cot_aug_00513.jpg,chua_mot_cot,1,Chùa Một Cột,One Pillar Pagoda,224,224,bfac3fdfe520e9cafaa5e5d3fc0dc41c,16925
chua_mot_cot_aug_00514.jpg,chua_mot_cot,1,Chùa Một Cột,One Pillar Pagoda,224,224,b7925c07122a98fb07deebecda26cd8b,35228
chua_mot_cot_aug_00515.jpg,chua_mot_cot,1,Chùa Một Cột,One Pillar Pagoda,224,224,92c38bdacc011c5206b2b266d88d5d00,24528
chua_mot_cot_aug_00516.jpg,chua_mot_cot,1,Chùa Một Cột,One Pillar Pagoda,224,224,c33319123ab6c56461deb9b95ab7ab2f,24419
chua_mot_cot_aug_00517.jpg,chua_mot_cot,1,Chùa Một Cột,One Pillar Pagoda,224,224,cf60e46f921fa1831e07e92119f388f7,33142
chua_mot_cot_aug_00518.jpg,chua_mot_cot,1,Chùa Một Cột,One Pillar Pagoda,224,224,e8fb83835c765aeb4b175cc081925b89,42384
chua_mot_cot_aug_00519.jpg,chua_mot_cot,1,Chùa Một Cột,One Pillar Pagoda,224,224,04bfd3d4e4bf3f44d5072156235e05cb,23668
chua_mot_cot_aug_00520.jpg,chua_mot_cot,1,Chùa Một Cột,One Pillar Pagoda,224,224,2657e343d074fe5560ae5123f9bcc5c6,43873
chua_mot_cot_aug_00521.jpg,chua_mot_cot,1,Chùa Một Cột,One Pillar Pagoda,224,224,783f4193154b3ae1f175893aac9713fe,34026
chua_mot_cot_aug_00522.jpg,chua_mot_cot,1,Chùa Một Cột,One Pillar Pagoda,224,224,2b8b91e95b4ddc1c27f015192514a4da,16923
chua_mot_cot_aug_00523.jpg,chua_mot_cot,1,Chùa Một Cột,One Pillar Pagoda,224,224,12c237a57a09b95fc14ab1d1c358c04e,35123
chua_mot_cot_aug_00524.jpg,chua_mot_cot,1,Chùa Một Cột,One Pillar Pagoda,224,224,44854fc51a4240a2751fdb931c0a9319,28346
chua_mot_cot_aug_00525.jpg,chua_mot_cot,1,Chùa Một Cột,One Pillar Pagoda,224,224,e01903392b2e1c4b7bc588b3808bf408,24397
chua_mot_cot_aug_00526.jpg,chua_mot_cot,1,Chùa Một Cột,One Pillar Pagoda,224,224,a9ffaf2efd4d5b71e433006c66bf1a45,17239
chua_mot_cot_aug_00527.jpg,chua_mot_cot,1,Chùa Một Cột,One Pillar Pagoda,224,224,fffa3664efc6eb26588b42c83d3402a1,14047
chua_mot_cot_aug_00528.jpg,chua_mot_cot,1,Chùa Một Cột,One Pillar Pagoda,224,224,bea2ce275d6abbe2dd933c59492d0eab,29429
chua_mot_cot_aug_00529.jpg,chua_mot_cot,1,Chùa Một Cột,One Pillar Pagoda,224,224,4b7d9b94465e8576872c930eeee87782,37628
chua_mot_cot_aug_00530.jpg,chua_mot_cot,1,Chùa Một Cột,One Pillar Pagoda,224,224,4c579f660ea315940a8757306c7acabf,17820
chua_mot_cot_aug_00531.jpg,chua_mot_cot,1,Chùa Một Cột,One Pillar Pagoda,224,224,3bcd133f75136ea785fdfe5c0df38574,34604
chua_mot_cot_aug_00532.jpg,chua_mot_cot,1,Chùa Một Cột,One Pillar Pagoda,224,224,de4b98446fedd58a49f8a7679af44aab,18609
chua_mot_cot_aug_00533.jpg,chua_mot_cot,1,Chùa Một Cột,One Pillar Pagoda,224,224,9590d5129c3fbaf1785aa766adba2acd,19408
chua_mot_cot_aug_00534.jpg,chua_mot_cot,1,Chùa Một Cột,One Pillar Pagoda,224,224,34e52605ce6de8c91ab98963f5a624e7,31413
chua_mot_cot_aug_00535.jpg,chua_mot_cot,1,Chùa Một Cột,One Pillar Pagoda,224,224,ea5806132b48dec60c5cb4447167ddf3,20720
chua_mot_cot_aug_00536.jpg,chua_mot_cot,1,Chùa Một Cột,One Pillar Pagoda,224,224,d73654a604931175f76cbaec9f4b2327,17089
chua_mot_cot_aug_00537.jpg,chua_mot_cot,1,Chùa Một Cột,One Pillar Pagoda,224,224,c3753e542d4d41b9db3e39f2529fbbe0,37546
chua_mot_cot_aug_00538.jpg,chua_mot_cot,1,Chùa Một Cột,One Pillar Pagoda,224,224,8ac033e180757711d9adcb80e05ab9ca,36867
chua_mot_cot_aug_00539.jpg,chua_mot_cot,1,Chùa Một Cột,One Pillar Pagoda,224,224,fceafd20873b977843393f0e26b48f29,13818
chua_mot_cot_aug_00540.jpg,chua_mot_cot,1,Chùa Một Cột,One Pillar Pagoda,224,224,993332ac1c6982fc4936ddedba0e9942,26202
chua_mot_cot_aug_00541.jpg,chua_mot_cot,1,Chùa Một Cột,One Pillar Pagoda,224,224,092ea2e7c6a370862172392ff0469d2a,28976
chua_mot_cot_aug_00542.jpg,chua_mot_cot,1,Chùa Một Cột,One Pillar Pagoda,224,224,2d4a1c1bada2cfaee8559face2a35c4d,26678
chua_mot_cot_aug_00543.jpg,chua_mot_cot,1,Chùa Một Cột,One Pillar Pagoda,224,224,d6abd46bd423cd6c97a4b411205cc3ee,28188
chua_mot_cot_aug_00544.jpg,chua_mot_cot,1,Chùa Một Cột,One Pillar Pagoda,224,224,1389aa1344ff91dcc34a040bd977d555,23338
chua_mot_cot_aug_00545.jpg,chua_mot_cot,1,Chùa Một Cột,One Pillar Pagoda,224,224,09a132e8515ab8925e44bd4764747c5d,28143
chua_mot_cot_aug_00546.jpg,chua_mot_cot,1,Chùa Một Cột,One Pillar Pagoda,224,224,0c96655b0224223df70fbb01facf302c,28448
chua_mot_cot_aug_00547.jpg,chua_mot_cot,1,Chùa Một Cột,One Pillar Pagoda,224,224,a89cc3c7ac626296c631106190f2f557,31138
chua_mot_cot_aug_00548.jpg,chua_mot_cot,1,Chùa Một Cột,One Pillar Pagoda,224,224,9744349444cd24d58b5f81684a4b1d5f,22100
chua_mot_cot_aug_00549.jpg,chua_mot_cot,1,Chùa Một Cột,One Pillar Pagoda,224,224,884865e729ea5b8a75c8108dbc8562cd,23815
chua_mot_cot_aug_00550.jpg,chua_mot_cot,1,Chùa Một Cột,One Pillar Pagoda,224,224,fd2d4b0d044335a20a90b3fc5390b6a3,25356
chua_mot_cot_aug_00551.jpg,chua_mot_cot,1,Chùa Một Cột,One Pillar Pagoda,224,224,d34b601fea81b21b74bafb8a2935b419,24061
chua_mot_cot_aug_00552.jpg,chua_mot_cot,1,Chùa Một Cột,One Pillar Pagoda,224,224,a3d2e181180a0e7ee5f2fe5dc7685671,34220
chua_mot_cot_aug_00553.jpg,chua_mot_cot,1,Chùa Một Cột,One Pillar Pagoda,224,224,ff6241f51724cb7db62cfce47a0d2a8e,20074
chua_mot_cot_aug_00554.jpg,chua_mot_cot,1,Chùa Một Cột,One Pillar Pagoda,224,224,bcf781e4ca6410d33e4b3bf96fc677ed,31502
chua_mot_cot_aug_00555.jpg,chua_mot_cot,1,Chùa Một Cột,One Pillar Pagoda,224,224,eee41927e3415247e9b7c94cfe484ce6,23910
chua_mot_cot_aug_00556.jpg,chua_mot_cot,1,Chùa Một Cột,One Pillar Pagoda,224,224,124bb41ae0205e53bb4170941ddd7a48,37405
chua_mot_cot_aug_00557.jpg,chua_mot_cot,1,Chùa Một Cột,One Pillar Pagoda,224,224,2a369d4de2577cc91ccc4e0f390a34fe,26043
chua_mot_cot_aug_00558.jpg,chua_mot_cot,1,Chùa Một Cột,One Pillar Pagoda,224,224,fa49b5b1a8245e7986e1ac447fad1520,34190
chua_mot_cot_aug_00559.jpg,chua_mot_cot,1,Chùa Một Cột,One Pillar Pagoda,224,224,2be03c7603eb4d531911c3722b77b560,21247
chua_mot_cot_aug_00560.jpg,chua_mot_cot,1,Chùa Một Cột,One Pillar Pagoda,224,224,18709adc328ae36e78fd0026ba7d83ca,37471
chua_mot_cot_aug_00561.jpg,chua_mot_cot,1,Chùa Một Cột,One Pillar Pagoda,224,224,6d8bfb1bd238781a92d506ce00214aaa,37501
chua_mot_cot_aug_00562.jpg,chua_mot_cot,1,Chùa Một Cột,One Pillar Pagoda,224,224,dae3078ae89861b16a48355b216680a8,36468
chua_mot_cot_aug_00563.jpg,chua_mot_cot,1,Chùa Một Cột,One Pillar Pagoda,224,224,43ad565100fe266ecf99fe6b2cef024e,31950
chua_mot_cot_aug_00564.jpg,chua_mot_cot,1,Chùa Một Cột,One Pillar Pagoda,224,224,a3f52681f6772f9359d84d1944b157f3,20859
chua_mot_cot_aug_00565.jpg,chua_mot_cot,1,Chùa Một Cột,One Pillar Pagoda,224,224,75a43eb48836f1a7e64109c60f5753d9,40972
chua_mot_cot_aug_00566.jpg,chua_mot_cot,1,Chùa Một Cột,One Pillar Pagoda,224,224,ce74976bad59a83ba4bb92181c237570,32697
chua_mot_cot_aug_00567.jpg,chua_mot_cot,1,Chùa Một Cột,One Pillar Pagoda,224,224,ec15e526acf5d7cd52a8a12c7ac0c7e5,43022
chua_mot_cot_aug_00568.jpg,chua_mot_cot,1,Chùa Một Cột,One Pillar Pagoda,224,224,74cc2abf6afb13e401cfcad0e526c753,22808
chua_mot_cot_aug_00569.jpg,chua_mot_cot,1,Chùa Một Cột,One Pillar Pagoda,224,224,762f35c75a7ddc482df2bd2eeea8836b,35482
chua_mot_cot_aug_00570.jpg,chua_mot_cot,1,Chùa Một Cột,One Pillar Pagoda,224,224,52153f7f8fe7b13e97b67772e5701241,31699
chua_mot_cot_aug_00571.jpg,chua_mot_cot,1,Chùa Một Cột,One Pillar Pagoda,224,224,3cb4f9301b9f8d350543cd99a0a89ea9,17573
chua_mot_cot_aug_00572.jpg,chua_mot_cot,1,Chùa Một Cột,One Pillar Pagoda,224,224,8574a1a5eea0b03755c6d1373e8aa54a,25346
chua_mot_cot_aug_00573.jpg,chua_mot_cot,1,Chùa Một Cột,One Pillar Pagoda,224,224,55f0f11614960b38763653a8a59e5169,39746
chua_mot_cot_aug_00574.jpg,chua_mot_cot,1,Chùa Một Cột,One Pillar Pagoda,224,224,6f1630de8941500aaa8e0bc7eafc2e5a,29853
chua_mot_cot_aug_00575.jpg,chua_mot_cot,1,Chùa Một Cột,One Pillar Pagoda,224,224,14fc57fd7d2eb818023990fd6adb5b29,18859
chua_mot_cot_aug_00576.jpg,chua_mot_cot,1,Chùa Một Cột,One Pillar Pagoda,224,224,29ae5133d3ad81945c14f745dfa69d55,21141
chua_mot_cot_aug_00577.jpg,chua_mot_cot,1,Chùa Một Cột,One Pillar Pagoda,224,224,a541772a47702ce0b86924090dcdf8ce,30916
chua_mot_cot_aug_00578.jpg,chua_mot_cot,1,Chùa Một Cột,One Pillar Pagoda,224,224,1fe33e99e4b1245929f801cf6099cb49,31006
chua_mot_cot_aug_00579.jpg,chua_mot_cot,1,Chùa Một Cột,One Pillar Pagoda,224,224,b3e4f33cf7b358b867a4c0f841e33cfc,18413
chua_mot_cot_aug_00580.jpg,chua_mot_cot,1,Chùa Một Cột,One Pillar Pagoda,224,224,ad0f9d0b1340891a0c0c67dfaf552e7f,29156
chua_mot_cot_aug_00581.jpg,chua_mot_cot,1,Chùa Một Cột,One Pillar Pagoda,224,224,4f38dfe16cddcf3914c6de078e03ea82,35138
chua_mot_cot_aug_00582.jpg,chua_mot_cot,1,Chùa Một Cột,One Pillar Pagoda,224,224,4c2c4c92b7098a92f199483ae2398309,41948
chua_mot_cot_aug_00583.jpg,chua_mot_cot,1,Chùa Một Cột,One Pillar Pagoda,224,224,ab83af54b92a1da9221e888eab8db63f,21899
chua_mot_cot_aug_00584.jpg,chua_mot_cot,1,Chùa Một Cột,One Pillar Pagoda,224,224,3ef64aaad7fa969c4b440e10bf82a698,34901
chua_mot_cot_aug_00585.jpg,chua_mot_cot,1,Chùa Một Cột,One Pillar Pagoda,224,224,dd4469684b8421ad0b2424f0f6a41287,40438
chua_mot_cot_aug_00586.jpg,chua_mot_cot,1,Chùa Một Cột,One Pillar Pagoda,224,224,2df44e664aad69cb4dd4038a8c6f9223,38865
chua_mot_cot_aug_00587.jpg,chua_mot_cot,1,Chùa Một Cột,One Pillar Pagoda,224,224,243a08bd5a298c4090bcdc583bdd2350,31586
chua_mot_cot_aug_00588.jpg,chua_mot_cot,1,Chùa Một Cột,One Pillar Pagoda,224,224,f31957365e69d51ebb472b9a56d7db21,26733
chua_mot_cot_aug_00589.jpg,chua_mot_cot,1,Chùa Một Cột,One Pillar Pagoda,224,224,357d0b513398bb5c982be66bb459cb24,30836
chua_mot_cot_aug_00590.jpg,chua_mot_cot,1,Chùa Một Cột,One Pillar Pagoda,224,224,ce73e5469988340c3c2576729a5d548e,42622
chua_mot_cot_aug_00591.jpg,chua_mot_cot,1,Chùa Một Cột,One Pillar Pagoda,224,224,2e6713ed4d794b7485bb1df0a71cebf2,35876
chua_mot_cot_aug_00592.jpg,chua_mot_cot,1,Chùa Một Cột,One Pillar Pagoda,224,224,2245c5dc7793565ed69f7cd919e1c1f6,47483
chua_mot_cot_aug_00593.jpg,chua_mot_cot,1,Chùa Một Cột,One Pillar Pagoda,224,224,944ff5c440fc6373461d77edcf778082,39860
chua_mot_cot_aug_00594.jpg,chua_mot_cot,1,Chùa Một Cột,One Pillar Pagoda,224,224,16f0ab2f61caebbb0e352adc26c678c2,41952
chua_mot_cot_aug_00595.jpg,chua_mot_cot,1,Chùa Một Cột,One Pillar Pagoda,224,224,9d6db803fc59b57261af4e865b6b7798,26044
chua_mot_cot_aug_00596.jpg,chua_mot_cot,1,Chùa Một Cột,One Pillar Pagoda,224,224,2e150c9a9bd4538fe2163a81adf5a896,42717
chua_mot_cot_aug_00597.jpg,chua_mot_cot,1,Chùa Một Cột,One Pillar Pagoda,224,224,0c110001068a705820d65796f5659fbe,21221
chua_mot_cot_aug_00598.jpg,chua_mot_cot,1,Chùa Một Cột,One Pillar Pagoda,224,224,b7f2d9195d961d5eb77001a8d14b2e4f,32224
chua_mot_cot_aug_00599.jpg,chua_mot_cot,1,Chùa Một Cột,One Pillar Pagoda,224,224,02ab213d4c28f7ef057eeda763d53505,17123
"101 hình ảnh lăng bác Hồ đẹp, chất lượng cao, tải miễn phí.jpg",lang_bac,2,Lăng Bác,Ho Chi Minh Mausoleum,224,224,0662be6273a2bff9ef073e202754dc8d,28048
50 năm ngày Bác Hồ đi xa - Giữ yên giấc ngủ cho Người _ baotintuc.vn.jpg,lang_bac,2,Lăng Bác,Ho Chi Minh Mausoleum,224,224,c208b43c82de4309434ac218242ad4d0,33997
90 thiết kế_ Lăng Chủ tịchLăng Bác.jpg,lang_bac,2,Lăng Bác,Ho Chi Minh Mausoleum,224,224,cd689d0882a4c75356e55d139cb6a57d,15317
Ảnh Lăng Chủ tịch Hồ Chí Minh File PNG Không Nền.jpg,lang_bac,2,Lăng Bác,Ho Chi Minh Mausoleum,224,224,f99a9b100ba22789db9d84cc3e82a21d,20059
Ban Quản lý Lăng Chủ tịch Hồ Chí Minh và dấu ấn của trưởng ban đầu.jpg,lang_bac,2,Lăng Bác,Ho Chi Minh Mausoleum,224,224,724cda5a53954e47718eddb9bcaa420d,28235
Banner quảng bá thăm lăng chủ tịch Hồ Chí Minh file PSD mẫu D4.jpg,lang_bac,2,Lăng Bác,Ho Chi Minh Mausoleum,224,224,00f7b15aa8cbc636f12fec63271ff5d4,22193
Bảo vệ tuyệt đối an toàn thi hài Chủ tịch Hồ Chí Minh.jpg,lang_bac,2,Lăng Bác,Ho Chi Minh Mausoleum,224,224,5f2886007e8991fae501a63cb417830b,20119
CHUYẾN TRẢI NGHIỆM VỀ THĂM LĂNG BÁC HỒ CỦA CÁC BÉ 5 TUỔI.jpg,lang_bac,2,Lăng Bác,Ho Chi Minh Mausoleum,224,224,6854628bf6a3955ee93a3615a938b67c,29819
"Cán bộ tuyên giáo, dân vận, báo chí, xuất bản tiêu biểu TPHCM viếng Lăng Bác.jpg",lang_bac,2,Lăng Bác,Ho Chi Minh Mausoleum,224,224,026cc7f2f0f66b153dafa578e7d1b014,26968
Chi tiết thời gian tổ chức viếng Lăng Chủ tịch Hồ Chí Minh năm 2024.jpg,lang_bac,2,Lăng Bác,Ho Chi Minh Mausoleum,224,224,d597a96b46fb56a22e89ed7367b82cae,27136
Chuyện những chiến sĩ trong lực lượng công an bảo vệ Lăng Bác _ Báo Dân trí.jpg,lang_bac,2,Lăng Bác,Ho Chi Minh Mausoleum,224,224,5514d05b5c7cfbe719904a0ea3aa2906,37152
"Chúng cháu từ miền Nam, tự hào khi tiến bước qua Lăng Bác.jpg",lang_bac,2,Lăng Bác,Ho Chi Minh Mausoleum,224,224,4887296c4ea4663eca2aa7c945df20d2,30279
Chụp ảnh áo dài ở lăng bác.jpg,lang_bac,2,Lăng Bác,Ho Chi Minh Mausoleum,224,224,494b4f2084f20efcf76dce991fa1f01a,26960
Con ở miền Nam ra thăm Lăng Bác.jpg,lang_bac,2,Lăng Bác,Ho Chi Minh Mausoleum,224,224,e38ea08719d3d2d3e68d99a1dd3d29a7,21570
Cổng TTĐT Đảng bộ tỉnh Tuyên Quang.jpg,lang_bac,2,Lăng Bác,Ho Chi Minh Mausoleum,224,224,23537b213b7c6e6d4229d3f8f82ca14c,30345
Dòng người thành kính vào Lăng viếng Bác trong ngày sinh của Người.jpg,lang_bac,2,Lăng Bác,Ho Chi Minh Mausoleum,224,224,c3a5e76ea6dc927c8e5bafaf00962236,22321
Dòng người tới Lăng Bác ngày 30_4_ Để 'như có Bác Hồ trong ngày vui đại  thắng'.jpg,lang_bac,2,Lăng Bác,Ho Chi Minh Mausoleum,224,224,a78f4a88012b402eb79b7334fd54f8ca,28719
"Dòng người xếp hàng dài trong nắng sớm, vào viếng Lăng Bác ngày 30_4.jpg",lang_bac,2,Lăng Bác,Ho Chi Minh Mausoleum,224,224,da65f8d6a741d835eaf77b7152e8569c,27125
Dòng người xếp hàng dưới mưa vào lăng viếng Bác dịp lễ Quốc khánh 2_9.jpg,lang_bac,2,Lăng Bác,Ho Chi Minh Mausoleum,224,224,463c4778a35710a16993029cacb7cca0,41527
"GIẢI ĐÁP] Lăng Bác ở đâu_ Kinh nghiệm mua vé, gửi xe, tham quan Lăng Bác –  VinWonders.jpg",lang_bac,2,Lăng Bác,Ho Chi Minh Mausoleum,224,224,95dd822783faab2c69620d1c97e35c65,25768
Gần 29 nghìn lượt người vào Lăng viếng Bác trong ngày Quốc khánh 2_9 _  baotintuc.vn.jpg,lang_bac,2,Lăng Bác,Ho Chi Minh Mausoleum,224,224,523e100875dab46b0cfc20a956c1aec2,29274
Gần 31.000 lượt khách vào Lăng viếng Bác trong ngày 2_9.jpg,lang_bac,2,Lăng Bác,Ho Chi Minh Mausoleum,224,224,d03b411a3de3c7af891ae0c89c5b6a01,23587
Ghé thăm Lăng Chủ tịch Hồ Chí Minh - Những điều cần biết khi đến.jpg,lang_bac,2,Lăng Bác,Ho Chi Minh Mausoleum,224,224,c91e2f515ac09d25c60e0062486888ba,19073
Hàng ngàn người xếp hàng dài vào lăng viếng Chủ tịch Hồ Chí Minh - Tuổi Trẻ  Online.jpg,lang_bac,2,Lăng Bác,Ho Chi Minh Mausoleum,224,224,19aedbcc54e5306b11718aa5b8546386,22990
Hàng nghìn người dân xếp hàng vào Lăng viếng Bác.jpg,lang_bac,2,Lăng Bác,Ho Chi Minh Mausoleum,224,224,b807a596be2268995ccb95df35f89bf0,27330
Hàng vạn người dân vào Lăng viếng Chủ tịch Hồ Chí Minh ngày 2-9.jpg,lang_bac,2,Lăng Bác,Ho Chi Minh Mausoleum,224,224,6cd4b436360c4de2fffd310ac0ea1e9a,24013
Hàng vạn người dân xếp hàng vào Lăng viếng Chủ tịch Hồ Chí Minh nhân ngày  sinh của Người.jpg,lang_bac,2,Lăng Bác,Ho Chi Minh Mausoleum,224,224,6ffbad84f58fcdcb7c8eeb504ec26b45,19240
Hàng vạn người vào Lăng viếng Chủ tịch Hồ Chí Minh dịp Quốc khánh 2_9.jpg,lang_bac,2,Lăng Bác,Ho Chi Minh Mausoleum,224,224,667f2e18b054ceeeb4d6ae62b883a49c,26717
Hình ảnh hiếm về 2 năm xây dựng Lăng Chủ tịch Hồ Chí Minh-001.jpg,lang_bac,2,Lăng Bác,Ho Chi Minh Mausoleum,224,224,7f5c9b5d7b561954800d4d705f36b5e6,30677
Hình ảnh hiếm về 2 năm xây dựng Lăng Chủ tịch Hồ Chí Minh.jpg,lang_bac,2,Lăng Bác,Ho Chi Minh Mausoleum,224,224,9ab08986893136001d4ef7002aad3257,16387
Hơn 52.000 lượt khách vào Lăng viếng Bác Hồ trong ba ngày nghỉ lễ - Báo  Thái Nguyên điện tử.jpg,lang_bac,2,Lăng Bác,Ho Chi Minh Mausoleum,224,224,5ac21692b2c22a74d554fddd34fd75ef,24867
"Huyền thoại 2 lá cờ đá hồng ngọc trong Lăng Bác Hồ - 05.02.2019, Sputnik  Việt Nam.jpg",lang_bac,2,Lăng Bác,Ho Chi Minh Mausoleum,224,224,399cb90feea21edc7b5ec1f2fd7be110,25115
Hướng dẫn thông tin thăm quan Lăng bác từ Khách sạn The Lapis-001.jpg,lang_bac,2,Lăng Bác,Ho Chi Minh Mausoleum,224,224,2baf7f0e27075c95dd020d854a1fe10f,21131
Hướng dẫn thông tin thăm quan Lăng bác từ Khách sạn The Lapis.jpg,lang_bac,2,Lăng Bác,Ho Chi Minh Mausoleum,224,224,b51636edb5d61fd0657e09df34be7d8c,21444
Hướng dẫn viếng Lăng Bác mới nhất năm 2025-001.jpg,lang_bac,2,Lăng Bác,Ho Chi Minh Mausoleum,224,224,1a2ff89a9f4afb02eb644c8084a9dc4b,24398
Hướng dẫn viếng Lăng Bác mới nhất năm 2025-002.jpg,lang_bac,2,Lăng Bác,Ho Chi Minh Mausoleum,224,224,db3b6dfde0376cda11a9c04f4e667d45,27790
Hướng dẫn viếng Lăng Bác mới nhất năm 2025.jpg,lang_bac,2,Lăng Bác,Ho Chi Minh Mausoleum,224,224,8f3b03993eace98848bf6b0a937d24f5,27298
"Hướng dẫn đăng ký vào viếng Lăng Bác chi tiết, nhanh chóng năm 2025 - Khu  du lịch Bửu Long.jpg",lang_bac,2,Lăng Bác,Ho Chi Minh Mausoleum,224,224,e887339cd2bb7926930a032f82e5e8cf,14144
Kế hoạch tham quan Lăng Bác A-Z_ Đừng bỏ lỡ 5+ kinh nghiệm quan trọng này.jpg,lang_bac,2,Lăng Bác,Ho Chi Minh Mausoleum,224,224,f17d54e3c07cb11fbe1fb67b804cdd4d,22621
Khách du lịch thăm Lăng Bác tăng 12%.jpg,lang_bac,2,Lăng Bác,Ho Chi Minh Mausoleum,224,224,68ee6a58e8b6e5c09be6b0d7bfed0cf6,26015
Khám phá Lăng Chủ tịch Hồ Chí Minh – Nơi yên nghỉ của vị lãnh tụ đại tài –  VinWonders-001.jpg,lang_bac,2,Lăng Bác,Ho Chi Minh Mausoleum,224,224,f50580ac3fd9da1e965f16d3d93d86a7,26021
Khám phá Lăng Chủ tịch Hồ Chí Minh – Nơi yên nghỉ của vị lãnh tụ đại tài –  VinWonders-002.jpg,lang_bac,2,Lăng Bác,Ho Chi Minh Mausoleum,224,224,48b624ee6595c2ac53542fa2a51369d0,27219
Khám phá Lăng Chủ tịch Hồ Chí Minh – Nơi yên nghỉ của vị lãnh tụ đại tài –  VinWonders-003.jpg,lang_bac,2,Lăng Bác,Ho Chi Minh Mausoleum,224,224,4c52aefbf7b48467f814f84bd93a3b5f,20602
Khám phá Lăng Chủ tịch Hồ Chí Minh – Nơi yên nghỉ của vị lãnh tụ đại tài –  VinWonders-004.jpg,lang_bac,2,Lăng Bác,Ho Chi Minh Mausoleum,224,224,2f67373415681240f04fa5538330537a,23928
Khám phá Lăng Chủ tịch Hồ Chí Minh – Nơi yên nghỉ của vị lãnh tụ đại tài –  VinWonders.jpg,lang_bac,2,Lăng Bác,Ho Chi Minh Mausoleum,224,224,b2c19f51f9b944acd55e8d0bdd347eb0,34773
Khát vọng sánh vai cường quốc đòi hỏi toàn Đảng đổi mới mạnh mẽ'.jpg,lang_bac,2,Lăng Bác,Ho Chi Minh Mausoleum,224,224,110aec1703ff61266d74b4c996708a91,25627
"Kinh nghiệm tham quan lăng Chủ tịch Hồ Chí Minh_ giá vé, quy định.jpg",lang_bac,2,Lăng Bác,Ho Chi Minh Mausoleum,224,224,016c6e066dc97957cb97abfd42c74daa,28819
Kinh nghiệm thăm viếng Lăng Chủ tịch Hồ Chí Minh-001.jpg,lang_bac,2,Lăng Bác,Ho Chi Minh Mausoleum,224,224,f8eba51b89274e8241949969fcc230f1,21065
Kinh nghiệm thăm viếng Lăng Chủ tịch Hồ Chí Minh-002.jpg,lang_bac,2,Lăng Bác,Ho Chi Minh Mausoleum,224,224,6ea946b2421969330c1fe1c5fdcd1207,27085
Kinh nghiệm thăm viếng Lăng Chủ tịch Hồ Chí Minh-003.jpg,lang_bac,2,Lăng Bác,Ho Chi Minh Mausoleum,224,224,931d274522feb197f00e8af602cd6f3b,35371
Kinh nghiệm thăm viếng Lăng Chủ tịch Hồ Chí Minh-004.jpg,lang_bac,2,Lăng Bác,Ho Chi Minh Mausoleum,224,224,97be92ac2f919026a1b5533c4456210c,28024
Kinh nghiệm thăm viếng Lăng Chủ tịch Hồ Chí Minh.jpg,lang_bac,2,Lăng Bác,Ho Chi Minh Mausoleum,224,224,d0f954475f968b8d8da26a4d3eb386ed,24726
"Kỳ đài lịch sử' bảo vệ thi hài vị lãnh tụ vĩ đại của Việt Nam, có khả năng  chống chịu bom đạn và động đất cấp 7, đón hàng chục triệu.jpg",lang_bac,2,Lăng Bác,Ho Chi Minh Mausoleum,224,224,667b32185ca8d2ae259cae80249f4d7c,20487
"Kỷ niệm 134 năm Ngày sinh Chủ tịch Hồ Chí Minh_ Gần 32.000 lượt người vào  Lăng viếng Bác - Báo và Phát thanh, Truyền hình Lạng Sơn - Báo và Phát.jpg",lang_bac,2,Lăng Bác,Ho Chi Minh Mausoleum,224,224,73b714a098a04fb210573dccffbe69dd,20057
"Kỷ niệm 134 năm Ngày sinh Chủ tịch Hồ Chí Minh_ Lãnh đạo Đảng, Nhà nước vào  Lăng viếng Bác.jpg",lang_bac,2,Lăng Bác,Ho Chi Minh Mausoleum,224,224,0032e45866582b46a40315f620637b92,23261
Kỷ niệm 135 năm Ngày sinh Chủ tịch Hồ Chí Minh_ Xúc động và tự hào.jpg,lang_bac,2,Lăng Bác,Ho Chi Minh Mausoleum,224,224,b8283ebf6672a61157242dc5f43c2a21,25052
"Lãnh đạo Đảng, Nhà nước và các ĐBQH vào Lăng viếng Chủ tịch Hồ Chí Minh _  Báo Dân trí.jpg",lang_bac,2,Lăng Bác,Ho Chi Minh Mausoleum,224,224,c2b22004f7b70a142075a6e27d6f2f22,27530
"Lãnh đạo Đảng, Nhà nước, đại biểu Quốc hội vào Lăng viếng Chủ tịch Hồ Chí  Minh.jpg",lang_bac,2,Lăng Bác,Ho Chi Minh Mausoleum,224,224,e514092a62adebb26159527e24ce0c1e,28539
Lăng Bác - Lăng Chủ tịch Hồ Chí Minh.jpg,lang_bac,2,Lăng Bác,Ho Chi Minh Mausoleum,224,224,f52dd05c3846a227d6a5fe493f800631,16276
Lăng Bác - Tin Tức về Lăng Bác.jpg,lang_bac,2,Lăng Bác,Ho Chi Minh Mausoleum,224,224,7b5b31a1643a85d2f798ae09ca69d255,19950
Lăng Bác - nơi hội tụ tình cảm của nhân dân và bạn bè quốc tế đối với Chủ  tịch Hồ Chí Minh kính yêu-001.jpg,lang_bac,2,Lăng Bác,Ho Chi Minh Mausoleum,224,224,3ff5ed0b8ed06ad865c2a44b5977a17b,26651
Lăng Bác - nơi hội tụ tình cảm của nhân dân và bạn bè quốc tế đối với Chủ  tịch Hồ Chí Minh kính yêu-002.jpg,lang_bac,2,Lăng Bác,Ho Chi Minh Mausoleum,224,224,2b8ee681c2ae071df44a11938a1cedc8,25569
Lăng Bác - nơi hội tụ tình cảm của nhân dân và bạn bè quốc tế đối với Chủ  tịch Hồ Chí Minh kính yêu.jpg,lang_bac,2,Lăng Bác,Ho Chi Minh Mausoleum,224,224,f15ad4200344ac56c58440168247663c,23435
Lăng Bác - địa chỉ đỏ thân thương trong trái tim của đồng bào cả nước.jpg,lang_bac,2,Lăng Bác,Ho Chi Minh Mausoleum,224,224,b1a42c3151529914b9a1e514027f746e,26163
"Lăng Bác ở đâu_ Lăng Bác mở cửa những ngày nào, mấy giờ_.jpg",lang_bac,2,Lăng Bác,Ho Chi Minh Mausoleum,224,224,851d1079c530ddb332c19dea455c795c,23695
Lăng Bác.jpg,lang_bac,2,Lăng Bác,Ho Chi Minh Mausoleum,224,224,cf0e6b2fdf5001403f1aaf1eb2a153e2,32508
"Lăng Bác_ Địa điểm, thời gian mở cửa, ngày thăm viếng trong tuần, lịch bảo  trì trong năm.jpg",lang_bac,2,Lăng Bác,Ho Chi Minh Mausoleum,224,224,9e9ef67ab09904a759a4b701194e60da,31229
"Lăng Chủ Tịch Hồ Chí Minh (Lăng Bác)_ Địa Chỉ, Giờ Mở Cửa.jpg",lang_bac,2,Lăng Bác,Ho Chi Minh Mausoleum,224,224,db1ec6d4be2ceb6852dc95c287d2dcc7,24667
"Lăng Chủ Tịch Hồ Chí Minh Hà Nội, Việt Nam-001.jpg",lang_bac,2,Lăng Bác,Ho Chi Minh Mausoleum,224,224,55e722277e1e85de4a5e5a610850c840,22168
"Lăng Chủ Tịch Hồ Chí Minh Hà Nội, Việt Nam-002.jpg",lang_bac,2,Lăng Bác,Ho Chi Minh Mausoleum,224,224,69bd728f00844cb138ece7519ee07561,25364
"Lăng Chủ Tịch Hồ Chí Minh Hà Nội, Việt Nam-003.jpg",lang_bac,2,Lăng Bác,Ho Chi Minh Mausoleum,224,224,dad9efda600cb4eca7a43339c0697ed8,25530
"Lăng Chủ Tịch Hồ Chí Minh Hà Nội, Việt Nam.jpg",lang_bac,2,Lăng Bác,Ho Chi Minh Mausoleum,224,224,38d9a48eee863b9920bdd3dcf4b3b716,19098
Lăng Chủ Tịch Hồ Chí Minh Và Những Lưu Ý Khi Thăm Viếng - Klook Blog.jpg,lang_bac,2,Lăng Bác,Ho Chi Minh Mausoleum,224,224,7ffc8bbde1130826f0149a81c11e0fd5,25047
Lăng Chủ Tịch Hồ Chí Minh Và Những Lưu Ý Khi Thăm Viếng.jpg,lang_bac,2,Lăng Bác,Ho Chi Minh Mausoleum,224,224,1c2ee03f7b0aadc6fe982c30ee52673c,23348
"Lăng Chủ Tịch Hồ Chí Minh, Hà Nội-001.jpg",lang_bac,2,Lăng Bác,Ho Chi Minh Mausoleum,224,224,b451f057a3d2324f65904c870afd922d,22008
"Lăng Chủ Tịch Hồ Chí Minh, Hà Nội-002.jpg",lang_bac,2,Lăng Bác,Ho Chi Minh Mausoleum,224,224,fbebfe9c9a7cd47b14c258baf577e340,20086
"Lăng Chủ Tịch Hồ Chí Minh, Hà Nội.jpg",lang_bac,2,Lăng Bác,Ho Chi Minh Mausoleum,224,224,ebd23be80abedea127e03998dde5e605,22457
Lăng Chủ tịch Hồ Chí Minh & kinh nghiệm viếng thăm cần biết-001.jpg,lang_bac,2,Lăng Bác,Ho Chi Minh Mausoleum,224,224,4a4be2a0f6eb768196a3c49c775f2702,26413
Lăng Chủ tịch Hồ Chí Minh & kinh nghiệm viếng thăm cần biết-002.jpg,lang_bac,2,Lăng Bác,Ho Chi Minh Mausoleum,224,224,50a12e2cf8815c7df55cfb88dd8bdf7a,23391
Lăng Chủ tịch Hồ Chí Minh & kinh nghiệm viếng thăm cần biết-003.jpg,lang_bac,2,Lăng Bác,Ho Chi Minh Mausoleum,224,224,f20b86d862d0308e96b6d06b72fec12b,25519
Lăng Chủ tịch Hồ Chí Minh & kinh nghiệm viếng thăm cần biết.jpg,lang_bac,2,Lăng Bác,Ho Chi Minh Mausoleum,224,224,2e24f382bdc0b371820a7ae8e1e4a490,26035
Lăng Chủ tịch Hồ Chí Minh - Báo Cao Bằng điện tử.jpg,lang_bac,2,Lăng Bác,Ho Chi Minh Mausoleum,224,224,95d0cadc10482438b5b3f5ee67e0e456,22913
Lăng Chủ tịch Hồ Chí Minh - Biểu tượng Tôn Kính và Biết Ơn - SAKOS-001.jpg,lang_bac,2,Lăng Bác,Ho Chi Minh Mausoleum,224,224,8ed90971d9d713382da5c8f9f6efebb4,34389
Lăng Chủ tịch Hồ Chí Minh - Biểu tượng Tôn Kính và Biết Ơn - SAKOS.jpg,lang_bac,2,Lăng Bác,Ho Chi Minh Mausoleum,224,224,5ca2ecfc0b1c50a36596f9fd394e3f05,23043
Lăng Chủ tịch Hồ Chí Minh - Di sản văn hóa có giá trị muôn đời _  baotintuc.vn.jpg,lang_bac,2,Lăng Bác,Ho Chi Minh Mausoleum,224,224,a5498879b401ee4ca99eeb813c6f6615,21602
Lăng Chủ tịch Hồ Chí Minh - YouTube.jpg,lang_bac,2,Lăng Bác,Ho Chi Minh Mausoleum,224,224,af0db50d8c86199ee3730aafa8977d11,30000
Lăng Chủ tịch Hồ Chí Minh - Điểm đến nổi bật dịp lễ Quốc Khánh.jpg,lang_bac,2,Lăng Bác,Ho Chi Minh Mausoleum,224,224,17cd6804cebac20861138ede15c33905,20819
"Lăng Chủ tịch Hồ Chí Minh Nơi bồi đắp, hun đúc lòng yêu nước, niềm tự hào  dân tộc.jpg",lang_bac,2,Lăng Bác,Ho Chi Minh Mausoleum,224,224,3dab76dc8b5077b826238a4471cec746,22221
Lăng Chủ tịch Hồ Chí Minh mở cửa trở lại từ 2_8 _ Znews.vn.jpg,lang_bac,2,Lăng Bác,Ho Chi Minh Mausoleum,224,224,64718f349857129ce413b8a29186e0ba,22734
Lăng Chủ tịch Hồ Chí Minh mở cửa trở lại từ ngày 13-8.jpg,lang_bac,2,Lăng Bác,Ho Chi Minh Mausoleum,224,224,ce143f7844213fa1618e71f3a30507f7,24593
Lăng Chủ tịch Hồ Chí Minh mở cửa trở lại từ ngày 13_8.jpg,lang_bac,2,Lăng Bác,Ho Chi Minh Mausoleum,224,224,6c0a15fadb75e4e795d465de5646d5da,20685
Lăng Chủ tịch Hồ Chí Minh mở cửa trở lại từ ngày 16_8.jpg,lang_bac,2,Lăng Bác,Ho Chi Minh Mausoleum,224,224,079f796729b414aa0363b5c770f35046,41096
Lăng Chủ tịch Hồ Chí Minh mở cửa trở lại từ ngày 2_8_2025-001.jpg,lang_bac,2,Lăng Bác,Ho Chi Minh Mausoleum,224,224,cf2c5be2bce60d54dddd3f88a1b8053f,31924
Lăng Chủ tịch Hồ Chí Minh mở cửa trở lại từ ngày 2_8_2025.jpg,lang_bac,2,Lăng Bác,Ho Chi Minh Mausoleum,224,224,0eb9ef7ac6c8a055420366a11423d174,20568
"Lăng Chủ tịch Hồ Chí Minh mở cửa trở lại vào ngày mai, 15-8 _ BÁO SÀI GÒN  GIẢI PHÓNG.jpg",lang_bac,2,Lăng Bác,Ho Chi Minh Mausoleum,224,224,c77810a646428d85373a1bb4bea19bb5,23050
Lăng Chủ tịch Hồ Chí Minh mở cửa trở lại – Cơ hội để tìm về cội nguồn dân  tộc _ Blog Du Lịch Phong Cách Việt.jpg,lang_bac,2,Lăng Bác,Ho Chi Minh Mausoleum,224,224,add5e9fa52a9601730d01e6209560ad2,18895
Lăng Chủ tịch Hồ Chí Minh sẽ mở cửa trở lại từ ngày mai 6_12.jpg,lang_bac,2,Lăng Bác,Ho Chi Minh Mausoleum,224,224,3dea27941b0f97bf5a5592873431fd29,24070
Lăng Chủ tịch Hồ Chí Minh và Quảng trường Ba Đình.jpg,lang_bac,2,Lăng Bác,Ho Chi Minh Mausoleum,224,224,a5cba5a5bd148717443e976302f480e0,23151
Lăng Chủ tịch Hồ Chí Minh – Wikipedia tiếng Việt.jpg,lang_bac,2,Lăng Bác,Ho Chi Minh Mausoleum,224,224,d63c10811330c88f5599e99d62ca06a6,32469
Lăng Chủ tịch Hồ Chí Minh – điểm đến đặc biệt trong mọi trái tim của người  Việt Nam - iVIVU.com.jpg,lang_bac,2,Lăng Bác,Ho Chi Minh Mausoleum,224,224,fbefe41c2669275cf00c9d960abb3590,23701
"Lăng Chủ tịch Hồ Chí Minh, hay còn gọi là Lăng Hồ Chủ tịch, Lăng Bác, là  nơi đặt thi hài của chủ tịch Hồ Chí Minh. Lăng Chủ tịch Hồ Chí-001.jpg",lang_bac,2,Lăng Bác,Ho Chi Minh Mausoleum,224,224,0ab440f512dbfc69b44def0df4cd3206,23335
"Lăng Chủ tịch Hồ Chí Minh, hay còn gọi là Lăng Hồ Chủ tịch, Lăng Bác, là  nơi đặt thi hài của chủ tịch Hồ Chí Minh. Lăng Chủ tịch Hồ Chí.jpg",lang_bac,2,Lăng Bác,Ho Chi Minh Mausoleum,224,224,06060e8791dd00bc723113869a0ba0be,24720
"Lăng Chủ tịch Hồ Chí Minh, nơi các thế hệ người dân Việt Nam được tỏ lòng  biết ơn Bác Hồ.jpg",lang_bac,2,Lăng Bác,Ho Chi Minh Mausoleum,224,224,9180e1d777597df527628f8e196d1e87,28474
"Lăng Chủ tịch Hồ Chí Minh- công trình thiêng liêng, sâu nặng nghĩa tình -  Vĩnh Long Online.jpg",lang_bac,2,Lăng Bác,Ho Chi Minh Mausoleum,224,224,1e125652e5fd5c3b6cf3811a6aa06432,26673
Lăng Chủ tịch Hồ Chí Minh_ Biểu Tượng Thiêng Liêng của Dân Tộc – Local Trips.jpg,lang_bac,2,Lăng Bác,Ho Chi Minh Mausoleum,224,224,d388fedec930f2ee248363bf43f9f49c,27098
"Lăng Chủ tịch Hồ Chí Minh_ Lịch sử, kiến trúc & lưu ý tham quan-001.jpg",lang_bac,2,Lăng Bác,Ho Chi Minh Mausoleum,224,224,8b5b50b6347677e1ab0cbf80bb1acfae,19877
"Lăng Chủ tịch Hồ Chí Minh_ Lịch sử, kiến trúc & lưu ý tham quan-002.jpg",lang_bac,2,Lăng Bác,Ho Chi Minh Mausoleum,224,224,a84ef8de02725cb7c2576f958b9d9aea,25984
"Lăng Chủ tịch Hồ Chí Minh_ Lịch sử, kiến trúc & lưu ý tham quan-003.jpg",lang_bac,2,Lăng Bác,Ho Chi Minh Mausoleum,224,224,5318f217864ea3284808a419639a4f33,30284
"Lăng Chủ tịch Hồ Chí Minh_ Lịch sử, kiến trúc & lưu ý tham quan-004.jpg",lang_bac,2,Lăng Bác,Ho Chi Minh Mausoleum,224,224,ddb0a7a5f5336c62e4015794ac644f19,16490
"Lăng Chủ tịch Hồ Chí Minh_ Lịch sử, kiến trúc & lưu ý tham quan-005.jpg",lang_bac,2,Lăng Bác,Ho Chi Minh Mausoleum,224,224,19e3318f5b8f49769143095acf27f0b4,28221
"Lăng Chủ tịch Hồ Chí Minh_ Lịch sử, kiến trúc & lưu ý tham quan.jpg",lang_bac,2,Lăng Bác,Ho Chi Minh Mausoleum,224,224,975d956719281717feaff6fb0dd227f7,23047
Lăng Chủ tịch Hồ Chí Minh_ Những điều nên biết trước khi đi-001.jpg,lang_bac,2,Lăng Bác,Ho Chi Minh Mausoleum,224,224,8e3b8215f423a710a2ef1038ab15662c,34308
Lăng Chủ tịch Hồ Chí Minh_ Những điều nên biết trước khi đi-002.jpg,lang_bac,2,Lăng Bác,Ho Chi Minh Mausoleum,224,224,994beba503e9de92727defbe49a01c6c,25269
Lăng Chủ tịch Hồ Chí Minh_ Những điều nên biết trước khi đi-003.jpg,lang_bac,2,Lăng Bác,Ho Chi Minh Mausoleum,224,224,4d1b8bacf1aa6982271b4bc6dd161951,23536
Lăng Chủ tịch Hồ Chí Minh_ Những điều nên biết trước khi đi.jpg,lang_bac,2,Lăng Bác,Ho Chi Minh Mausoleum,224,224,25498430c313b4c10a1dc63c170fbddb,30034
Lăng Chủ tịch Hồ Chí Minh_ Phát huy giá trị công trình Lòng dân.jpg,lang_bac,2,Lăng Bác,Ho Chi Minh Mausoleum,224,224,17c9bdc887ee0ee7e3f2901dc5ccc71a,34348
Lăng chủ tịch Hồ Chí Minh_ điểm đến lịch sử ý nghĩa người Việt _ Green SM-001.jpg,lang_bac,2,Lăng Bác,Ho Chi Minh Mausoleum,224,224,3eb1ab881f28e65d7f9ba0a8aefaea14,24136
Lịch mở cửa Lăng Bác 2026_ Lăng Bác mở cửa thứ mấy_ Hiện tại Lăng Bác có mở  cửa không_.jpg,lang_bac,2,Lăng Bác,Ho Chi Minh Mausoleum,224,224,7d8e1591958f7b566d2ac85688592ade,28480
Lịch viếng lăng Bác Hồ năm 2024_ Có tổ chức lễ viếng Chủ tịch Hồ Chí.jpg,lang_bac,2,Lăng Bác,Ho Chi Minh Mausoleum,224,224,559cd154dde4527a2fa555e180f0cab3,20793
Nghi lễ thượng cờ ở Lăng Chủ tịch Hồ Chí Minh - Báo Thái Nguyên điện tử.jpg,lang_bac,2,Lăng Bác,Ho Chi Minh Mausoleum,224,224,07dc4006e5acc421da9acceb6d19bb2d,29612
Người cán bộ vinh dự được tham gia xây dựng Lăng Bác - Báo Cao Bằng điện tử.jpg,lang_bac,2,Lăng Bác,Ho Chi Minh Mausoleum,224,224,41f3ce6535d0a8b7f667b60d6e1f84c4,27030
"Người dân khắp mọi miền đất nước hội tụ về quảng trường Ba Đình viếng Bác Hồ  - Báo và Phát thanh, Truyền hình Lạng Sơn - Báo và Phát thanh, Truyền.jpg",lang_bac,2,Lăng Bác,Ho Chi Minh Mausoleum,224,224,374b8a9ed4f17c366a8359c6225496c0,33088
Người dân từ khắp mọi miền Tổ quốc vào Lăng viếng Chủ tịch Hồ Chí Minh-001.jpg,lang_bac,2,Lăng Bác,Ho Chi Minh Mausoleum,224,224,7f20f7d85cbfb71f9fc059980b89d6e7,24711
Người dân từ khắp mọi miền Tổ quốc vào Lăng viếng Chủ tịch Hồ Chí Minh.jpg,lang_bac,2,Lăng Bác,Ho Chi Minh Mausoleum,224,224,b5ee5c59f7ff6c92ccd1f2af4487dff0,18109
Người dân xếp hàng dài vào Lăng viếng Bác ngày Quốc khánh 2.9.jpg,lang_bac,2,Lăng Bác,Ho Chi Minh Mausoleum,224,224,36e775427acbe59690d5c879e669ea68,22059
Người dân xếp hàng thành kính viếng Lăng Bác đầu xuân Bính Ngọ.jpg,lang_bac,2,Lăng Bác,Ho Chi Minh Mausoleum,224,224,6c81953e7e59869f10c2616e70717826,21194
Người dân đã có thể đến Lăng thăm viếng Bác.jpg,lang_bac,2,Lăng Bác,Ho Chi Minh Mausoleum,224,224,ed54a0e865cc31be3a2db03ef2dba215,19478
Những chuyện chưa kể trong 50 năm gìn giữ thi hài Chủ tịch Hồ Chí Minh _  Znews.vn.jpg,lang_bac,2,Lăng Bác,Ho Chi Minh Mausoleum,224,224,cbc4a2b85bd2fc6b064d8b4ff6cae568,23021
"Phát huy ý nghĩa lịch sử, chính trị, văn hoá công trình Lăng Chủ tịch Hồ  Chí Minh trong giáo dục truyền thống cách mạng _ nguyenvanlongwdckbchnnet.jpg",lang_bac,2,Lăng Bác,Ho Chi Minh Mausoleum,224,224,1a2c58ee0e0fe81238199943a56b01a8,19877
Phạt 30 triệu nếu chụp ảnh ở vùng cấm thuộc Lăng Bác.jpg,lang_bac,2,Lăng Bác,Ho Chi Minh Mausoleum,224,224,541bbc0fa6033c2cf4558fa24f5640e4,20607
Quá trình xây dựng lăng Chủ tịch Hồ Chí Minh và ý nghĩa_.jpg,lang_bac,2,Lăng Bác,Ho Chi Minh Mausoleum,224,224,28fcd72b654367909282b7714e776a47,27906
Quảng trường trước Lăng Chủ tịch Hồ Chí Minh có bao nhiêu ô cỏ_-001.jpg,lang_bac,2,Lăng Bác,Ho Chi Minh Mausoleum,224,224,09bb52b30e346ae7cec3362d710e0ed4,26858
Quảng trường trước Lăng Chủ tịch Hồ Chí Minh có bao nhiêu ô cỏ_.jpg,lang_bac,2,Lăng Bác,Ho Chi Minh Mausoleum,224,224,3f772f2b3ebe6e75d94f6d7f39c38db7,29599
"Review Kinh Nghiệm Thăm, Viếng, Giờ Mở Cửa LĂNG BÁC 2026 - Dulich.Pro.Vn-001.jpg",lang_bac,2,Lăng Bác,Ho Chi Minh Mausoleum,224,224,ed8035ebfb9ecf749976c21cea652007,20330
"Review Kinh Nghiệm Thăm, Viếng, Giờ Mở Cửa LĂNG BÁC 2026 - Dulich.Pro.Vn-002.jpg",lang_bac,2,Lăng Bác,Ho Chi Minh Mausoleum,224,224,94ffeebdddc81391e0a42c7a7fa7938e,23300
"Review Kinh Nghiệm Thăm, Viếng, Giờ Mở Cửa LĂNG BÁC 2026 - Dulich.Pro.Vn.jpg",lang_bac,2,Lăng Bác,Ho Chi Minh Mausoleum,224,224,c509f7544b78b8f42438a5a653841daa,22148
Rợp bóng người chụp ảnh trước Lăng Chủ tịch Hồ Chí Minh dịp 30_4.jpg,lang_bac,2,Lăng Bác,Ho Chi Minh Mausoleum,224,224,b246d12c96635b1e4476e0f944cf4a33,21650
SINH VIÊN HIC THĂM QUAN - TRẢI NGHIỆM TẠI LĂNG BÁC VÀ VĂN MIẾU QUỐC TỬ GIÁM.jpg,lang_bac,2,Lăng Bác,Ho Chi Minh Mausoleum,224,224,c30dab392ced7b64516021abf4fc894b,26690
"Sáng nay lãnh đạo Đảng, Nhà nước vào Lăng viếng Chủ tịch Hồ Chí Minh _ Báo  Dân trí.jpg",lang_bac,2,Lăng Bác,Ho Chi Minh Mausoleum,224,224,ca4958e49b6024127206fd138624677a,30766
Tất tần tật về kinh nghiệm tham quan Lăng chủ Tịch Hồ Chí Minh-001.jpg,lang_bac,2,Lăng Bác,Ho Chi Minh Mausoleum,224,224,9db9d1bf0362a3c142a2e4ab77a50315,21915
Tất tần tật về kinh nghiệm tham quan Lăng chủ Tịch Hồ Chí Minh.jpg,lang_bac,2,Lăng Bác,Ho Chi Minh Mausoleum,224,224,437bcb4ae1ab2bd26d3a6c6923062299,25148
Tham Quan Lăng Chủ Tịch Hồ Chí Minh - Biểu Tượng Của Thủ Đô Hà Nội _ BDATrip.jpg,lang_bac,2,Lăng Bác,Ho Chi Minh Mausoleum,224,224,67c7e29fead068ed6b0550c339bd61a2,19769
Tham quan Lăng Bác Hồ_ Hướng dẫn từ A - Z chi tiết.jpg,lang_bac,2,Lăng Bác,Ho Chi Minh Mausoleum,224,224,7989f3bb706d0429dbb38eb781138a2d,23722
Thăm Khu di tích Bác Hồ - Vĩnh Long Online.jpg,lang_bac,2,Lăng Bác,Ho Chi Minh Mausoleum,224,224,b4fddf277b4ffe20f5af32eec4f05898,27500
Thăm Viếng Lăng Chủ tịch Hồ Chí Minh – Acnos Grand Hotel – Khách Sạn 3 sao  quận 3.jpg,lang_bac,2,Lăng Bác,Ho Chi Minh Mausoleum,224,224,15f4e5d7aa67832e77fc7502e0bc49a3,30274
Thắp sáng khát vọng tuổi trẻ bên Lăng Bác.jpg,lang_bac,2,Lăng Bác,Ho Chi Minh Mausoleum,224,224,3a35af9d4446548e3824a8bb97ba7b34,31077
Thi hài Bác Hồ trong Lăng là thật hay là tượng sáp - Thăm quan Lăng Chủ  Tịch Hồ Chí Minh - YouTube.jpg,lang_bac,2,Lăng Bác,Ho Chi Minh Mausoleum,224,224,e5c8181806398eef478b8faac1cf9fbd,36470
Thời gian lễ viếng Chủ tịch Hồ Chí Minh ngày 19_5_2025 tại Lăng Bác.jpg,lang_bac,2,Lăng Bác,Ho Chi Minh Mausoleum,224,224,3c270452bb4a5ed3df4268a78a23a819,21782
Tin tức Lăng Chủ tịch Hồ Chí Minh mới nhất hôm nay trên VnExpress-001.jpg,lang_bac,2,Lăng Bác,Ho Chi Minh Mausoleum,224,224,2ba238d583175f91ba71ca8076a57b99,36158
Tin tức Lăng Chủ tịch Hồ Chí Minh mới nhất hôm nay trên VnExpress.jpg,lang_bac,2,Lăng Bác,Ho Chi Minh Mausoleum,224,224,f8dc1cdf0cd3712051274172195bbc40,42578
Tin tức bài viết.jpg,lang_bac,2,Lăng Bác,Ho Chi Minh Mausoleum,224,224,ef2cc0c68f55d43dd39575b424c2fe17,24172
"Tin tức, sự kiện liên quan đến lang chu tich ho chi minh - Tuổi Trẻ Online.jpg",lang_bac,2,Lăng Bác,Ho Chi Minh Mausoleum,224,224,dd9f46d0cbd04b99e96d5d0ce97bb9c7,30941
Toàn cảnh Lăng Bác Hồ.jpg,lang_bac,2,Lăng Bác,Ho Chi Minh Mausoleum,224,224,f5d199ca6f5955abba9246f8e97e924c,34330
Trang chủ - Tin tức sự kiện.jpg,lang_bac,2,Lăng Bác,Ho Chi Minh Mausoleum,224,224,77d8f34c84de3668d7c2da1e0b2d5c4e,29975
Tranh lăng Chủ tịch Hồ Chí Minh mạ vàng 24K chế tác thủ công.jpg,lang_bac,2,Lăng Bác,Ho Chi Minh Mausoleum,224,224,3f5f634297afabd05b0fa0ec8582865a,29962
Từ Lăng Bác đến di tích quê hương - hành trình gieo mầm nhân cách cho trẻ  Hoài Đức.jpg,lang_bac,2,Lăng Bác,Ho Chi Minh Mausoleum,224,224,463d5da9ad24d9990c1a04b5f049406d,24538
"Từ ngày 2_8, Lăng Chủ tịch Hồ Chí Minh mở cửa trở lại, tiếp tục đón nhân  dân và khách quốc tế vào viếng Bác.jpg",lang_bac,2,Lăng Bác,Ho Chi Minh Mausoleum,224,224,d2b75294d5512cfd990b91910abdf2b4,29781
Từ ngày hôm nay (10_6) tạm dừng tổ chức viếng Lăng Chủ tịch Hồ Chí Minh.jpg,lang_bac,2,Lăng Bác,Ho Chi Minh Mausoleum,224,224,872e8c8ea74320f34d2316c30d43b089,32231
Tự hào là nơi lưu giữ hình ảnh Chủ tịch Hồ Chí Minh _ baotintuc.vn.jpg,lang_bac,2,Lăng Bác,Ho Chi Minh Mausoleum,224,224,5b0517036c3f399c6548e4bcc3447cf9,19849
Văn Miếu – lăng Bác - vườn thú Thủ Lệ - bảo tàng Quân Đội.jpg,lang_bac,2,Lăng Bác,Ho Chi Minh Mausoleum,224,224,19880f4ed8f9a06e950ca53c7fec7daf,17731
Viếng lăng Bác Hồ – Lăng Chủ tịch Hồ Chí Minh Và Những Điều Cần Lưu Ý –  Viking VietNam.jpg,lang_bac,2,Lăng Bác,Ho Chi Minh Mausoleum,224,224,5cbdcce362c70c1ea8903ddcc9afd8db,23375
Viếng thăm Lăng Bác Hồ - Nơi yên nghỉ vị lãnh tụ vĩ đại của dân tộc Việt  Nam - BlogAnChoi.jpg,lang_bac,2,Lăng Bác,Ho Chi Minh Mausoleum,224,224,b4504c0a0d24a051b3d41b8bbbec20cf,18034
lang_bac_0026.jpg,lang_bac,2,Lăng Bác,Ho Chi Minh Mausoleum,224,224,6ffc59d022a85cacd617cf6294f1a16a,24953
lang_bac_0027.jpg,lang_bac,2,Lăng Bác,Ho Chi Minh Mausoleum,224,224,8c646d07a5694cf5bba1582ced733298,19918
lang_bac_0028.jpg,lang_bac,2,Lăng Bác,Ho Chi Minh Mausoleum,224,224,627385c205b5ae362aa42400d1db7fd0,24455
lang_bac_0029.jpg,lang_bac,2,Lăng Bác,Ho Chi Minh Mausoleum,224,224,8efadd0c8d28272951d130403c4473fe,27390
lang_bac_0030.jpg,lang_bac,2,Lăng Bác,Ho Chi Minh Mausoleum,224,224,51e5fb4e9c1ee0efa64a042dce92ea16,21841
lang_bac_0031.jpg,lang_bac,2,Lăng Bác,Ho Chi Minh Mausoleum,224,224,b0d01b7f440643645cf88f3f6f4df6ec,21297
lang_bac_0032.jpg,lang_bac,2,Lăng Bác,Ho Chi Minh Mausoleum,224,224,188aef8d74b720bffbf05736501e923a,29225
lang_bac_0034.jpg,lang_bac,2,Lăng Bác,Ho Chi Minh Mausoleum,224,224,82f1769c638a2434827a9fbf0058094c,26852
lang_bac_0035.jpg,lang_bac,2,Lăng Bác,Ho Chi Minh Mausoleum,224,224,d35d7052f330fcbce0f20e8321579641,28049
lang_bac_0036.jpg,lang_bac,2,Lăng Bác,Ho Chi Minh Mausoleum,224,224,d361b74508f0d8cf6e299c16cafa6cf7,16299
lang_bac_0037.jpg,lang_bac,2,Lăng Bác,Ho Chi Minh Mausoleum,224,224,9fb811e3671060c51e1767fa1ee7d015,24388
lang_bac_0038.jpg,lang_bac,2,Lăng Bác,Ho Chi Minh Mausoleum,224,224,fa8ddfd7ff28b08374cf747906a541ef,30554
lang_bac_0040.jpg,lang_bac,2,Lăng Bác,Ho Chi Minh Mausoleum,224,224,34c3ce1d36cadab6a97ab3b97982fbca,29497
lang_bac_0045.jpg,lang_bac,2,Lăng Bác,Ho Chi Minh Mausoleum,224,224,f60a1c21f01eacf2f69a4f613e5b7483,30688
lang_bac_0047.jpg,lang_bac,2,Lăng Bác,Ho Chi Minh Mausoleum,224,224,36e34f84df8813dcb9201367109e0cbf,27006
lang_bac_0048.jpg,lang_bac,2,Lăng Bác,Ho Chi Minh Mausoleum,224,224,a0983034527a3a893efade63353b3bc9,22587
lang_bac_0049.jpg,lang_bac,2,Lăng Bác,Ho Chi Minh Mausoleum,224,224,7cf018d244d8c0d9c1900e5d3307bfb1,35881
lang_bac_0050.jpg,lang_bac,2,Lăng Bác,Ho Chi Minh Mausoleum,224,224,2376684efab7c665f5cc105e9b49eb09,34449
lang_bac_0051.jpg,lang_bac,2,Lăng Bác,Ho Chi Minh Mausoleum,224,224,8a6c90f16f834d5441de36111f580238,25632
lang_bac_0053.jpg,lang_bac,2,Lăng Bác,Ho Chi Minh Mausoleum,224,224,cc7cb2fefa6157ff513f2e4b828645e4,32246
lang_bac_0054.jpg,lang_bac,2,Lăng Bác,Ho Chi Minh Mausoleum,224,224,6fedc786df24111fcee5f452fda134a5,21818
lang_bac_0055.jpg,lang_bac,2,Lăng Bác,Ho Chi Minh Mausoleum,224,224,ed95c2352e5d92f8ce47318ec7211b09,25018
lang_bac_0059.jpg,lang_bac,2,Lăng Bác,Ho Chi Minh Mausoleum,224,224,7f5bce120566e4d4fad15aa603137c66,19001
lang_bac_0061.jpg,lang_bac,2,Lăng Bác,Ho Chi Minh Mausoleum,224,224,0247eb54b3ee4b0cd9cc87f4f4a74409,20524
lang_bac_0062.jpg,lang_bac,2,Lăng Bác,Ho Chi Minh Mausoleum,224,224,718b86833122f3b98b3649c5411f5e74,25478
lang_bac_0064.jpg,lang_bac,2,Lăng Bác,Ho Chi Minh Mausoleum,224,224,f4e7f8be3d24734de9b4249460590def,23954
lang_bac_0065.jpg,lang_bac,2,Lăng Bác,Ho Chi Minh Mausoleum,224,224,7fbc75b935c21dc691cc28f7ece3b0fe,34668
lang_bac_0066.jpg,lang_bac,2,Lăng Bác,Ho Chi Minh Mausoleum,224,224,0325bc41f5c93e918316c45ba721a52a,30440
lang_bac_0067.jpg,lang_bac,2,Lăng Bác,Ho Chi Minh Mausoleum,224,224,4b9b3214ff264d78d6ae91dc725dfb3c,37048
lang_bac_0069.jpg,lang_bac,2,Lăng Bác,Ho Chi Minh Mausoleum,224,224,3529a9b5bc094571d179496aa254f234,25545
lang_bac_0070.jpg,lang_bac,2,Lăng Bác,Ho Chi Minh Mausoleum,224,224,4057302d84908f6fe846599419de33c9,20347
lang_bac_0072.jpg,lang_bac,2,Lăng Bác,Ho Chi Minh Mausoleum,224,224,498cd29fe96541e4b7640cea13203a4b,23957
lang_bac_0073.jpg,lang_bac,2,Lăng Bác,Ho Chi Minh Mausoleum,224,224,bebaa8d7b7399bbf10754947e6e2a005,22869
lang_bac_0074.jpg,lang_bac,2,Lăng Bác,Ho Chi Minh Mausoleum,224,224,c16e002e768b30e5eade0f1aec184a69,22282
lang_bac_0077.jpg,lang_bac,2,Lăng Bác,Ho Chi Minh Mausoleum,224,224,1aeacb70eb279bba2c6034c458df7280,35411
lang_bac_0078.jpg,lang_bac,2,Lăng Bác,Ho Chi Minh Mausoleum,224,224,dcbea8fe6e424697f6e172d05daf8c9a,23208
lang_bac_0080.jpg,lang_bac,2,Lăng Bác,Ho Chi Minh Mausoleum,224,224,2460ce841f4f76022c5de1cde1a13bd9,24457
lang_bac_0082.jpg,lang_bac,2,Lăng Bác,Ho Chi Minh Mausoleum,224,224,a8e58aad6b3b809a53833ac188d99db0,28177
lang_bac_0083.jpg,lang_bac,2,Lăng Bác,Ho Chi Minh Mausoleum,224,224,ccd0e8f6b04a84649840a75b962ff65c,18086
lang_bac_0084.jpg,lang_bac,2,Lăng Bác,Ho Chi Minh Mausoleum,224,224,4aa93a46f4dd9c5578b092d4659191e6,24903
lang_bac_0086.jpg,lang_bac,2,Lăng Bác,Ho Chi Minh Mausoleum,224,224,42ad06e57ac2ff9923959c66c0091f55,22672
lang_bac_0089.jpg,lang_bac,2,Lăng Bác,Ho Chi Minh Mausoleum,224,224,606b69628d7e4daae8739a0e8d09ba13,19944
lang_bac_0091.jpg,lang_bac,2,Lăng Bác,Ho Chi Minh Mausoleum,224,224,e23e62220a1d9833d47dc88d047752f0,19315
lang_bac_0092.jpg,lang_bac,2,Lăng Bác,Ho Chi Minh Mausoleum,224,224,f99f65ae13a001f954b2fe7ace18fb13,41316
lang_bac_0093.jpg,lang_bac,2,Lăng Bác,Ho Chi Minh Mausoleum,224,224,96c7f0b7cbb9d9f7cf91f10f7eadae92,17898
lang_bac_0112.jpg,lang_bac,2,Lăng Bác,Ho Chi Minh Mausoleum,224,224,e6d75933b639a91b7fc0cc133aa9b538,22897
lang_bac_0113.jpg,lang_bac,2,Lăng Bác,Ho Chi Minh Mausoleum,224,224,7ba7dcd81b4987f9c5e461aca441c6df,24336
lang_bac_0114.jpg,lang_bac,2,Lăng Bác,Ho Chi Minh Mausoleum,224,224,14fa4e548bf7a88161696b3c88191fa5,23581
lang_bac_0115.jpg,lang_bac,2,Lăng Bác,Ho Chi Minh Mausoleum,224,224,06e74385882933d0877a3beac2969cff,18614
lang_bac_0116.jpg,lang_bac,2,Lăng Bác,Ho Chi Minh Mausoleum,224,224,a1a221929bad1504e01e43b71aa28df2,19694
lang_bac_0118.jpg,lang_bac,2,Lăng Bác,Ho Chi Minh Mausoleum,224,224,e863a33591bdd7d008185f7ff238567c,22413
lang_bac_0119.jpg,lang_bac,2,Lăng Bác,Ho Chi Minh Mausoleum,224,224,0922476ff401504971df6587d2c5a545,20882
lang_bac_0120.jpg,lang_bac,2,Lăng Bác,Ho Chi Minh Mausoleum,224,224,62ddf8d8e2f0614de4707cacaa0e7482,23006
lang_bac_0121.jpg,lang_bac,2,Lăng Bác,Ho Chi Minh Mausoleum,224,224,0bcbdedc6c5d623d39eb591ac98f8367,21967
lang_bac_0124.jpg,lang_bac,2,Lăng Bác,Ho Chi Minh Mausoleum,224,224,e328ecb57f7fb7eceae3d0f368285266,23720
lang_bac_0125.jpg,lang_bac,2,Lăng Bác,Ho Chi Minh Mausoleum,224,224,64691fbe4fb51b2f9dd0544b6944f19b,21366
lang_bac_0126.jpg,lang_bac,2,Lăng Bác,Ho Chi Minh Mausoleum,224,224,eb5ade770811bd10f4d3a14d1bedc9b2,30109
lang_bac_0127.jpg,lang_bac,2,Lăng Bác,Ho Chi Minh Mausoleum,224,224,86521fbdad9882618600111f7283bbd6,21764
lang_bac_0129.jpg,lang_bac,2,Lăng Bác,Ho Chi Minh Mausoleum,224,224,5946796134d569b45516b9328b781d2e,21628
lang_bac_0130.jpg,lang_bac,2,Lăng Bác,Ho Chi Minh Mausoleum,224,224,e5f92a070005f65cf23b6929a10a2a3e,23400
lang_bac_0131.jpg,lang_bac,2,Lăng Bác,Ho Chi Minh Mausoleum,224,224,eaff739705d5cd96ee3dd8824d08ea16,23848
lang_bac_0132.jpg,lang_bac,2,Lăng Bác,Ho Chi Minh Mausoleum,224,224,bd5c498997b84b07f33e9960a0038866,19900
lang_bac_0133.jpg,lang_bac,2,Lăng Bác,Ho Chi Minh Mausoleum,224,224,f15be6a69c5ca227521f470687e5253d,21000
lang_bac_0134.jpg,lang_bac,2,Lăng Bác,Ho Chi Minh Mausoleum,224,224,7570d9fa3712a9be1413e809eca1e271,23666
lang_bac_0136.jpg,lang_bac,2,Lăng Bác,Ho Chi Minh Mausoleum,224,224,d429f4d3c809c4e3b0a23a202fb7ec47,23063
lang_bac_0137.jpg,lang_bac,2,Lăng Bác,Ho Chi Minh Mausoleum,224,224,a5b3f76a8ef4f7d2b2446d005c5ac4b4,23735
lang_bac_0138.jpg,lang_bac,2,Lăng Bác,Ho Chi Minh Mausoleum,224,224,553eb3c66d0650e34fe747d668fe0072,23996
lang_bac_0140.jpg,lang_bac,2,Lăng Bác,Ho Chi Minh Mausoleum,224,224,bae04ff4df03b47079f33177cb136b4f,22759
lang_bac_0141.jpg,lang_bac,2,Lăng Bác,Ho Chi Minh Mausoleum,224,224,333b033cac45c44b10bb4d1700d85bac,19877
lang_bac_0142.jpg,lang_bac,2,Lăng Bác,Ho Chi Minh Mausoleum,224,224,49151522dd70c672ef16f421f1caa945,24639
lang_bac_0143.jpg,lang_bac,2,Lăng Bác,Ho Chi Minh Mausoleum,224,224,ca6b06b9928bdddfe2654ddfb2bb28df,21469
lang_bac_0146.jpg,lang_bac,2,Lăng Bác,Ho Chi Minh Mausoleum,224,224,95fb80c263f59b459d364d4b42cdcfe9,21585
lang_bac_0147.jpg,lang_bac,2,Lăng Bác,Ho Chi Minh Mausoleum,224,224,61feb4cf58faa3f790bca7f9a5075fb4,22976
lang_bac_0148.jpg,lang_bac,2,Lăng Bác,Ho Chi Minh Mausoleum,224,224,5c32ab1af448728f297e5c8279219fe9,20198
lang_bac_0149.jpg,lang_bac,2,Lăng Bác,Ho Chi Minh Mausoleum,224,224,8b3c5f24c8ab2eda3c2ada2df2da7fc2,26544
lang_bac_0150.jpg,lang_bac,2,Lăng Bác,Ho Chi Minh Mausoleum,224,224,5c7cd30af4599541fbb6225a2b871b83,19448
lang_bac_0151.jpg,lang_bac,2,Lăng Bác,Ho Chi Minh Mausoleum,224,224,9a4b62735af7d1ac23648d08cace6085,20129
lang_bac_0152.jpg,lang_bac,2,Lăng Bác,Ho Chi Minh Mausoleum,224,224,0d9e346376486e3f1e48a463eddb4bf6,20988
lang_bac_0153.jpg,lang_bac,2,Lăng Bác,Ho Chi Minh Mausoleum,224,224,1f0549a371caa3557bd216711a7c4f4c,18426
lang_bac_0154.jpg,lang_bac,2,Lăng Bác,Ho Chi Minh Mausoleum,224,224,b0954c0bd34f3d2982e371bfe893c145,17051
lang_bac_0156.jpg,lang_bac,2,Lăng Bác,Ho Chi Minh Mausoleum,224,224,43e9f6c405e48a1c1a7a8b9838b86acd,19590
lang_bac_0157.jpg,lang_bac,2,Lăng Bác,Ho Chi Minh Mausoleum,224,224,a35bda76057e864c7af757e4e7ed0955,21039
lang_bac_0158.jpg,lang_bac,2,Lăng Bác,Ho Chi Minh Mausoleum,224,224,063cac66a7c35ce4e0eb819c9159bce5,16898
lang_bac_0159.jpg,lang_bac,2,Lăng Bác,Ho Chi Minh Mausoleum,224,224,ca4a057e41c24870f8c413046850d82f,23039
lang_bac_0160.jpg,lang_bac,2,Lăng Bác,Ho Chi Minh Mausoleum,224,224,66d3bac5a2fffb848026ec63a8cd527c,23340
lang_bac_0161.jpg,lang_bac,2,Lăng Bác,Ho Chi Minh Mausoleum,224,224,81a344718200ff5b0c7ff90f0a994f48,21466
lang_bac_0163.jpg,lang_bac,2,Lăng Bác,Ho Chi Minh Mausoleum,224,224,815fb18ca3e6cb531a2ca57c6364aab8,21779
lang_bac_0164.jpg,lang_bac,2,Lăng Bác,Ho Chi Minh Mausoleum,224,224,57534a0df68ae0bea9d3c90aab50dc90,18042
lang_bac_0165.jpg,lang_bac,2,Lăng Bác,Ho Chi Minh Mausoleum,224,224,64d58376d10f19d02e2fb5e8339007be,17297
lang_bac_0168.jpg,lang_bac,2,Lăng Bác,Ho Chi Minh Mausoleum,224,224,603854f2d227620e9a24ab785b1d0ca6,19210
lang_bac_0169.jpg,lang_bac,2,Lăng Bác,Ho Chi Minh Mausoleum,224,224,d2f952bbd5d99f3dbec4e8f65499ea72,18108
lang_bac_0171.jpg,lang_bac,2,Lăng Bác,Ho Chi Minh Mausoleum,224,224,ba07bc87e65d6d82b8bde78b8313e31b,17164
lang_bac_0173.jpg,lang_bac,2,Lăng Bác,Ho Chi Minh Mausoleum,224,224,5e7706a33fd216d0bbd04e2a45acf979,21663
lang_bac_0174.jpg,lang_bac,2,Lăng Bác,Ho Chi Minh Mausoleum,224,224,24861aa5d210aadfb581ff27f2d59516,23602
lang_bac_0176.jpg,lang_bac,2,Lăng Bác,Ho Chi Minh Mausoleum,224,224,d1a50361fc4032c612b545b88f7e01a0,19847
lang_bac_0185.jpg,lang_bac,2,Lăng Bác,Ho Chi Minh Mausoleum,224,224,1f121017652ab46eaa829d67b1840d18,20327
lang_bac_0197.jpg,lang_bac,2,Lăng Bác,Ho Chi Minh Mausoleum,224,224,1eba4d67a0f19a83dfeb05ea82d7ea5c,22315
lang_bac_0199.jpg,lang_bac,2,Lăng Bác,Ho Chi Minh Mausoleum,224,224,fed33165756c8c1872fb6d892761c1fe,22825
lang_bac_0200.jpg,lang_bac,2,Lăng Bác,Ho Chi Minh Mausoleum,224,224,f4b7b00773b92823cc9f3658aa45f8be,18691
lang_bac_0201.jpg,lang_bac,2,Lăng Bác,Ho Chi Minh Mausoleum,224,224,a8936b06f1bc3a1dee053b2af76d2146,21246
lang_bac_0202.jpg,lang_bac,2,Lăng Bác,Ho Chi Minh Mausoleum,224,224,9786129d0b4a3da258c387aa87f134cb,19197
lang_bac_0207.jpg,lang_bac,2,Lăng Bác,Ho Chi Minh Mausoleum,224,224,5cac777940709a372841ddedcbbf499e,19991
lang_bac_0211.jpg,lang_bac,2,Lăng Bác,Ho Chi Minh Mausoleum,224,224,912d8190bbf6edbe9bfffa06090e2a91,21228
lang_bac_0213.jpg,lang_bac,2,Lăng Bác,Ho Chi Minh Mausoleum,224,224,312184e49447c4f5def30b4857bc2370,20617
lang_bac_0217.jpg,lang_bac,2,Lăng Bác,Ho Chi Minh Mausoleum,224,224,bc364a01e3067835febd8408fa5498d2,20440
lang_bac_0222.jpg,lang_bac,2,Lăng Bác,Ho Chi Minh Mausoleum,224,224,7fa20cb60d6dacff9914d9282252a589,22276
lang_bac_0228.jpg,lang_bac,2,Lăng Bác,Ho Chi Minh Mausoleum,224,224,040419b41fbfa6210121c21f479d8791,18638
lang_bac_0231.jpg,lang_bac,2,Lăng Bác,Ho Chi Minh Mausoleum,224,224,61a1b3d538ec75e9cd4204dcd741c59e,18286
lang_bac_0233.jpg,lang_bac,2,Lăng Bác,Ho Chi Minh Mausoleum,224,224,71e34fdda2e5f2c4be5631c60daf8fbb,23976
lang_bac_0235.jpg,lang_bac,2,Lăng Bác,Ho Chi Minh Mausoleum,224,224,f560846a6464564e5b2496b2249d91d6,20142
lang_bac_0248.jpg,lang_bac,2,Lăng Bác,Ho Chi Minh Mausoleum,224,224,023fdeb099b9299501de06dac1c2203b,30845
lang_bac_0249.jpg,lang_bac,2,Lăng Bác,Ho Chi Minh Mausoleum,224,224,694131aaa77dc85c1e2bfe026187193c,31760
lang_bac_0251.jpg,lang_bac,2,Lăng Bác,Ho Chi Minh Mausoleum,224,224,5d8b5832032aa69f91fc67dac69d8072,17220
lang_bac_0264.jpg,lang_bac,2,Lăng Bác,Ho Chi Minh Mausoleum,224,224,4379abdee16cb6053d914ec1a6ddc437,25839
lang_bac_0266.jpg,lang_bac,2,Lăng Bác,Ho Chi Minh Mausoleum,224,224,95455e28cd90ec7748ab62afc3f2f713,27869
lang_bac_0273.jpg,lang_bac,2,Lăng Bác,Ho Chi Minh Mausoleum,224,224,b4821c413b362f27befaecbb0e37cf48,20470
lang_bac_0286.jpg,lang_bac,2,Lăng Bác,Ho Chi Minh Mausoleum,224,224,c9baced62e480662d3e708c05081fe37,17946
lang_bac_0298.jpg,lang_bac,2,Lăng Bác,Ho Chi Minh Mausoleum,224,224,6e15c2d7cdfdd7a463641817188f23e9,32663
lang_bac_0303.jpg,lang_bac,2,Lăng Bác,Ho Chi Minh Mausoleum,224,224,fa0cf588f7b475de51f4dd9163737526,27440
lang_bac_0348.jpg,lang_bac,2,Lăng Bác,Ho Chi Minh Mausoleum,224,224,863f82e3d6ec210cd68c396cdf8b9c6f,23207
lang_bac_0577.jpg,lang_bac,2,Lăng Bác,Ho Chi Minh Mausoleum,224,224,bff0f608a0f783b81b619b8eafb408df,24553
lang_bac_0578.jpg,lang_bac,2,Lăng Bác,Ho Chi Minh Mausoleum,224,224,3936afbac65382408a645f764f64327b,26361
lang_bac_0579.jpg,lang_bac,2,Lăng Bác,Ho Chi Minh Mausoleum,224,224,891d3c9d0683342079922600277b49e5,25344
lang_bac_0580.jpg,lang_bac,2,Lăng Bác,Ho Chi Minh Mausoleum,224,224,0ae5911eed3cbc115d9fc491d2482fba,19675
lang_bac_0582.jpg,lang_bac,2,Lăng Bác,Ho Chi Minh Mausoleum,224,224,36021fad920b4d2898bee1b569ef64d5,23284
lang_bac_0584.jpg,lang_bac,2,Lăng Bác,Ho Chi Minh Mausoleum,224,224,3769c6c6960f0ca7dab9f5bd0df46ab2,18963
lang_bac_0588.jpg,lang_bac,2,Lăng Bác,Ho Chi Minh Mausoleum,224,224,1d76c36e993ba59658f8f5c355fe8379,21116
lang_bac_0593.jpg,lang_bac,2,Lăng Bác,Ho Chi Minh Mausoleum,224,224,64f15d6b2702a4cd1669bcb6f578714c,22661
lang_bac_0602.jpg,lang_bac,2,Lăng Bác,Ho Chi Minh Mausoleum,224,224,0aa82755b3f7cfd0885535407caf13c5,21506
lang_bac_0604.jpg,lang_bac,2,Lăng Bác,Ho Chi Minh Mausoleum,224,224,568fa68838e6066e9a85a324627c9ea0,26307
lang_bac_0607.jpg,lang_bac,2,Lăng Bác,Ho Chi Minh Mausoleum,224,224,8245c0b323ac028d488be2726bf93a53,20784
lang_bac_0611.jpg,lang_bac,2,Lăng Bác,Ho Chi Minh Mausoleum,224,224,ce56a6fdc8377f9c253a5440c004ab6a,20116
lang_bac_0612.jpg,lang_bac,2,Lăng Bác,Ho Chi Minh Mausoleum,224,224,69346bad66d4e7540306fa323f81e1f8,19354
lang_bac_0618.jpg,lang_bac,2,Lăng Bác,Ho Chi Minh Mausoleum,224,224,effc7384d4edea74a26188997f05474a,27821
lang_bac_0623.jpg,lang_bac,2,Lăng Bác,Ho Chi Minh Mausoleum,224,224,83f3e02561eb1e0813ec92b6c5d9fb27,18144
lang_bac_0627.jpg,lang_bac,2,Lăng Bác,Ho Chi Minh Mausoleum,224,224,0bc255076e54371dfe9a47770b92f19b,20504
lang_bac_0633.jpg,lang_bac,2,Lăng Bác,Ho Chi Minh Mausoleum,224,224,3ac98cf3061556ca5e59a0374e0817b2,21361
lang_bac_0645.jpg,lang_bac,2,Lăng Bác,Ho Chi Minh Mausoleum,224,224,6778e59cffae4db7a204c6ccaaf3a557,25323
lang_bac_0695.jpg,lang_bac,2,Lăng Bác,Ho Chi Minh Mausoleum,224,224,9a249309380e175583f947eeb71055df,18803
lang_bac_0699.jpg,lang_bac,2,Lăng Bác,Ho Chi Minh Mausoleum,224,224,56e8dccda0e49a59ea5658126824a91c,21566
lang_bac_0748.jpg,lang_bac,2,Lăng Bác,Ho Chi Minh Mausoleum,224,224,84b3b4de148dc679b620bb77d3e7bb44,24134
lang_bac_0750.jpg,lang_bac,2,Lăng Bác,Ho Chi Minh Mausoleum,224,224,38c3a0ba0038b1061aba38faa54db813,19169
lang_bac_0768.jpg,lang_bac,2,Lăng Bác,Ho Chi Minh Mausoleum,224,224,c3bfffdf0a633efcc25df55de3d2a7c2,22756
lang_bac_0927.jpg,lang_bac,2,Lăng Bác,Ho Chi Minh Mausoleum,224,224,29979fd05872262cd7880c368cff9408,23788
lang_bac_0928.jpg,lang_bac,2,Lăng Bác,Ho Chi Minh Mausoleum,224,224,887e84f42b0689fc9b4935a07c16447d,16818
lang_bac_0938.jpg,lang_bac,2,Lăng Bác,Ho Chi Minh Mausoleum,224,224,948af0416c7c1d55e58cefdac70a45dc,21839
lang_bac_0987.jpg,lang_bac,2,Lăng Bác,Ho Chi Minh Mausoleum,224,224,dbe27756c4957f5dff385de261f7c5b8,19465
lang_bac_aug_00316.jpg,lang_bac,2,Lăng Bác,Ho Chi Minh Mausoleum,224,224,cc6e990b79f38f4edaddc77ba02ea840,20113
lang_bac_aug_00317.jpg,lang_bac,2,Lăng Bác,Ho Chi Minh Mausoleum,224,224,f3e7294bdd96a5fbb53eff856cb6396e,19081
lang_bac_aug_00318.jpg,lang_bac,2,Lăng Bác,Ho Chi Minh Mausoleum,224,224,a8ac01519b26733329d0e564fee91a48,11047
lang_bac_aug_00319.jpg,lang_bac,2,Lăng Bác,Ho Chi Minh Mausoleum,224,224,83a02303090846f7a7141775b36ed8b3,16634
lang_bac_aug_00320.jpg,lang_bac,2,Lăng Bác,Ho Chi Minh Mausoleum,224,224,ac02824736e6941e9f00767596e6280a,23068
lang_bac_aug_00321.jpg,lang_bac,2,Lăng Bác,Ho Chi Minh Mausoleum,224,224,3f09ec57ca888add3582355b6494b32c,14373
lang_bac_aug_00322.jpg,lang_bac,2,Lăng Bác,Ho Chi Minh Mausoleum,224,224,5f1b61b9c8869ea1a45a9196aa7da18e,18861
lang_bac_aug_00323.jpg,lang_bac,2,Lăng Bác,Ho Chi Minh Mausoleum,224,224,2448eeefafa3754df588103bd9fbd423,34007
lang_bac_aug_00324.jpg,lang_bac,2,Lăng Bác,Ho Chi Minh Mausoleum,224,224,4298a4bbbd6fb30755f440a23dd6fa1d,21645
lang_bac_aug_00325.jpg,lang_bac,2,Lăng Bác,Ho Chi Minh Mausoleum,224,224,672c85a1389c28567ad81a861551218e,23683
lang_bac_aug_00326.jpg,lang_bac,2,Lăng Bác,Ho Chi Minh Mausoleum,224,224,a957cca9e91b0e2f015980917e20bc12,41590
lang_bac_aug_00327.jpg,lang_bac,2,Lăng Bác,Ho Chi Minh Mausoleum,224,224,16337c1816b849d1ecc1b9e35949cc1f,17226
lang_bac_aug_00328.jpg,lang_bac,2,Lăng Bác,Ho Chi Minh Mausoleum,224,224,c872f2de09dda5c4a7f25a9814c1183d,14590
lang_bac_aug_00329.jpg,lang_bac,2,Lăng Bác,Ho Chi Minh Mausoleum,224,224,cae06f1fe596a055a98b8e171a05c169,13649
lang_bac_aug_00330.jpg,lang_bac,2,Lăng Bác,Ho Chi Minh Mausoleum,224,224,50f78972da2fbb9250ce7ac93d59fd13,14769
lang_bac_aug_00331.jpg,lang_bac,2,Lăng Bác,Ho Chi Minh Mausoleum,224,224,eb7faf81c8ff22efcc9377c7c2cc0abf,24942
lang_bac_aug_00332.jpg,lang_bac,2,Lăng Bác,Ho Chi Minh Mausoleum,224,224,5aef38eff9d7704d00d53d986dd37c81,24391
lang_bac_aug_00333.jpg,lang_bac,2,Lăng Bác,Ho Chi Minh Mausoleum,224,224,1b2868669b3deb6b49d91c33615f930e,26454
lang_bac_aug_00334.jpg,lang_bac,2,Lăng Bác,Ho Chi Minh Mausoleum,224,224,fd8161ed612b3cbbf2e8aba7b9a8b55a,42972
lang_bac_aug_00335.jpg,lang_bac,2,Lăng Bác,Ho Chi Minh Mausoleum,224,224,4d08791e60730ed86fc2d5796d299dd7,21642
lang_bac_aug_00336.jpg,lang_bac,2,Lăng Bác,Ho Chi Minh Mausoleum,224,224,8e9f9b56cdf986ae8173c2703bef1e4a,15902
lang_bac_aug_00337.jpg,lang_bac,2,Lăng Bác,Ho Chi Minh Mausoleum,224,224,413369369ee8e55b1bbc0299b55d9333,28982
lang_bac_aug_00338.jpg,lang_bac,2,Lăng Bác,Ho Chi Minh Mausoleum,224,224,1caecee2d95f64278fbe86b483dc5b25,14106
lang_bac_aug_00339.jpg,lang_bac,2,Lăng Bác,Ho Chi Minh Mausoleum,224,224,502c4b83e46838a33c1db0cd4b9887c8,36923
lang_bac_aug_00340.jpg,lang_bac,2,Lăng Bác,Ho Chi Minh Mausoleum,224,224,d959275a389c53f79f7d05e889cfadab,30015
lang_bac_aug_00341.jpg,lang_bac,2,Lăng Bác,Ho Chi Minh Mausoleum,224,224,0867ae32a6fd30c86860714b94ba7fee,16731
lang_bac_aug_00342.jpg,lang_bac,2,Lăng Bác,Ho Chi Minh Mausoleum,224,224,560f32d9944ef008381739b814c96e2a,33112
lang_bac_aug_00343.jpg,lang_bac,2,Lăng Bác,Ho Chi Minh Mausoleum,224,224,d3e7b1e99ee86a1199c42393bd2f67ea,31173
lang_bac_aug_00344.jpg,lang_bac,2,Lăng Bác,Ho Chi Minh Mausoleum,224,224,80086b4efd33a1e8054308bbcc802c68,21856
lang_bac_aug_00345.jpg,lang_bac,2,Lăng Bác,Ho Chi Minh Mausoleum,224,224,93031f288aab643fe9429decde2444fd,13765
lang_bac_aug_00346.jpg,lang_bac,2,Lăng Bác,Ho Chi Minh Mausoleum,224,224,234e9c6a3dd5e00a402bd1e0cf76f967,15619
lang_bac_aug_00347.jpg,lang_bac,2,Lăng Bác,Ho Chi Minh Mausoleum,224,224,5170d9ad5fb448ab2b8028b5de437271,15408
lang_bac_aug_00348.jpg,lang_bac,2,Lăng Bác,Ho Chi Minh Mausoleum,224,224,10da4056dd1f1c55a73b1f3fd15a41d6,25295
lang_bac_aug_00349.jpg,lang_bac,2,Lăng Bác,Ho Chi Minh Mausoleum,224,224,4f3a0620250cea0fee285888f65a4729,13746
lang_bac_aug_00350.jpg,lang_bac,2,Lăng Bác,Ho Chi Minh Mausoleum,224,224,65267fa8f3ff814b422e617b125afa4a,14649
lang_bac_aug_00351.jpg,lang_bac,2,Lăng Bác,Ho Chi Minh Mausoleum,224,224,865c350c6e00230e7c374af710b8a044,27836
lang_bac_aug_00352.jpg,lang_bac,2,Lăng Bác,Ho Chi Minh Mausoleum,224,224,1beb9ac22179b9024c4cbe12693b7d55,20214
lang_bac_aug_00353.jpg,lang_bac,2,Lăng Bác,Ho Chi Minh Mausoleum,224,224,0146ed87127ed7b620d0531a6b47d938,13320
lang_bac_aug_00354.jpg,lang_bac,2,Lăng Bác,Ho Chi Minh Mausoleum,224,224,a61b5a0c5562d9b157e4246278d210cc,22135
lang_bac_aug_00355.jpg,lang_bac,2,Lăng Bác,Ho Chi Minh Mausoleum,224,224,453ab16d14b98c8e042f7e1d475087a2,18900
lang_bac_aug_00356.jpg,lang_bac,2,Lăng Bác,Ho Chi Minh Mausoleum,224,224,a1974124588d94e7982d472084c4b6fd,20748
lang_bac_aug_00357.jpg,lang_bac,2,Lăng Bác,Ho Chi Minh Mausoleum,224,224,02a112aaa7ebd5e27f68bba6bf5c14cb,18106
lang_bac_aug_00358.jpg,lang_bac,2,Lăng Bác,Ho Chi Minh Mausoleum,224,224,a261cfb8393554890a6a762861cd9042,22086
lang_bac_aug_00359.jpg,lang_bac,2,Lăng Bác,Ho Chi Minh Mausoleum,224,224,5caa5ed663a36c4ffa1f7fe698f3d2c9,20263
lang_bac_aug_00360.jpg,lang_bac,2,Lăng Bác,Ho Chi Minh Mausoleum,224,224,5a62433df837c6e7b87afbdde171681f,30476
lang_bac_aug_00361.jpg,lang_bac,2,Lăng Bác,Ho Chi Minh Mausoleum,224,224,175d3c0b5e63e9823ef2d67be5aff3cb,19934
lang_bac_aug_00362.jpg,lang_bac,2,Lăng Bác,Ho Chi Minh Mausoleum,224,224,48121b40d92aec12e375981845532f2b,32037
lang_bac_aug_00363.jpg,lang_bac,2,Lăng Bác,Ho Chi Minh Mausoleum,224,224,ec76a12a5ed439008666bcb312561503,15779
lang_bac_aug_00364.jpg,lang_bac,2,Lăng Bác,Ho Chi Minh Mausoleum,224,224,ef65349c6f51ae623f874dd40c174206,20773
lang_bac_aug_00365.jpg,lang_bac,2,Lăng Bác,Ho Chi Minh Mausoleum,224,224,349d814efa991b98aea4225a49a492a2,20161
lang_bac_aug_00366.jpg,lang_bac,2,Lăng Bác,Ho Chi Minh Mausoleum,224,224,bacbf0524b3480dea6140318ab454f98,17610
lang_bac_aug_00367.jpg,lang_bac,2,Lăng Bác,Ho Chi Minh Mausoleum,224,224,f201dc8c2af2ace64d99a313d10b8726,36652
lang_bac_aug_00368.jpg,lang_bac,2,Lăng Bác,Ho Chi Minh Mausoleum,224,224,57b75cf1a5ae6925ba6338a1d8d7574a,14613
lang_bac_aug_00369.jpg,lang_bac,2,Lăng Bác,Ho Chi Minh Mausoleum,224,224,d2535083aca564cbbe5ebc64b780cb9a,16442
lang_bac_aug_00370.jpg,lang_bac,2,Lăng Bác,Ho Chi Minh Mausoleum,224,224,2d4d05646d07df7928eec729dbce6e60,23460
lang_bac_aug_00371.jpg,lang_bac,2,Lăng Bác,Ho Chi Minh Mausoleum,224,224,c4d9d6fa0cc86bfec5f406f7d47cbe86,31733
lang_bac_aug_00372.jpg,lang_bac,2,Lăng Bác,Ho Chi Minh Mausoleum,224,224,928ffe472032de416651bbabbee997bc,23376
lang_bac_aug_00373.jpg,lang_bac,2,Lăng Bác,Ho Chi Minh Mausoleum,224,224,b7f1a0dd1a7aa777072114550f8724ed,23329
lang_bac_aug_00374.jpg,lang_bac,2,Lăng Bác,Ho Chi Minh Mausoleum,224,224,85ac062210376848ccd2cff1bf35c1f7,12950
lang_bac_aug_00375.jpg,lang_bac,2,Lăng Bác,Ho Chi Minh Mausoleum,224,224,3086ed3d1a575770593e7d57f2b968cc,15196
lang_bac_aug_00376.jpg,lang_bac,2,Lăng Bác,Ho Chi Minh Mausoleum,224,224,1fa0f5f2a33b39b9692ef7ee4eb24558,27537
lang_bac_aug_00377.jpg,lang_bac,2,Lăng Bác,Ho Chi Minh Mausoleum,224,224,ff1e0682935d363a9fd5437ff81f207e,18153
lang_bac_aug_00378.jpg,lang_bac,2,Lăng Bác,Ho Chi Minh Mausoleum,224,224,7da70f94abca8fc93d93f0b8f592cfb3,37623
lang_bac_aug_00379.jpg,lang_bac,2,Lăng Bác,Ho Chi Minh Mausoleum,224,224,932eaa69d14d1e6cec0010d4cb9aecea,39617
lang_bac_aug_00380.jpg,lang_bac,2,Lăng Bác,Ho Chi Minh Mausoleum,224,224,b2bbe2782af8411d7857719c06d04726,14535
lang_bac_aug_00381.jpg,lang_bac,2,Lăng Bác,Ho Chi Minh Mausoleum,224,224,b593ff6bd7777d37a78ffae268d012e0,19970
lang_bac_aug_00382.jpg,lang_bac,2,Lăng Bác,Ho Chi Minh Mausoleum,224,224,783efe159c58e3c31eab323a53bfdc18,28782
lang_bac_aug_00383.jpg,lang_bac,2,Lăng Bác,Ho Chi Minh Mausoleum,224,224,6cc716b5aa5ff186ccba5e67c666b575,14132
lang_bac_aug_00384.jpg,lang_bac,2,Lăng Bác,Ho Chi Minh Mausoleum,224,224,ca2881b55618e55124491ec8de5ef9c2,24821
lang_bac_aug_00385.jpg,lang_bac,2,Lăng Bác,Ho Chi Minh Mausoleum,224,224,ec128ec205d5db2e70b05f467ec9134e,20612
lang_bac_aug_00386.jpg,lang_bac,2,Lăng Bác,Ho Chi Minh Mausoleum,224,224,3bddf229432b5456a46f5672cdd2d593,20577
lang_bac_aug_00387.jpg,lang_bac,2,Lăng Bác,Ho Chi Minh Mausoleum,224,224,d64bd3cdaa94def8642dc6f34cd15f4e,16701
lang_bac_aug_00388.jpg,lang_bac,2,Lăng Bác,Ho Chi Minh Mausoleum,224,224,fcf34a73a16d6a0edf78cb1d2b217c42,20786
lang_bac_aug_00389.jpg,lang_bac,2,Lăng Bác,Ho Chi Minh Mausoleum,224,224,71c20dc47b2c76c3bccb92a47b6cb113,13775
lang_bac_aug_00390.jpg,lang_bac,2,Lăng Bác,Ho Chi Minh Mausoleum,224,224,79af8feb27c2cc934b7bed1aca82390a,17346
lang_bac_aug_00391.jpg,lang_bac,2,Lăng Bác,Ho Chi Minh Mausoleum,224,224,ed943c3c39ec961333ed9f73f8386f7a,14660
lang_bac_aug_00392.jpg,lang_bac,2,Lăng Bác,Ho Chi Minh Mausoleum,224,224,3c001d54173cc5c6b51011772ca8968e,22054
lang_bac_aug_00393.jpg,lang_bac,2,Lăng Bác,Ho Chi Minh Mausoleum,224,224,14d7c391eb1bccc545ebcd9841056c8e,14103
lang_bac_aug_00394.jpg,lang_bac,2,Lăng Bác,Ho Chi Minh Mausoleum,224,224,8b27b41bea00e7ec568c2ce2cae79baf,22114
lang_bac_aug_00395.jpg,lang_bac,2,Lăng Bác,Ho Chi Minh Mausoleum,224,224,e061075cbf190ba475342aac30cc7aae,29135
lang_bac_aug_00396.jpg,lang_bac,2,Lăng Bác,Ho Chi Minh Mausoleum,224,224,67ed50089555ae49cfd48807a8601648,22210
lang_bac_aug_00397.jpg,lang_bac,2,Lăng Bác,Ho Chi Minh Mausoleum,224,224,c1d239c72c2df0258437d7ff71f7e298,15337
lang_bac_aug_00398.jpg,lang_bac,2,Lăng Bác,Ho Chi Minh Mausoleum,224,224,bd24b1561f3b709f74b857567be78579,28052
lang_bac_aug_00399.jpg,lang_bac,2,Lăng Bác,Ho Chi Minh Mausoleum,224,224,e0cbf2b1819dbc04411f2fc6eadc1395,16923
lang_bac_aug_00400.jpg,lang_bac,2,Lăng Bác,Ho Chi Minh Mausoleum,224,224,6802b2ffb0b533e1cc88bdf2012fadca,17190
lang_bac_aug_00401.jpg,lang_bac,2,Lăng Bác,Ho Chi Minh Mausoleum,224,224,c4f2e8048f233db491815cee0a411652,24796
lang_bac_aug_00402.jpg,lang_bac,2,Lăng Bác,Ho Chi Minh Mausoleum,224,224,49cbbe0f5e21793258f00c2a4cfc880c,25093
lang_bac_aug_00403.jpg,lang_bac,2,Lăng Bác,Ho Chi Minh Mausoleum,224,224,8d50bbefbf1994b9012df9b534486180,18170
lang_bac_aug_00404.jpg,lang_bac,2,Lăng Bác,Ho Chi Minh Mausoleum,224,224,39a4519b933349e924ab22fd0381761b,21801
lang_bac_aug_00405.jpg,lang_bac,2,Lăng Bác,Ho Chi Minh Mausoleum,224,224,d5eafd95397c0f6611f546ce237d2e16,25884
lang_bac_aug_00406.jpg,lang_bac,2,Lăng Bác,Ho Chi Minh Mausoleum,224,224,4d301c2bf2f573a2ae6b4714f567d398,12738
lang_bac_aug_00407.jpg,lang_bac,2,Lăng Bác,Ho Chi Minh Mausoleum,224,224,41d6a8b3a7aeab025dbda1b675d0c592,20138
lang_bac_aug_00408.jpg,lang_bac,2,Lăng Bác,Ho Chi Minh Mausoleum,224,224,6942402ae93bbf605b7a21d69922c528,25117
lang_bac_aug_00409.jpg,lang_bac,2,Lăng Bác,Ho Chi Minh Mausoleum,224,224,cb721c62073b41a4fb5d241c23ac72a2,13923
lang_bac_aug_00410.jpg,lang_bac,2,Lăng Bác,Ho Chi Minh Mausoleum,224,224,39b352abc76bf4e0244595a2eca6a37e,38560
lang_bac_aug_00411.jpg,lang_bac,2,Lăng Bác,Ho Chi Minh Mausoleum,224,224,1c77e71194d3000dd370428203d9286e,16053
lang_bac_aug_00412.jpg,lang_bac,2,Lăng Bác,Ho Chi Minh Mausoleum,224,224,ad1ca380e595a0d39d6726b4fa54fe73,14440
lang_bac_aug_00413.jpg,lang_bac,2,Lăng Bác,Ho Chi Minh Mausoleum,224,224,5da085b7439f6e72c3c7ed6c90f85b65,21046
lang_bac_aug_00414.jpg,lang_bac,2,Lăng Bác,Ho Chi Minh Mausoleum,224,224,77c4bf632f4c14d814285f99cd90b4db,21570
lang_bac_aug_00415.jpg,lang_bac,2,Lăng Bác,Ho Chi Minh Mausoleum,224,224,d0fe90b4b2c1034886c5479fb5948758,19247
lang_bac_aug_00416.jpg,lang_bac,2,Lăng Bác,Ho Chi Minh Mausoleum,224,224,f76df58b35f89b44261e423543a1bbba,28475
lang_bac_aug_00417.jpg,lang_bac,2,Lăng Bác,Ho Chi Minh Mausoleum,224,224,8fca2507a8a92cd54133a6564612a835,29683
lang_bac_aug_00418.jpg,lang_bac,2,Lăng Bác,Ho Chi Minh Mausoleum,224,224,44c7edd1c3e876bac5fc693ecd28d790,16683
lang_bac_aug_00419.jpg,lang_bac,2,Lăng Bác,Ho Chi Minh Mausoleum,224,224,7d30223107dd5390261547322d89a3f5,14835
lang_bac_aug_00420.jpg,lang_bac,2,Lăng Bác,Ho Chi Minh Mausoleum,224,224,bf75341d3a6f48b818f839594be52692,37057
lang_bac_aug_00421.jpg,lang_bac,2,Lăng Bác,Ho Chi Minh Mausoleum,224,224,f22dab12c901feed385eb0691e3d968a,26882
lang_bac_aug_00422.jpg,lang_bac,2,Lăng Bác,Ho Chi Minh Mausoleum,224,224,83137cebb34f4c76da5f49cf0a261b7d,13465
lang_bac_aug_00423.jpg,lang_bac,2,Lăng Bác,Ho Chi Minh Mausoleum,224,224,f2dae6c2e7257ce69f42adf4322450f3,15822
lang_bac_aug_00424.jpg,lang_bac,2,Lăng Bác,Ho Chi Minh Mausoleum,224,224,70168bbba3ee76fe9f568f5231d3148e,10958
lang_bac_aug_00425.jpg,lang_bac,2,Lăng Bác,Ho Chi Minh Mausoleum,224,224,f7f768f87f62b3ecd0f60f89fd5f992d,41907
lang_bac_aug_00426.jpg,lang_bac,2,Lăng Bác,Ho Chi Minh Mausoleum,224,224,34e0649f5cd5eca22ad3da331c1e818a,34806
lang_bac_aug_00427.jpg,lang_bac,2,Lăng Bác,Ho Chi Minh Mausoleum,224,224,22a8ce2bcddba7c294249d1e2c630781,22856
lang_bac_aug_00428.jpg,lang_bac,2,Lăng Bác,Ho Chi Minh Mausoleum,224,224,b9c2e6ac42e0b1e80002eb7732e0fcbe,15188
lang_bac_aug_00429.jpg,lang_bac,2,Lăng Bác,Ho Chi Minh Mausoleum,224,224,1bffe379d6342481eb0e963d00082793,16573
lang_bac_aug_00430.jpg,lang_bac,2,Lăng Bác,Ho Chi Minh Mausoleum,224,224,4f81920c8a2454a0b537b3724a7c6a93,31412
lang_bac_aug_00431.jpg,lang_bac,2,Lăng Bác,Ho Chi Minh Mausoleum,224,224,e8d3564fc7495948f1f4a582021040b6,34547
lang_bac_aug_00432.jpg,lang_bac,2,Lăng Bác,Ho Chi Minh Mausoleum,224,224,2fee6b455f1f75504818f844b43872cd,13816
lang_bac_aug_00433.jpg,lang_bac,2,Lăng Bác,Ho Chi Minh Mausoleum,224,224,ba7dd3781d922411f484c0abdb0dcda9,21379
lang_bac_aug_00434.jpg,lang_bac,2,Lăng Bác,Ho Chi Minh Mausoleum,224,224,71eae919eb26ea4db1b7eb5ecf001865,33020
lang_bac_aug_00435.jpg,lang_bac,2,Lăng Bác,Ho Chi Minh Mausoleum,224,224,d82288baa4170bed74105be7fa15584c,15353
lang_bac_aug_00436.jpg,lang_bac,2,Lăng Bác,Ho Chi Minh Mausoleum,224,224,7feb6fbae1c133f83bc68296ea37bee8,20725
lang_bac_aug_00437.jpg,lang_bac,2,Lăng Bác,Ho Chi Minh Mausoleum,224,224,63db35b445950499456c22bc637ebf11,19331
lang_bac_aug_00438.jpg,lang_bac,2,Lăng Bác,Ho Chi Minh Mausoleum,224,224,d6253585d5c5caca4e2e3e10a80f3db0,14346
lang_bac_aug_00439.jpg,lang_bac,2,Lăng Bác,Ho Chi Minh Mausoleum,224,224,1d5685af12a996bfff0381d9cc99e284,17043
lang_bac_aug_00440.jpg,lang_bac,2,Lăng Bác,Ho Chi Minh Mausoleum,224,224,2a0e9f81d8aead41c1a683685d29aef7,21144
lang_bac_aug_00441.jpg,lang_bac,2,Lăng Bác,Ho Chi Minh Mausoleum,224,224,32730074618149bee272608bf55665e1,31719
lang_bac_aug_00442.jpg,lang_bac,2,Lăng Bác,Ho Chi Minh Mausoleum,224,224,7ff3047fde3988e520045f873fb99f67,27345
lang_bac_aug_00443.jpg,lang_bac,2,Lăng Bác,Ho Chi Minh Mausoleum,224,224,2f9fdeef67ef6ba08cbd4ef7875b472b,13809
lang_bac_aug_00444.jpg,lang_bac,2,Lăng Bác,Ho Chi Minh Mausoleum,224,224,47482b6f025f530f25f67484e694edd2,13704
lang_bac_aug_00445.jpg,lang_bac,2,Lăng Bác,Ho Chi Minh Mausoleum,224,224,7897eccd2ee116775dc0a93f355cb68f,14069
lang_bac_aug_00446.jpg,lang_bac,2,Lăng Bác,Ho Chi Minh Mausoleum,224,224,9a2299ab40c8fed618f55b16a89babfe,39348
lang_bac_aug_00447.jpg,lang_bac,2,Lăng Bác,Ho Chi Minh Mausoleum,224,224,b4da21f381e131bc77a862d135230ca2,17404
lang_bac_aug_00448.jpg,lang_bac,2,Lăng Bác,Ho Chi Minh Mausoleum,224,224,41efd917ed0243a219a8450fa768af4b,18959
lang_bac_aug_00449.jpg,lang_bac,2,Lăng Bác,Ho Chi Minh Mausoleum,224,224,8102bba345364921fc73f19a1445b648,10641
lang_bac_aug_00450.jpg,lang_bac,2,Lăng Bác,Ho Chi Minh Mausoleum,224,224,82c95d61603f1e1980e4452f85e40f12,12949
lang_bac_aug_00451.jpg,lang_bac,2,Lăng Bác,Ho Chi Minh Mausoleum,224,224,33efe5eac9acdf195a05e3cd37677c28,11790
lang_bac_aug_00452.jpg,lang_bac,2,Lăng Bác,Ho Chi Minh Mausoleum,224,224,f67e1517a7ab19de73766d67ed09dedb,16496
lang_bac_aug_00453.jpg,lang_bac,2,Lăng Bác,Ho Chi Minh Mausoleum,224,224,af64530744d32544793563b5e12ebdda,32849
lang_bac_aug_00454.jpg,lang_bac,2,Lăng Bác,Ho Chi Minh Mausoleum,224,224,56f37fb7df8922e4b412f04df36c9634,18285
lang_bac_aug_00455.jpg,lang_bac,2,Lăng Bác,Ho Chi Minh Mausoleum,224,224,9c0bfa275b6500926a8a9a674bc97185,21501
lang_bac_aug_00456.jpg,lang_bac,2,Lăng Bác,Ho Chi Minh Mausoleum,224,224,c918217cf8feb50a3438029789494200,15765
lang_bac_aug_00457.jpg,lang_bac,2,Lăng Bác,Ho Chi Minh Mausoleum,224,224,2c3121a5fe74eda6c061138c7e2601c8,17631
lang_bac_aug_00458.jpg,lang_bac,2,Lăng Bác,Ho Chi Minh Mausoleum,224,224,4f264fece031fd6e4e7229d6ce643325,35277
lang_bac_aug_00459.jpg,lang_bac,2,Lăng Bác,Ho Chi Minh Mausoleum,224,224,f071dba399c2c7b5789bd463901095b7,22717
lang_bac_aug_00460.jpg,lang_bac,2,Lăng Bác,Ho Chi Minh Mausoleum,224,224,7caeeff5c6d9312b0cd99099b6113b53,18300
lang_bac_aug_00461.jpg,lang_bac,2,Lăng Bác,Ho Chi Minh Mausoleum,224,224,036c959dee142b5cdeaf3be45b44142b,30890
lang_bac_aug_00462.jpg,lang_bac,2,Lăng Bác,Ho Chi Minh Mausoleum,224,224,6be7abd09702c289a9d02a747d14d52f,24519
lang_bac_aug_00463.jpg,lang_bac,2,Lăng Bác,Ho Chi Minh Mausoleum,224,224,76a32f557e20bee55408cf3cf64b0af9,14701
lang_bac_aug_00464.jpg,lang_bac,2,Lăng Bác,Ho Chi Minh Mausoleum,224,224,802f4c74b2eff1f096b5f1b917b44cd6,21657
lang_bac_aug_00465.jpg,lang_bac,2,Lăng Bác,Ho Chi Minh Mausoleum,224,224,e5344bcf9d981e349e76d4a6cf3511e6,22293
lang_bac_aug_00466.jpg,lang_bac,2,Lăng Bác,Ho Chi Minh Mausoleum,224,224,d6be1aeddb6b140160c2735a8aaebadb,14685
lang_bac_aug_00467.jpg,lang_bac,2,Lăng Bác,Ho Chi Minh Mausoleum,224,224,084aae0164728d04cffb3456e0d414ff,15342
lang_bac_aug_00468.jpg,lang_bac,2,Lăng Bác,Ho Chi Minh Mausoleum,224,224,f86d5a27c404cf2167edf0cd8a538e67,21782
lang_bac_aug_00469.jpg,lang_bac,2,Lăng Bác,Ho Chi Minh Mausoleum,224,224,b92f2d5d4b9405efa6d40ba82da0ce5d,20616
lang_bac_aug_00470.jpg,lang_bac,2,Lăng Bác,Ho Chi Minh Mausoleum,224,224,7b45df358cb5ea84ff4bee04da1390ea,24946
lang_bac_aug_00471.jpg,lang_bac,2,Lăng Bác,Ho Chi Minh Mausoleum,224,224,d12fc39cf50ac9824a78cc490b884ef6,17938
lang_bac_aug_00472.jpg,lang_bac,2,Lăng Bác,Ho Chi Minh Mausoleum,224,224,a3c9246d5b7c86b1c9451c1faf26b261,17687
lang_bac_aug_00473.jpg,lang_bac,2,Lăng Bác,Ho Chi Minh Mausoleum,224,224,1267bf4fc7413c97af4534713705b266,29940
lang_bac_aug_00474.jpg,lang_bac,2,Lăng Bác,Ho Chi Minh Mausoleum,224,224,a88efdc2c29ae7a5590be26cd67250eb,12905
lang_bac_aug_00475.jpg,lang_bac,2,Lăng Bác,Ho Chi Minh Mausoleum,224,224,f453f539c231a2b4ec28d9a9ac34d67a,17274
lang_bac_aug_00476.jpg,lang_bac,2,Lăng Bác,Ho Chi Minh Mausoleum,224,224,bb6c630f51337d0a78aef562469a947a,12324
lang_bac_aug_00477.jpg,lang_bac,2,Lăng Bác,Ho Chi Minh Mausoleum,224,224,702cd68f2848c2e0399dcfd9c5150d73,10988
lang_bac_aug_00478.jpg,lang_bac,2,Lăng Bác,Ho Chi Minh Mausoleum,224,224,feaa4cb9a20bbd5985ac3ec9286367bb,28561
lang_bac_aug_00479.jpg,lang_bac,2,Lăng Bác,Ho Chi Minh Mausoleum,224,224,aa79afc05d2cdeb96e58a7de69f008fa,34763
lang_bac_aug_00480.jpg,lang_bac,2,Lăng Bác,Ho Chi Minh Mausoleum,224,224,9ba6170f1a0807ca03695f0c2c4a3061,16359
lang_bac_aug_00481.jpg,lang_bac,2,Lăng Bác,Ho Chi Minh Mausoleum,224,224,f1ffe2c7520a36df52f5a1072b234fa4,15398
lang_bac_aug_00482.jpg,lang_bac,2,Lăng Bác,Ho Chi Minh Mausoleum,224,224,18ca1f7a173a8f6d9520119b7ed5c345,17503
lang_bac_aug_00483.jpg,lang_bac,2,Lăng Bác,Ho Chi Minh Mausoleum,224,224,827afc50e43638806ea62acac8584ba5,13085
lang_bac_aug_00484.jpg,lang_bac,2,Lăng Bác,Ho Chi Minh Mausoleum,224,224,f38973c2b7e016b41b7c1a495ab6abbd,19044
lang_bac_aug_00485.jpg,lang_bac,2,Lăng Bác,Ho Chi Minh Mausoleum,224,224,644b716a1519d0a466630b898fe108cc,14012
lang_bac_aug_00486.jpg,lang_bac,2,Lăng Bác,Ho Chi Minh Mausoleum,224,224,583644a5db73b2e9e0276e1aff4acb2d,14063
lang_bac_aug_00487.jpg,lang_bac,2,Lăng Bác,Ho Chi Minh Mausoleum,224,224,40bb9810d861a34c4667b0c36d16db5a,15636
lang_bac_aug_00488.jpg,lang_bac,2,Lăng Bác,Ho Chi Minh Mausoleum,224,224,0c8f2784fa737befdf1b9a84f9c6454d,24567
lang_bac_aug_00489.jpg,lang_bac,2,Lăng Bác,Ho Chi Minh Mausoleum,224,224,d05a67c6b82bee420a47680c739ee3c2,36321
lang_bac_aug_00490.jpg,lang_bac,2,Lăng Bác,Ho Chi Minh Mausoleum,224,224,148be07af2c890ddb9138996c2ab665d,21612
lang_bac_aug_00491.jpg,lang_bac,2,Lăng Bác,Ho Chi Minh Mausoleum,224,224,576a6d176633503e93098291008ad913,29873
lang_bac_aug_00492.jpg,lang_bac,2,Lăng Bác,Ho Chi Minh Mausoleum,224,224,daabbbdc8c151b4f6cb57a633df4f3dc,20184
lang_bac_aug_00493.jpg,lang_bac,2,Lăng Bác,Ho Chi Minh Mausoleum,224,224,13a3232bee8cdbb3d076d3c2d7895fca,13456
lang_bac_aug_00494.jpg,lang_bac,2,Lăng Bác,Ho Chi Minh Mausoleum,224,224,cd9f401e2ff0ba219163cb4a1de59b47,30543
lang_bac_aug_00495.jpg,lang_bac,2,Lăng Bác,Ho Chi Minh Mausoleum,224,224,6df20ad0184c0f7eea6df33bebc969d1,17497
lang_bac_aug_00496.jpg,lang_bac,2,Lăng Bác,Ho Chi Minh Mausoleum,224,224,0dd7dee5f4ddba33c8b004b80ba2221f,16013
lang_bac_aug_00497.jpg,lang_bac,2,Lăng Bác,Ho Chi Minh Mausoleum,224,224,70afdeced8146573f25345fc839caf33,36287
lang_bac_aug_00498.jpg,lang_bac,2,Lăng Bác,Ho Chi Minh Mausoleum,224,224,fb46d47ed7c7abe339f41f0bd7562e59,13977
lang_bac_aug_00499.jpg,lang_bac,2,Lăng Bác,Ho Chi Minh Mausoleum,224,224,c05f5ebad19bb15d0a1a1435f2e86c9c,34277
lang_bac_aug_00500.jpg,lang_bac,2,Lăng Bác,Ho Chi Minh Mausoleum,224,224,cf77fa393e9bf5503ea3c22d921da6ca,26742
lang_bac_aug_00501.jpg,lang_bac,2,Lăng Bác,Ho Chi Minh Mausoleum,224,224,4c8ece8d3730c56fccc601fba65dccfd,22063
lang_bac_aug_00502.jpg,lang_bac,2,Lăng Bác,Ho Chi Minh Mausoleum,224,224,da28d81f6cf04ca9e0ccbfb60efbf482,15160
lang_bac_aug_00503.jpg,lang_bac,2,Lăng Bác,Ho Chi Minh Mausoleum,224,224,b856208a5fed0b42959afa8b31c85d03,21346
lang_bac_aug_00504.jpg,lang_bac,2,Lăng Bác,Ho Chi Minh Mausoleum,224,224,bddf975184dbdc1db31b49e193610860,28995
lang_bac_aug_00505.jpg,lang_bac,2,Lăng Bác,Ho Chi Minh Mausoleum,224,224,6481ec89de6655c1805d8cc51b5a481e,19000
lang_bac_aug_00506.jpg,lang_bac,2,Lăng Bác,Ho Chi Minh Mausoleum,224,224,65551032747aa37a89e40ae7d5dbdfd1,31878
lang_bac_aug_00507.jpg,lang_bac,2,Lăng Bác,Ho Chi Minh Mausoleum,224,224,ced5a8d218b82a43def02ae40357749a,14544
lang_bac_aug_00508.jpg,lang_bac,2,Lăng Bác,Ho Chi Minh Mausoleum,224,224,3770f40f70f43e2e12d547dd75f9b7be,12603
lang_bac_aug_00509.jpg,lang_bac,2,Lăng Bác,Ho Chi Minh Mausoleum,224,224,cbd9e7ef978ee566c14a7f0ab4a56b4e,18010
lang_bac_aug_00510.jpg,lang_bac,2,Lăng Bác,Ho Chi Minh Mausoleum,224,224,2d9551291a97645d5f76ef231841e3a9,13064
lang_bac_aug_00511.jpg,lang_bac,2,Lăng Bác,Ho Chi Minh Mausoleum,224,224,29757d8cc9b49be37c4441b628a1f824,19470
lang_bac_aug_00512.jpg,lang_bac,2,Lăng Bác,Ho Chi Minh Mausoleum,224,224,d20ec0e1ffde9d16623dd314654a30d9,25874
lang_bac_aug_00513.jpg,lang_bac,2,Lăng Bác,Ho Chi Minh Mausoleum,224,224,25ba85a7fe2a07448bf2d48fa54fc873,13753
lang_bac_aug_00514.jpg,lang_bac,2,Lăng Bác,Ho Chi Minh Mausoleum,224,224,6f2e73030dd0c2b349bcc33f0634f26e,21590
lang_bac_aug_00515.jpg,lang_bac,2,Lăng Bác,Ho Chi Minh Mausoleum,224,224,ad985f49fe7c905907ba5775b70fc3c2,15349
lang_bac_aug_00516.jpg,lang_bac,2,Lăng Bác,Ho Chi Minh Mausoleum,224,224,deab6c2466ce3bdc1a1c20f1f939848e,11869
lang_bac_aug_00517.jpg,lang_bac,2,Lăng Bác,Ho Chi Minh Mausoleum,224,224,059452ec90a8dd80504d06d9bdd1770e,29037
lang_bac_aug_00518.jpg,lang_bac,2,Lăng Bác,Ho Chi Minh Mausoleum,224,224,efdd6713d65744fe6246a6b3cac3ce52,14206
lang_bac_aug_00519.jpg,lang_bac,2,Lăng Bác,Ho Chi Minh Mausoleum,224,224,a9d3c6201f4b94e76fe46850a04c3be6,15336
lang_bac_aug_00520.jpg,lang_bac,2,Lăng Bác,Ho Chi Minh Mausoleum,224,224,71ecb924dbe47c6d73b1a31ffec2161e,10940
lang_bac_aug_00521.jpg,lang_bac,2,Lăng Bác,Ho Chi Minh Mausoleum,224,224,e3fc6137427fb07ac6ecf5efb2709aeb,35927
lang_bac_aug_00522.jpg,lang_bac,2,Lăng Bác,Ho Chi Minh Mausoleum,224,224,4b12e924b288bc0cea080a753b3a98dd,13824
lang_bac_aug_00523.jpg,lang_bac,2,Lăng Bác,Ho Chi Minh Mausoleum,224,224,70a1123edf176fb0a321f34b0ae9e410,15494
lang_bac_aug_00524.jpg,lang_bac,2,Lăng Bác,Ho Chi Minh Mausoleum,224,224,ec39a741ab8967c7457b14706d633e5a,33616
lang_bac_aug_00525.jpg,lang_bac,2,Lăng Bác,Ho Chi Minh Mausoleum,224,224,6ac44520341a9849d8a0ff2d804a3025,37765
lang_bac_aug_00526.jpg,lang_bac,2,Lăng Bác,Ho Chi Minh Mausoleum,224,224,2b88281bdedb8091fd5ee4a2875b1af0,15091
lang_bac_aug_00527.jpg,lang_bac,2,Lăng Bác,Ho Chi Minh Mausoleum,224,224,e311423b41ab1b57c6f1e3ac874e4f98,26601
lang_bac_aug_00528.jpg,lang_bac,2,Lăng Bác,Ho Chi Minh Mausoleum,224,224,f37ccffd45fab654ef381b5699304c5c,19915
lang_bac_aug_00529.jpg,lang_bac,2,Lăng Bác,Ho Chi Minh Mausoleum,224,224,304291150481cb0e6f50b3dc0c0b212c,15630
lang_bac_aug_00530.jpg,lang_bac,2,Lăng Bác,Ho Chi Minh Mausoleum,224,224,06f453890e11fbe7f3ac7c8f1ecc0f33,38247
lang_bac_aug_00531.jpg,lang_bac,2,Lăng Bác,Ho Chi Minh Mausoleum,224,224,2e90596d04c261708a5f4fc8ad94561a,13101
lang_bac_aug_00532.jpg,lang_bac,2,Lăng Bác,Ho Chi Minh Mausoleum,224,224,0e86b8f9afb4d4dfab88ba027ddd6a68,33791
lang_bac_aug_00533.jpg,lang_bac,2,Lăng Bác,Ho Chi Minh Mausoleum,224,224,a12bcf52f47021ae0da53939351304cc,27037
lang_bac_aug_00534.jpg,lang_bac,2,Lăng Bác,Ho Chi Minh Mausoleum,224,224,de3160ee81c7f9b3c23f476ebd3d28ae,19107
lang_bac_aug_00535.jpg,lang_bac,2,Lăng Bác,Ho Chi Minh Mausoleum,224,224,373a30563051350da83f325dddb7b9b6,15609
lang_bac_aug_00536.jpg,lang_bac,2,Lăng Bác,Ho Chi Minh Mausoleum,224,224,6a17ae9c8709f1732ac11dc220dc5c14,17329
lang_bac_aug_00537.jpg,lang_bac,2,Lăng Bác,Ho Chi Minh Mausoleum,224,224,44a8abb25f92c86e218f68df5051e3fa,16502
lang_bac_aug_00538.jpg,lang_bac,2,Lăng Bác,Ho Chi Minh Mausoleum,224,224,c0cbefe241b35c9fe82619d29f995907,27749
lang_bac_aug_00539.jpg,lang_bac,2,Lăng Bác,Ho Chi Minh Mausoleum,224,224,eeafcb75150065467b39684d5054fdc5,16964
lang_bac_aug_00540.jpg,lang_bac,2,Lăng Bác,Ho Chi Minh Mausoleum,224,224,f6f1e894b4fad3f6df54ca25248b209a,15341
lang_bac_aug_00541.jpg,lang_bac,2,Lăng Bác,Ho Chi Minh Mausoleum,224,224,33d1e61b87f6c80469bddad79dcf8745,21321
lang_bac_aug_00542.jpg,lang_bac,2,Lăng Bác,Ho Chi Minh Mausoleum,224,224,7352eaacfb3035323061848044285735,20783
lang_bac_aug_00543.jpg,lang_bac,2,Lăng Bác,Ho Chi Minh Mausoleum,224,224,019ee7c49fd072e64482d406ce3922ab,15931
lang_bac_aug_00544.jpg,lang_bac,2,Lăng Bác,Ho Chi Minh Mausoleum,224,224,65faede2d40b9fc85d85c16efd8dacd6,22288
lang_bac_aug_00545.jpg,lang_bac,2,Lăng Bác,Ho Chi Minh Mausoleum,224,224,79d99b3693b21da03267a392bece30d2,20026
lang_bac_aug_00546.jpg,lang_bac,2,Lăng Bác,Ho Chi Minh Mausoleum,224,224,37cbe1640982031d57f96207facd7384,14059
lang_bac_aug_00547.jpg,lang_bac,2,Lăng Bác,Ho Chi Minh Mausoleum,224,224,a696d74aa13be690168858cec4a7f806,18121
lang_bac_aug_00548.jpg,lang_bac,2,Lăng Bác,Ho Chi Minh Mausoleum,224,224,c30f5aa8ec9db04062f67dbbec62a60c,16968
lang_bac_aug_00549.jpg,lang_bac,2,Lăng Bác,Ho Chi Minh Mausoleum,224,224,a72df7c3c019b673dd47cd1380059040,25564
lang_bac_aug_00550.jpg,lang_bac,2,Lăng Bác,Ho Chi Minh Mausoleum,224,224,cb8ff1a85c4101517d2926beda0a8f9f,16406
lang_bac_aug_00551.jpg,lang_bac,2,Lăng Bác,Ho Chi Minh Mausoleum,224,224,91a95951c648eaf899999a03f10698a8,13634
lang_bac_aug_00552.jpg,lang_bac,2,Lăng Bác,Ho Chi Minh Mausoleum,224,224,18d9974f50fd73d0ec4a6afd1c822874,25579
lang_bac_aug_00553.jpg,lang_bac,2,Lăng Bác,Ho Chi Minh Mausoleum,224,224,726f37f4355938c7df5916583b81aefe,12903
lang_bac_aug_00554.jpg,lang_bac,2,Lăng Bác,Ho Chi Minh Mausoleum,224,224,a9a3e4d4b122087986e5b98303211722,17119
lang_bac_aug_00555.jpg,lang_bac,2,Lăng Bác,Ho Chi Minh Mausoleum,224,224,d5a2557786dcd78a66316a5c4668e83c,12958
lang_bac_aug_00556.jpg,lang_bac,2,Lăng Bác,Ho Chi Minh Mausoleum,224,224,51beb5918bec72ec2e4a8ebf91584e10,13734
lang_bac_aug_00557.jpg,lang_bac,2,Lăng Bác,Ho Chi Minh Mausoleum,224,224,cab560883246d43b6b06bb5ded2abdd2,32844
lang_bac_aug_00558.jpg,lang_bac,2,Lăng Bác,Ho Chi Minh Mausoleum,224,224,36853ab5c3baf1d74b93114c0f282a11,12732
lang_bac_aug_00559.jpg,lang_bac,2,Lăng Bác,Ho Chi Minh Mausoleum,224,224,660af7581b3309d91ec3d8451379fcbe,18823
lang_bac_aug_00560.jpg,lang_bac,2,Lăng Bác,Ho Chi Minh Mausoleum,224,224,38ba036cbef1274d1a50310aa07c4622,12290
lang_bac_aug_00561.jpg,lang_bac,2,Lăng Bác,Ho Chi Minh Mausoleum,224,224,aa1b56971b40edc4cbbff9c4236de672,14493
lang_bac_aug_00562.jpg,lang_bac,2,Lăng Bác,Ho Chi Minh Mausoleum,224,224,c8f0e810a437be459ed0ef9892c10938,17874
lang_bac_aug_00563.jpg,lang_bac,2,Lăng Bác,Ho Chi Minh Mausoleum,224,224,3ea526ad693d403550f8908aff1f2256,25276
lang_bac_aug_00564.jpg,lang_bac,2,Lăng Bác,Ho Chi Minh Mausoleum,224,224,588971330c851d0d535aa5398ec999d7,16568
lang_bac_aug_00565.jpg,lang_bac,2,Lăng Bác,Ho Chi Minh Mausoleum,224,224,9589076cbf3da80f8c797dd074bd1e2a,15757
lang_bac_aug_00566.jpg,lang_bac,2,Lăng Bác,Ho Chi Minh Mausoleum,224,224,455d9a145d7afec0e23b693584952cbb,14588
lang_bac_aug_00567.jpg,lang_bac,2,Lăng Bác,Ho Chi Minh Mausoleum,224,224,048f05e0a6d12639f57ca2a26d671b87,15589
lang_bac_aug_00568.jpg,lang_bac,2,Lăng Bác,Ho Chi Minh Mausoleum,224,224,02c2dc517f3bc6c2316d7e8ab6fb642e,16510
lang_bac_aug_00569.jpg,lang_bac,2,Lăng Bác,Ho Chi Minh Mausoleum,224,224,0b10028fa75722a74865c508cc02c21e,35796
lang_bac_aug_00570.jpg,lang_bac,2,Lăng Bác,Ho Chi Minh Mausoleum,224,224,b01773e3c5810574673bef3fb3c635b3,17319
lang_bac_aug_00571.jpg,lang_bac,2,Lăng Bác,Ho Chi Minh Mausoleum,224,224,48cfe101c636573df89c667ad529bb72,30979
lang_bac_aug_00572.jpg,lang_bac,2,Lăng Bác,Ho Chi Minh Mausoleum,224,224,c9007cfd23ae05a120f39c0e4eaa62e7,12728
lang_bac_aug_00573.jpg,lang_bac,2,Lăng Bác,Ho Chi Minh Mausoleum,224,224,5b5e07872b8eb7d51892a24e80b41454,15783
lang_bac_aug_00574.jpg,lang_bac,2,Lăng Bác,Ho Chi Minh Mausoleum,224,224,72a4dc33347f7a61b4efa06686e86eda,18566
lang_bac_aug_00575.jpg,lang_bac,2,Lăng Bác,Ho Chi Minh Mausoleum,224,224,d3e137b0f02b3dfc97858f72703f7067,17467
lang_bac_aug_00576.jpg,lang_bac,2,Lăng Bác,Ho Chi Minh Mausoleum,224,224,14e64fa01afd3c862355db12efa0f7e8,36240
lang_bac_aug_00577.jpg,lang_bac,2,Lăng Bác,Ho Chi Minh Mausoleum,224,224,37d52acf8b72e8865e9dffae0c0d0ee7,19458
lang_bac_aug_00578.jpg,lang_bac,2,Lăng Bác,Ho Chi Minh Mausoleum,224,224,106f6ceb7717015955024d773ec0675b,13835
lang_bac_aug_00579.jpg,lang_bac,2,Lăng Bác,Ho Chi Minh Mausoleum,224,224,32c258c545f19b62af52640b276253b2,24256
lang_bac_aug_00580.jpg,lang_bac,2,Lăng Bác,Ho Chi Minh Mausoleum,224,224,51a0d9fb334a7ae24f522fd2b989c1b3,32389
lang_bac_aug_00581.jpg,lang_bac,2,Lăng Bác,Ho Chi Minh Mausoleum,224,224,88e485dcec58cd1c229907cde4d6ec15,24123
lang_bac_aug_00582.jpg,lang_bac,2,Lăng Bác,Ho Chi Minh Mausoleum,224,224,4fd11d736f8760b550a3f90463aa2786,36342
lang_bac_aug_00583.jpg,lang_bac,2,Lăng Bác,Ho Chi Minh Mausoleum,224,224,1a3d0f675c9307089b8de5c655ba81e2,13640
lang_bac_aug_00584.jpg,lang_bac,2,Lăng Bác,Ho Chi Minh Mausoleum,224,224,7d6d8f1ad8d93f186797a077515e6b72,15972
lang_bac_aug_00585.jpg,lang_bac,2,Lăng Bác,Ho Chi Minh Mausoleum,224,224,5c38a972cb869bb5ab91cab41195421d,12639
lang_bac_aug_00586.jpg,lang_bac,2,Lăng Bác,Ho Chi Minh Mausoleum,224,224,3cbb7f4fa07e5814da989248c5f62e46,22631
lang_bac_aug_00587.jpg,lang_bac,2,Lăng Bác,Ho Chi Minh Mausoleum,224,224,03f5feaf00084563f667b57c9f38182d,12126
lang_bac_aug_00588.jpg,lang_bac,2,Lăng Bác,Ho Chi Minh Mausoleum,224,224,ef26a891265cf8b6ba27fae6f5c481b9,27084
lang_bac_aug_00589.jpg,lang_bac,2,Lăng Bác,Ho Chi Minh Mausoleum,224,224,2af3338c472a936396736574b773c426,33573
lang_bac_aug_00590.jpg,lang_bac,2,Lăng Bác,Ho Chi Minh Mausoleum,224,224,c7fa3f2c2afa58b9ce1e82735aa365a3,11654
lang_bac_aug_00591.jpg,lang_bac,2,Lăng Bác,Ho Chi Minh Mausoleum,224,224,83c97e9bcd9667c358a55fbee2653401,18539
lang_bac_aug_00592.jpg,lang_bac,2,Lăng Bác,Ho Chi Minh Mausoleum,224,224,ee372581859bac15b02fd4a0025c0412,14993
lang_bac_aug_00593.jpg,lang_bac,2,Lăng Bác,Ho Chi Minh Mausoleum,224,224,68ea2f8948271e94cad7c1b412e066cc,18133
lang_bac_aug_00594.jpg,lang_bac,2,Lăng Bác,Ho Chi Minh Mausoleum,224,224,ecbf6eeac3db30a5550aa833d72b8caa,14236
lang_bac_aug_00595.jpg,lang_bac,2,Lăng Bác,Ho Chi Minh Mausoleum,224,224,1b809294c636a99399f801ce72f89189,32105
lang_bac_aug_00596.jpg,lang_bac,2,Lăng Bác,Ho Chi Minh Mausoleum,224,224,149ff9a985644c5eb95863482f022b0c,37443
lang_bac_aug_00597.jpg,lang_bac,2,Lăng Bác,Ho Chi Minh Mausoleum,224,224,67bf12ec0b7234624890daffcc783c61,18357
lang_bac_aug_00598.jpg,lang_bac,2,Lăng Bác,Ho Chi Minh Mausoleum,224,224,e66c6c873c0a9917f6359957c3752c58,34073
lang_bac_aug_00599.jpg,lang_bac,2,Lăng Bác,Ho Chi Minh Mausoleum,224,224,aba62fdf50ba9d8ae838a48d5aba49c5,21696
"lăng Chủ tịch Hồ Chí Minh - Xây Dựng Chính Sách, Pháp Luật.jpg",lang_bac,2,Lăng Bác,Ho Chi Minh Mausoleum,224,224,919cde3ae3fdc59216abd613c1e5d272,21078
"Đảng uỷ chỉ đạo Đoàn Thanh niên tổ chức cho đoàn viên viếng Lăng Chủ tịch  Hồ Chí Minh, thăm Bảo tàng Hồ Chí Minh.jpg",lang_bac,2,Lăng Bác,Ho Chi Minh Mausoleum,224,224,48d855bf3d0c7aa45156eed1923e00eb,20867
Đại biểu dự Đại hội XIV của Đảng vào Lăng viếng Chủ tịch Hồ Chí Minh _ Báo  Dân trí.jpg,lang_bac,2,Lăng Bác,Ho Chi Minh Mausoleum,224,224,876dca21020aee8ebdf6924a76b825d2,17875
Để Lăng Bác mãi là không gian thiêng liêng của dân tộc _ baotintuc.vn.jpg,lang_bac,2,Lăng Bác,Ho Chi Minh Mausoleum,224,224,5e1eb26052ac3adaec8d329d41914c7e,25763
Đoàn Trường Quốc tế tổ chức Lễ Báo công dâng Bác tại lăng Chủ tịch Hồ Chí  Minh - Trường Quốc tế - ĐHQGHN.jpg,lang_bac,2,Lăng Bác,Ho Chi Minh Mausoleum,224,224,07f218d6b7cc43ef20dfdb4aac6b0f8e,25631
"Đoàn tuyên giáo, dân vận và báo chí TP.HCM viếng Lăng Bác.jpg",lang_bac,2,Lăng Bác,Ho Chi Minh Mausoleum,224,224,a17e5c4c2c327727fcf99c8b443cdb59,25319
Đoàn đại biểu cấp cao Nga viếng Lăng Bác và thăm Khu Di tích Chủ tịch Hồ  Chí Minh.jpg,lang_bac,2,Lăng Bác,Ho Chi Minh Mausoleum,224,224,09689f6a3862bba2714f83d3bc998d91,35657
"Bán đất siêu hiếm Quảng Khánh, Tây Hồ 860m2 view trực diện Hồ Tây, mặt tiền  khủng 60m-001.jpg",ho_tay,3,Hồ Tây,West Lake,224,224,c8becc234509d2bd5370386efc154b5b,22153
"Bán đất siêu hiếm Quảng Khánh, Tây Hồ 860m2 view trực diện Hồ Tây, mặt tiền  khủng 60m.jpg",ho_tay,3,Hồ Tây,West Lake,224,224,4a7cfe5e3cc66f49949297c40640e573,25823
Công an Hà Nội điều tra vụ 1.500 quả cầu gang lan can ven Hồ Tây biến mất.jpg,ho_tay,3,Hồ Tây,West Lake,224,224,49d6d3a0dc22df3eb4da1233283b09ed,18636
"Công nhân gấp rút thay lan can Hồ Tây, tạo diện mạo mới đẹp và an toàn hơn-001.jpg",ho_tay,3,Hồ Tây,West Lake,224,224,83d57943ff96dd60afad2579ae1907c2,34680
"Công nhân gấp rút thay lan can Hồ Tây, tạo diện mạo mới đẹp và an toàn hơn-002.jpg",ho_tay,3,Hồ Tây,West Lake,224,224,0b6491f0bab71fcbf36967559ceb6ab0,29354
"Công nhân gấp rút thay lan can Hồ Tây, tạo diện mạo mới đẹp và an toàn hơn-003.jpg",ho_tay,3,Hồ Tây,West Lake,224,224,20ceff45268bbf5e183bd0e52da0c92c,33810
"Công nhân gấp rút thay lan can Hồ Tây, tạo diện mạo mới đẹp và an toàn hơn-004.jpg",ho_tay,3,Hồ Tây,West Lake,224,224,af289deabda8d7bd1610115e6389978c,29912
"Công nhân gấp rút thay lan can Hồ Tây, tạo diện mạo mới đẹp và an toàn hơn-005.jpg",ho_tay,3,Hồ Tây,West Lake,224,224,0e596a3dab1ad26a9577872486fb3b33,33182
"Công nhân gấp rút thay lan can Hồ Tây, tạo diện mạo mới đẹp và an toàn hơn.jpg",ho_tay,3,Hồ Tây,West Lake,224,224,7cd3de68e8251baf1ff3f9d78fbb29d4,42525
Dắt túi kinh nghiệm du lịch Hồ Tây – hồ tự nhiên lớn nhất Hà Nội –  VinWonders.jpg,ho_tay,3,Hồ Tây,West Lake,224,224,a15c641fb2fbe42c1017a497a0eb68b0,22249
"Gấp rút thay lan can Hồ Tây, tạo diện mạo mới đẹp và an toàn hơn-001.jpg",ho_tay,3,Hồ Tây,West Lake,224,224,d149d7590ffce77b47834ebf066c24cd,29497
"Gấp rút thay lan can Hồ Tây, tạo diện mạo mới đẹp và an toàn hơn-002.jpg",ho_tay,3,Hồ Tây,West Lake,224,224,85f3a73bc4a5f7e96a1287c74c1fe1ae,26836
"Gấp rút thay lan can Hồ Tây, tạo diện mạo mới đẹp và an toàn hơn-003.jpg",ho_tay,3,Hồ Tây,West Lake,224,224,8d2ef7238071fd71d947039fc18208f4,36613
"Gấp rút thay lan can Hồ Tây, tạo diện mạo mới đẹp và an toàn hơn-004.jpg",ho_tay,3,Hồ Tây,West Lake,224,224,c3f1195a878f7a69155c6af715995444,37833
"Gấp rút thay lan can Hồ Tây, tạo diện mạo mới đẹp và an toàn hơn.jpg",ho_tay,3,Hồ Tây,West Lake,224,224,d7dcada72c0bcfa675a5a8f8dca46f1e,25427
"Hà Nội chỉnh trang vỉa hè, lan can ven Hồ Tây _ VTV24 - YouTube.jpg",ho_tay,3,Hồ Tây,West Lake,224,224,2d85e97cc9143552a05003f405ef1411,22289
"Hà Nội chỉnh trang vỉa hè, lan can ven hồ Tây-001.jpg",ho_tay,3,Hồ Tây,West Lake,224,224,f057330612a86d40b3ebd2184027c99f,26482
"Hà Nội chỉnh trang vỉa hè, lan can ven hồ Tây-002.jpg",ho_tay,3,Hồ Tây,West Lake,224,224,e373ff2f556f935cf85c96276db9dd6a,21645
"Hà Nội chỉnh trang vỉa hè, lan can ven hồ Tây.jpg",ho_tay,3,Hồ Tây,West Lake,224,224,c779b7deaafd5b444dadc62418e6723f,16467
Hà Nội thay _áo mới_ cho Hồ Tây-001.jpg,ho_tay,3,Hồ Tây,West Lake,224,224,343722f6da4833ab760d8b2a1dc1e05c,39388
Hà Nội thay _áo mới_ cho Hồ Tây-002.jpg,ho_tay,3,Hồ Tây,West Lake,224,224,7f579d3713723946fbd1833940055d78,45217
Hà Nội thay _áo mới_ cho Hồ Tây-003.jpg,ho_tay,3,Hồ Tây,West Lake,224,224,9599fb4e5faea378ca00b98ca58ad547,25142
Hà Nội thay _áo mới_ cho Hồ Tây.jpg,ho_tay,3,Hồ Tây,West Lake,224,224,8274994cb886df46c16833a0de924a8a,44462
"Hà Nội thay mới lan can hồ Tây, góc biểu tượng Khuê Văn Các được giữ nguyên  _ Báo Dân trí-001.jpg",ho_tay,3,Hồ Tây,West Lake,224,224,9cae0ac182fbe2e30c2aa862cfe155fb,37877
"Hà Nội thay mới lan can hồ Tây, góc biểu tượng Khuê Văn Các được giữ nguyên  _ Báo Dân trí-002.jpg",ho_tay,3,Hồ Tây,West Lake,224,224,47f15cff254621b601771e18b15ab77e,24574
"Hà Nội thay mới lan can hồ Tây, góc biểu tượng Khuê Văn Các được giữ nguyên  _ Báo Dân trí-003.jpg",ho_tay,3,Hồ Tây,West Lake,224,224,6a0757ca82c850e2b8efa939c6530da5,37458
"Hà Nội thay mới lan can hồ Tây, góc biểu tượng Khuê Văn Các được giữ nguyên  _ Báo Dân trí-004.jpg",ho_tay,3,Hồ Tây,West Lake,224,224,a8ed61444dca18a9b2e0dd934591f5a7,29114
"Hà Nội thay mới lan can hồ Tây, góc biểu tượng Khuê Văn Các được giữ nguyên  _ Báo Dân trí-005.jpg",ho_tay,3,Hồ Tây,West Lake,224,224,fb3c8e7e5e4a7645e68b54a5084a6f86,31039
"Hà Nội thay mới lan can hồ Tây, góc biểu tượng Khuê Văn Các được giữ nguyên  _ Báo Dân trí-006.jpg",ho_tay,3,Hồ Tây,West Lake,224,224,1da6c51759acd66c5d3f0bb476d2bd7f,28717
"Hà Nội thay mới lan can hồ Tây, góc biểu tượng Khuê Văn Các được giữ nguyên  _ Báo Dân trí-007.jpg",ho_tay,3,Hồ Tây,West Lake,224,224,b5880e0b52af5f3e5eda8d5e49fcf059,27368
"Hà Nội thay mới lan can hồ Tây, góc biểu tượng Khuê Văn Các được giữ nguyên  _ Báo Dân trí-008.jpg",ho_tay,3,Hồ Tây,West Lake,224,224,d9ea599444005fc7644baa9b68168e69,30631
"Hà Nội thay mới lan can hồ Tây, góc biểu tượng Khuê Văn Các được giữ nguyên  _ Báo Dân trí-009.jpg",ho_tay,3,Hồ Tây,West Lake,224,224,b833cbb830b20df5756b60525a9f0ecd,31562
"Hà Nội thay mới lan can hồ Tây, góc biểu tượng Khuê Văn Các được giữ nguyên  _ Báo Dân trí-010.jpg",ho_tay,3,Hồ Tây,West Lake,224,224,4176a348342ed132da61a1a8b9fd34cd,28423
"Hà Nội thay mới lan can hồ Tây, góc biểu tượng Khuê Văn Các được giữ nguyên  _ Báo Dân trí.jpg",ho_tay,3,Hồ Tây,West Lake,224,224,0286db0bf7ee089a93dc73f538a65910,31507
Hà Nội_ 1.500 quả cầu găng ở lan can hồ Tây bị vặt trộm.jpg,ho_tay,3,Hồ Tây,West Lake,224,224,f654bcb526db04544881d6504eb5913e,36980
Hà Nội_ Hàng nghìn quả cầu gang trên lan can hồ Tây bị mất _ Báo Dân trí.jpg,ho_tay,3,Hồ Tây,West Lake,224,224,27fc007776629aa522dcf3f86cee45bd,27488
"Hà Nội_ Hệ thống đèn đường, lan can quanh hồ Tây dần được thay mới.jpg",ho_tay,3,Hồ Tây,West Lake,224,224,3dde844460b1bbe5ee83973b0e077cce,25207
"Hà Nội_ Khoác 'áo mới' tạo cảnh quan môi trường xanh, sạch, đẹp cho hồ Tây.jpg",ho_tay,3,Hồ Tây,West Lake,224,224,1f091ae7fd019e2b22d32c0053c87465,32257
Hàng loạt lan can sắt ven hồ Tây bị đánh cắp - Báo VnExpress-001.jpg,ho_tay,3,Hồ Tây,West Lake,224,224,4ee95090e0eef39cc0437e3079dda1fd,34762
Hàng loạt lan can sắt ven hồ Tây bị đánh cắp - Báo VnExpress-002.jpg,ho_tay,3,Hồ Tây,West Lake,224,224,1011355d1cf7e0a8d67a73292088db57,29956
Hàng loạt lan can sắt ven hồ Tây bị đánh cắp - Báo VnExpress.jpg,ho_tay,3,Hồ Tây,West Lake,224,224,cba94c5dbee8574a43f447145ce91784,26224
Hàng trăm quả cầu gang trên lan can Hồ Tây bị đánh cắp-001.jpg,ho_tay,3,Hồ Tây,West Lake,224,224,cfaa31853e201be52462d4caeaf06718,23256
Hàng trăm quả cầu gang trên lan can Hồ Tây bị đánh cắp-002.jpg,ho_tay,3,Hồ Tây,West Lake,224,224,d87c2745591f2a2729be4134e80dd30c,22746
Hàng trăm quả cầu gang trên lan can Hồ Tây bị đánh cắp-003.jpg,ho_tay,3,Hồ Tây,West Lake,224,224,7a85118e056eee69188647d450329714,20930
Hàng trăm quả cầu gang trên lan can Hồ Tây bị đánh cắp-004.jpg,ho_tay,3,Hồ Tây,West Lake,224,224,48d1ef1573f0d717ee073dd75b8dea78,35568
Hàng trăm quả cầu gang trên lan can Hồ Tây bị đánh cắp.jpg,ho_tay,3,Hồ Tây,West Lake,224,224,006def909c8ec274d35bb0123f380afb,31270
"Hiện trạng khu vực ven Hồ Tây sắp xây cầu cạn, mở rộng đường lên 21m.jpg",ho_tay,3,Hồ Tây,West Lake,224,224,0e3f4324b70743a8b7df1fb76c94e987,24585
Hiện trạng và kế hoạch mở rộng đường ven Hồ Tây lên 21m.jpg,ho_tay,3,Hồ Tây,West Lake,224,224,1d513b15b61273283242ddd6fcfb5f7d,25543
Hồ Tây chỉnh trang diện mạo-001.jpg,ho_tay,3,Hồ Tây,West Lake,224,224,45a6cc613974f18bf0618d3af87869be,29902
Hồ Tây chỉnh trang diện mạo-002.jpg,ho_tay,3,Hồ Tây,West Lake,224,224,34eefd1fa35b4b62106db4fa9cb5c192,24620
Hồ Tây chỉnh trang diện mạo-003.jpg,ho_tay,3,Hồ Tây,West Lake,224,224,c4d3c953389cafee0018a7c0a7386b97,39545
Hồ Tây chỉnh trang diện mạo.jpg,ho_tay,3,Hồ Tây,West Lake,224,224,a7e17d261b2792a678321f9304271141,29564
Hồ Tây thay 'diện mạo' mới đón Xuân 2023 _ baotintuc.vn.jpg,ho_tay,3,Hồ Tây,West Lake,224,224,e25d011f4abb7570e015428391588471,35865
Hồ Tây đang khoác lên mình áo mới-001.jpg,ho_tay,3,Hồ Tây,West Lake,224,224,bc033ea8e242477e96a10918d4cc5791,27798
Hồ Tây đang khoác lên mình áo mới-002.jpg,ho_tay,3,Hồ Tây,West Lake,224,224,64d5edefe06f4d4ad631e72d577cde3f,26779
Hồ Tây đang khoác lên mình áo mới-003.jpg,ho_tay,3,Hồ Tây,West Lake,224,224,320785544533c7c0ccb343d40fc1bf17,27290
Hồ Tây đang khoác lên mình áo mới-004.jpg,ho_tay,3,Hồ Tây,West Lake,224,224,5628126c97815a9fb67b0c1eadf4475e,31357
Hồ Tây đang khoác lên mình áo mới.jpg,ho_tay,3,Hồ Tây,West Lake,224,224,a81b44abe8e9ded4775491442b033c8a,33481
Hồ Tây “thay áo mới khiến nhiều người trầm trồ.jpg,ho_tay,3,Hồ Tây,West Lake,224,224,73b20b7f63a57ee4e0722da448e615a4,30223
Hồ Tây_ Hàng trăm quả cầu gang trên lan can biến mất đầy bí ẩn.jpg,ho_tay,3,Hồ Tây,West Lake,224,224,2dd7dc7d9905864d6bd5f20f57cc055f,25409
Khu đô thị Starlake Tây Hồ Tây - Nơi giá trị nâng tầng đẳng cấp.jpg,ho_tay,3,Hồ Tây,West Lake,224,224,d0c7b4186fd47200dcc6cda634f508f6,33810
LAN CAN HỒ TÂY CHÍNH THỨC LÊN ĐÈN !! Sau khi thay bộ áo mới thì lan can Hồ  Tây giờ còn được sắm thêm quả đèn hất đáy vô cùng củ.jpg,ho_tay,3,Hồ Tây,West Lake,224,224,84f6d8c31ac224543c82364d93e0e952,27966
Lan Can Inox Hồ Bơi HCM & Miền Nam _ INOX RI PHÁT.jpg,ho_tay,3,Hồ Tây,West Lake,224,224,38c545f7307cbe9a20decb5b04ff644d,32280
Lan can Hồ Tây - Tin tức mới nhất 24h qua - Báo VnExpress.jpg,ho_tay,3,Hồ Tây,West Lake,224,224,d9bb914ea73aaa001fb6ad6f54ed2270,37630
Lan can Hồ Tây có áo mới-001.jpg,ho_tay,3,Hồ Tây,West Lake,224,224,0442a95bedbba1d23fa827694f063a80,34911
Lan can Hồ Tây có áo mới-002.jpg,ho_tay,3,Hồ Tây,West Lake,224,224,a37855c6685683813479a41adc314801,35030
Lan can Hồ Tây có áo mới-003.jpg,ho_tay,3,Hồ Tây,West Lake,224,224,fe49f54f7cd07d1a05555c96696ccb02,34000
Lan can Hồ Tây có áo mới-004.jpg,ho_tay,3,Hồ Tây,West Lake,224,224,d0bf5a6a307ab83a866d3868be8bf78e,31420
Lan can Hồ Tây có áo mới-005.jpg,ho_tay,3,Hồ Tây,West Lake,224,224,7cbc7d173763daf6e75dc73d4781e5cd,24039
Lan can Hồ Tây có áo mới-006.jpg,ho_tay,3,Hồ Tây,West Lake,224,224,67ee66c3965dc19b121f9ee735a098fb,33010
Lan can Hồ Tây có áo mới.jpg,ho_tay,3,Hồ Tây,West Lake,224,224,426b5281dee2948df4e77faca4989bd7,36664
"Lan can Hồ Tây đang được thay mới, đẹp mắt và an toàn hơn - Báo Phụ Nữ.jpg",ho_tay,3,Hồ Tây,West Lake,224,224,25fe3e9db9886105ee81199a851c15ab,27008
Lan can Hồ Tây được 'thay áo mới' _ Báo Pháp Luật Việt Nam-001.jpg,ho_tay,3,Hồ Tây,West Lake,224,224,1fb1953cbd5baf0b0dc6aca9792e71e9,25812
Lan can Hồ Tây được 'thay áo mới' _ Báo Pháp Luật Việt Nam-002.jpg,ho_tay,3,Hồ Tây,West Lake,224,224,d665e55e67a1202ad9ec8dff5ad1241e,29285
Lan can Hồ Tây được 'thay áo mới' _ Báo Pháp Luật Việt Nam-003.jpg,ho_tay,3,Hồ Tây,West Lake,224,224,052e35b6f9274e678489ceb0e3b58047,39386
Lan can Hồ Tây được 'thay áo mới' _ Báo Pháp Luật Việt Nam-004.jpg,ho_tay,3,Hồ Tây,West Lake,224,224,aa5cf6012532a91dc97d26a6cead57a0,24295
Lan can Hồ Tây được 'thay áo mới' _ Báo Pháp Luật Việt Nam.jpg,ho_tay,3,Hồ Tây,West Lake,224,224,963467817e6bea97da0f78160cfec0b2,32610
"Lan can Hồ Tây được thay mới, sơn màu trắng và đẹp mắt hơn-001.jpg",ho_tay,3,Hồ Tây,West Lake,224,224,926cd5ba8b2806d05b036dd1a8eaf045,44343
"Lan can Hồ Tây được thay mới, sơn màu trắng và đẹp mắt hơn-002.jpg",ho_tay,3,Hồ Tây,West Lake,224,224,238b1773c0019fdbf150cd4da4ecd111,26676
"Lan can Hồ Tây được thay mới, sơn màu trắng và đẹp mắt hơn-003.jpg",ho_tay,3,Hồ Tây,West Lake,224,224,c4bd150b79c84543e3f36ebbf7d5699c,35505
"Lan can Hồ Tây được thay mới, sơn màu trắng và đẹp mắt hơn.jpg",ho_tay,3,Hồ Tây,West Lake,224,224,bec1a1829b675fdf31a1299e3103e388,32978
Lan can bờ hồ đẹp tiêu chuẩn - chất lượng cao-001.jpg,ho_tay,3,Hồ Tây,West Lake,224,224,437ce119704831381f42502f5e3a7261,17977
Lan can bờ hồ đẹp tiêu chuẩn - chất lượng cao.jpg,ho_tay,3,Hồ Tây,West Lake,224,224,693555f24abfb0b82e4d9f69c51c2527,27951
Lan can hồ Tây dọc phố Nguyễn Đình Thi được thay mới toàn bộ-001.jpg,ho_tay,3,Hồ Tây,West Lake,224,224,0482d2116df37d30f21b6112789019a6,35864
Lan can hồ Tây dọc phố Nguyễn Đình Thi được thay mới toàn bộ.jpg,ho_tay,3,Hồ Tây,West Lake,224,224,9cf0438250ea6948a2e85d081d89c2c6,35529
Lan can hồ Tây đang được thay áo mới-001.jpg,ho_tay,3,Hồ Tây,West Lake,224,224,4a125f9532eff6c0303a0b4da3057385,31978
Lan can hồ Tây đang được thay áo mới-002.jpg,ho_tay,3,Hồ Tây,West Lake,224,224,ba0366fe1e9828dc6b0dafae30e136d8,29122
Lan can hồ Tây đang được thay áo mới.jpg,ho_tay,3,Hồ Tây,West Lake,224,224,0ec8f094b13156576b007850cc595aa7,26887
Lan can quanh hồ Tây bị phá hoại trộm cắp.jpg,ho_tay,3,Hồ Tây,West Lake,224,224,6de8b4794bc22ff3e01eab76d4b79654,20791
Lan can quanh hồ Tây được lắp quả cầu gang sau khi bị mất trộm.jpg,ho_tay,3,Hồ Tây,West Lake,224,224,c672384bb43505c9123ed5e7c80552f4,29950
"Lan can đá ở Hồ Tây bị sập, quận Tây Hồ thông tin.jpg",ho_tay,3,Hồ Tây,West Lake,224,224,9db86b65d5dade121e1a63998ab95cc7,31146
Ngắm diện mạo mới của hồ Tây với hệ thống lan can mới-001.jpg,ho_tay,3,Hồ Tây,West Lake,224,224,7bd83f29494f743a8b1c054cd1c52223,32206
Ngắm diện mạo mới của hồ Tây với hệ thống lan can mới.jpg,ho_tay,3,Hồ Tây,West Lake,224,224,9674d1e00ccad042f71bdcc5ae162c93,31313
Nguyên nhân lan can đá ở Hồ Tây bị đổ sập-001.jpg,ho_tay,3,Hồ Tây,West Lake,224,224,7914dee0ebe0f497c8b79a4e2de9c2ed,28240
Nguyên nhân lan can đá ở Hồ Tây bị đổ sập.jpg,ho_tay,3,Hồ Tây,West Lake,224,224,5daf4b860dddbecbad552bc70d30692d,31792
Nhức nhối vấn nạn trộm sắt lan can ven hồ Tây.jpg,ho_tay,3,Hồ Tây,West Lake,224,224,2d744af7ea2692ec72b1de95b57870ff,26877
Quận Tây Hồ nói về hiện tượng những quả cầu gang lan can hồ Tây biến mất-001.jpg,ho_tay,3,Hồ Tây,West Lake,224,224,ad079c751207a5ec976ccacf0a1c0791,20659
Quận Tây Hồ nói về hiện tượng những quả cầu gang lan can hồ Tây biến mất-002.jpg,ho_tay,3,Hồ Tây,West Lake,224,224,d3d4cd1d9e632e37e0be7d812f82d46f,31612
Quận Tây Hồ nói về hiện tượng những quả cầu gang lan can hồ Tây biến mất-003.jpg,ho_tay,3,Hồ Tây,West Lake,224,224,b5bd1e04a48219822412dcfabea8d3f6,26300
Quận Tây Hồ nói về hiện tượng những quả cầu gang lan can hồ Tây biến mất-004.jpg,ho_tay,3,Hồ Tây,West Lake,224,224,c9c3f002b40f9c5ea8b81176c1656c4d,25456
Quận Tây Hồ nói về hiện tượng những quả cầu gang lan can hồ Tây biến mất.jpg,ho_tay,3,Hồ Tây,West Lake,224,224,d624f91d70a76b34d94ebacee08a3e4c,30975
"Ra Hồ Tây kích cầu du lịch Thủ đô_ Không cần ô tô sang xịn để “nhún nhảy”,  ngắm hoàng hôn, ăn kem, chèo SUP là đủ cho một chiều hè.jpg",ho_tay,3,Hồ Tây,West Lake,224,224,c8bf78d02a0887aa35a779d123de0201,18537
TRỘM QUẢ CẦU Ở LAN CAN HỒ TÂY_ tin tức Mới nhất Công an Hà Nội điều tra vụ  1.500 quả cầu gang lan can ven Hồ Tây biến mất - Đọc.jpg,ho_tay,3,Hồ Tây,West Lake,224,224,2003fdac43b6fdeaf346916480965884,21886
"Thay mới lan can, hồ Tây thêm lung linh về đêm _ Znews.vn-001.jpg",ho_tay,3,Hồ Tây,West Lake,224,224,2111ac28c7ba219e2f852e110b950d49,33368
"Thay mới lan can, hồ Tây thêm lung linh về đêm _ Znews.vn-002.jpg",ho_tay,3,Hồ Tây,West Lake,224,224,544cb839a67767741565a47221f21f69,31848
"Thay mới lan can, hồ Tây thêm lung linh về đêm _ Znews.vn-003.jpg",ho_tay,3,Hồ Tây,West Lake,224,224,050b2a39293726b6444c6412da723f52,21822
"Thay mới lan can, hồ Tây thêm lung linh về đêm _ Znews.vn-004.jpg",ho_tay,3,Hồ Tây,West Lake,224,224,e8383442990b608925144e537b92f8f1,36595
"Thay mới lan can, hồ Tây thêm lung linh về đêm _ Znews.vn.jpg",ho_tay,3,Hồ Tây,West Lake,224,224,62559810d999675b802c7d6caad63f5b,30117
"Thay thế toàn bộ lan can cũ, xuống cấp quanh hồ Tây trong năm 2023.jpg",ho_tay,3,Hồ Tây,West Lake,224,224,157793e03fe8b7d091b356d041f1803f,23732
Xây dựng thí điểm lan can trên kè Hồ Tây _ Welcome to DNA-CDC.jpg,ho_tay,3,Hồ Tây,West Lake,224,224,d4d8a004bb417797eefee99cc640cac4,9005
Xôn xao' về diện mạo mới của lan can Hồ Tây _ Báo Pháp Luật Việt Nam-001.jpg,ho_tay,3,Hồ Tây,West Lake,224,224,e4171d49a5efe71141562e83f0b78f5d,20083
Xôn xao' về diện mạo mới của lan can Hồ Tây _ Báo Pháp Luật Việt Nam.jpg,ho_tay,3,Hồ Tây,West Lake,224,224,a4df6e58ea42b7631f63e59fab823329,24981
ho_tay_0000.jpg,ho_tay,3,Hồ Tây,West Lake,224,224,e198499b8d0e1a25d94cfd853f7ae8e4,30272
ho_tay_0001.jpg,ho_tay,3,Hồ Tây,West Lake,224,224,cd966e831f1e407003c32b75c499c49c,37650
ho_tay_0002.jpg,ho_tay,3,Hồ Tây,West Lake,224,224,9720dd9ec7d6f5c6d48841b4d0ea5648,33353
ho_tay_0003.jpg,ho_tay,3,Hồ Tây,West Lake,224,224,c5cb3471b593fecd41e9b9fa6c914128,31707
ho_tay_0004.jpg,ho_tay,3,Hồ Tây,West Lake,224,224,578a01af4376d769ff633a59c0c9f07f,28888
ho_tay_0005.jpg,ho_tay,3,Hồ Tây,West Lake,224,224,bd473eb47a53e71b4586365d6946a40b,19716
ho_tay_0006.jpg,ho_tay,3,Hồ Tây,West Lake,224,224,8d447f84cb186a74cb247c0ecc44389a,22935
ho_tay_0008.jpg,ho_tay,3,Hồ Tây,West Lake,224,224,b0b37af03c6d52e44d5f5ffe11601b45,26735
ho_tay_0009.jpg,ho_tay,3,Hồ Tây,West Lake,224,224,07695a56a2a650d3301586771a26b4a7,32663
ho_tay_0010.jpg,ho_tay,3,Hồ Tây,West Lake,224,224,a4ddf46f4eff12fec6277dff6ad12a07,24690
ho_tay_0011.jpg,ho_tay,3,Hồ Tây,West Lake,224,224,20d8ea7b83de99c58033b195a8d8ddf7,25712
ho_tay_0012.jpg,ho_tay,3,Hồ Tây,West Lake,224,224,3f0ea5f107a571c70dc0fd863e4a34a8,27805
ho_tay_0013.jpg,ho_tay,3,Hồ Tây,West Lake,224,224,7610a6c25be4bf2276159a4ea3a5259b,31274
ho_tay_0014.jpg,ho_tay,3,Hồ Tây,West Lake,224,224,2357125b473568b0b34236f06ad3c6c5,15730
ho_tay_0015.jpg,ho_tay,3,Hồ Tây,West Lake,224,224,576ef9ac334b1e126c66df3656a87069,23187
ho_tay_0016.jpg,ho_tay,3,Hồ Tây,West Lake,224,224,cead138f0f33155b5d5a665091c5c0b4,22987
ho_tay_0017.jpg,ho_tay,3,Hồ Tây,West Lake,224,224,5c4b2157f725670886cf3bf74903b7d1,35326
ho_tay_0018.jpg,ho_tay,3,Hồ Tây,West Lake,224,224,300ad8be10da3d27c33620d02208b6ec,29732
ho_tay_0019.jpg,ho_tay,3,Hồ Tây,West Lake,224,224,fc15cf439e8175f183384459c8fa1436,26237
ho_tay_0020.jpg,ho_tay,3,Hồ Tây,West Lake,224,224,a09e9ee342498f890f8b6ff177b902e0,18171
ho_tay_0021.jpg,ho_tay,3,Hồ Tây,West Lake,224,224,0fcd52cbd4f2ca9d8dfbf3df7c3e9e33,21037
ho_tay_0022.jpg,ho_tay,3,Hồ Tây,West Lake,224,224,f05dc7ea12a8635749622761a216d8a8,37436
ho_tay_0023.jpg,ho_tay,3,Hồ Tây,West Lake,224,224,c7f2f777af0bb95f75b2525c6a66c943,21213
ho_tay_0025.jpg,ho_tay,3,Hồ Tây,West Lake,224,224,c66a7129314eb7257b57d1fe94e40d9c,30047
ho_tay_0026.jpg,ho_tay,3,Hồ Tây,West Lake,224,224,2ae549d15130739b69470eacbbf5d941,33129
ho_tay_0027.jpg,ho_tay,3,Hồ Tây,West Lake,224,224,9896d2eb4a254ec1ba77cc333445f2b5,26662
ho_tay_0028.jpg,ho_tay,3,Hồ Tây,West Lake,224,224,e91718de3e663d5cca4248b46c37bb29,28395
ho_tay_0029.jpg,ho_tay,3,Hồ Tây,West Lake,224,224,362ceb1009f4754e767b5c8240f02420,33910
ho_tay_0030.jpg,ho_tay,3,Hồ Tây,West Lake,224,224,e25d30cd861c833d84b5214f4601cf34,37212
ho_tay_0032.jpg,ho_tay,3,Hồ Tây,West Lake,224,224,6699a9b0e165815935f4534d8234837f,33403
ho_tay_0033.jpg,ho_tay,3,Hồ Tây,West Lake,224,224,dd852cabaee472c995214ef969b13c6e,23461
ho_tay_0034.jpg,ho_tay,3,Hồ Tây,West Lake,224,224,6744d57a90443f4f5a4fb6f8132d9455,29992
ho_tay_0035.jpg,ho_tay,3,Hồ Tây,West Lake,224,224,d9319d6d8faa44af26b0e3b032298837,26581
ho_tay_0036.jpg,ho_tay,3,Hồ Tây,West Lake,224,224,e764c78da223ebff45f00d87742a4b66,26294
ho_tay_0037.jpg,ho_tay,3,Hồ Tây,West Lake,224,224,066ff167186852ab8594e1d85dfea436,23835
ho_tay_0038.jpg,ho_tay,3,Hồ Tây,West Lake,224,224,8d0052efbad956d7a77af35649185934,24507
ho_tay_0039.jpg,ho_tay,3,Hồ Tây,West Lake,224,224,7504271274df35f816b2c94a2c3b1dc3,27716
ho_tay_0040.jpg,ho_tay,3,Hồ Tây,West Lake,224,224,14961299fb1748e7995174094e331cd2,27351
ho_tay_0041.jpg,ho_tay,3,Hồ Tây,West Lake,224,224,1aa12eb71dfe4a930397db6eab78e5aa,23470
ho_tay_0042.jpg,ho_tay,3,Hồ Tây,West Lake,224,224,25355bbe2b4fa274bc07a96be90ae49f,35665
ho_tay_0043.jpg,ho_tay,3,Hồ Tây,West Lake,224,224,510d7520ec4b446ea4f88f969c73feb8,30341
ho_tay_0044.jpg,ho_tay,3,Hồ Tây,West Lake,224,224,ff176d205d7d60edcbcbcd185f6720b8,32423
ho_tay_0045.jpg,ho_tay,3,Hồ Tây,West Lake,224,224,79c91398af98b3aefbe5fa1719c629fb,28371
ho_tay_0046.jpg,ho_tay,3,Hồ Tây,West Lake,224,224,82dc3fc5be49b23e1dbfcadd4a7df14b,21702
ho_tay_0047.jpg,ho_tay,3,Hồ Tây,West Lake,224,224,4e691cde70364dc25da4213c9646703b,31437
ho_tay_0048.jpg,ho_tay,3,Hồ Tây,West Lake,224,224,10c1304265574cc0ec1f6bfd3a267cf0,19205
ho_tay_0049.jpg,ho_tay,3,Hồ Tây,West Lake,224,224,765ce03b3c57422ff4c2bcd1ebbd3f26,25170
ho_tay_0050.jpg,ho_tay,3,Hồ Tây,West Lake,224,224,e0a7f665bde6306529b77e4b0c365de4,20755
ho_tay_0051.jpg,ho_tay,3,Hồ Tây,West Lake,224,224,73b5f550479227692cab6180664292b6,23457
ho_tay_0052.jpg,ho_tay,3,Hồ Tây,West Lake,224,224,5b2e2931738d0d9e8209e7c337311c21,39268
ho_tay_0053.jpg,ho_tay,3,Hồ Tây,West Lake,224,224,b4377d1eee744c1e1e359cde0f4b0076,27827
ho_tay_0054.jpg,ho_tay,3,Hồ Tây,West Lake,224,224,a67c33e3456592b4e5163418f14c7035,19693
ho_tay_0055.jpg,ho_tay,3,Hồ Tây,West Lake,224,224,65572eb0792c1b24fb80825379054896,19601
ho_tay_0056.jpg,ho_tay,3,Hồ Tây,West Lake,224,224,d6bfeb11307f6f6d3af76e3a87ad8b87,28948
ho_tay_0057.jpg,ho_tay,3,Hồ Tây,West Lake,224,224,3d04fcfe10d4aa3fc6a8ad88d70ad81b,22605
ho_tay_0058.jpg,ho_tay,3,Hồ Tây,West Lake,224,224,5cc3f400b5b21feffd7e3d0164f1ab6f,31021
ho_tay_0059.jpg,ho_tay,3,Hồ Tây,West Lake,224,224,6b126882ccc2c4a2a9020ec7da119892,24274
ho_tay_0060.jpg,ho_tay,3,Hồ Tây,West Lake,224,224,ffe333e05ab45bc9947d3a837db40e8e,38101
ho_tay_0062.jpg,ho_tay,3,Hồ Tây,West Lake,224,224,376c3cb1b2f2764ba891258fee1cd6f0,31166
ho_tay_0063.jpg,ho_tay,3,Hồ Tây,West Lake,224,224,9754aa1e5ab596e2b3848eb2fa0e8a84,16492
ho_tay_0064.jpg,ho_tay,3,Hồ Tây,West Lake,224,224,08705d6434eb8f8583d8af35a8782c37,14389
ho_tay_0065.jpg,ho_tay,3,Hồ Tây,West Lake,224,224,fbfda1ccd3288969f62d28bea572d888,27671
ho_tay_0066.jpg,ho_tay,3,Hồ Tây,West Lake,224,224,deac2e5c4afe6758dd0c0fa8148e00ee,13003
ho_tay_0069.jpg,ho_tay,3,Hồ Tây,West Lake,224,224,d33b76eb4c27670e5b3e59fc8cb22f8c,27390
ho_tay_0070.jpg,ho_tay,3,Hồ Tây,West Lake,224,224,6079fa562a2d02f64cba985de668dd60,20547
ho_tay_0071.jpg,ho_tay,3,Hồ Tây,West Lake,224,224,f3015ad041cc97eb10a8b0b58f46a0a7,15676
ho_tay_0072.jpg,ho_tay,3,Hồ Tây,West Lake,224,224,a41be7b12d2d7aa55f892028d3562c53,17125
ho_tay_0073.jpg,ho_tay,3,Hồ Tây,West Lake,224,224,bc38dba7f6960ad81e6b8c9a4932d3bd,13585
ho_tay_0074.jpg,ho_tay,3,Hồ Tây,West Lake,224,224,50d4f7fb0ba9729eff74e6948b8b6000,15876
ho_tay_0075.jpg,ho_tay,3,Hồ Tây,West Lake,224,224,fc8d48a65cb107c78b914d7d6e17cea9,26931
ho_tay_0084.jpg,ho_tay,3,Hồ Tây,West Lake,224,224,36a975da1a865c7e35cc726315e0b0b0,16789
ho_tay_0086.jpg,ho_tay,3,Hồ Tây,West Lake,224,224,7697a3f3475b0e357f14fb22a8f55291,22408
ho_tay_0089.jpg,ho_tay,3,Hồ Tây,West Lake,224,224,7d9be9d3553264d52c6e55729f97f7e1,15304
ho_tay_0091.jpg,ho_tay,3,Hồ Tây,West Lake,224,224,9d2b6d78189def3a33c408a07111292e,13250
ho_tay_0092.jpg,ho_tay,3,Hồ Tây,West Lake,224,224,14bf04df75445312a60b5463c4e93705,17979
ho_tay_0093.jpg,ho_tay,3,Hồ Tây,West Lake,224,224,eb11143a68bed99f81a8e69d79754a38,17313
ho_tay_0094.jpg,ho_tay,3,Hồ Tây,West Lake,224,224,893f499aff1e901b62f9ff895241ba6f,18939
ho_tay_0095.jpg,ho_tay,3,Hồ Tây,West Lake,224,224,57e041843a03c2492d778e78b2a3de1e,26471
ho_tay_0096.jpg,ho_tay,3,Hồ Tây,West Lake,224,224,ff7e4df4e56b8175cb0a5b48e44dcfa9,15402
ho_tay_0097.jpg,ho_tay,3,Hồ Tây,West Lake,224,224,3cba1a87acd02bf2ba314d08366746d4,24206
ho_tay_0098.jpg,ho_tay,3,Hồ Tây,West Lake,224,224,ed7e321d93a75253e7ea40b7656e4020,21640
ho_tay_0099.jpg,ho_tay,3,Hồ Tây,West Lake,224,224,7514a7d7f00de807abf0d7265b4cc395,24826
ho_tay_0100.jpg,ho_tay,3,Hồ Tây,West Lake,224,224,3e1bdace342646f342bd76934b30795b,17065
ho_tay_0101.jpg,ho_tay,3,Hồ Tây,West Lake,224,224,57b1f2dd316cf4829c439d277ee2eeb6,23296
ho_tay_0102.jpg,ho_tay,3,Hồ Tây,West Lake,224,224,2538750107f57f5b5455a2cbb069916c,23590
ho_tay_0103.jpg,ho_tay,3,Hồ Tây,West Lake,224,224,34202b3214cb5bde07b1735606aed639,17743
ho_tay_0105.jpg,ho_tay,3,Hồ Tây,West Lake,224,224,cc81c85c5abae15c5651e831eb19f9dd,15476
ho_tay_0107.jpg,ho_tay,3,Hồ Tây,West Lake,224,224,bd0850b3a03a3bb314d6d4b0a578c13b,15163
ho_tay_0108.jpg,ho_tay,3,Hồ Tây,West Lake,224,224,834504bfd8b71fb9e76b7aadccaacc99,18288
ho_tay_0109.jpg,ho_tay,3,Hồ Tây,West Lake,224,224,0c7da0781f614d5caaf3ab0c078c5cdf,20383
ho_tay_0111.jpg,ho_tay,3,Hồ Tây,West Lake,224,224,abe689a7ff7bc87557ca1f73bd37571f,13151
ho_tay_0112.jpg,ho_tay,3,Hồ Tây,West Lake,224,224,f9791be50693b78b788c49cb15a34015,17660
ho_tay_0113.jpg,ho_tay,3,Hồ Tây,West Lake,224,224,eff680468ec6cba7bbcf859e69ffa08a,17608
ho_tay_0114.jpg,ho_tay,3,Hồ Tây,West Lake,224,224,ddf2b35f105c04f05c0639f4eded1a6d,20532
ho_tay_0115.jpg,ho_tay,3,Hồ Tây,West Lake,224,224,93f90742cf401c8267a5529ef37e4f64,40009
ho_tay_0116.jpg,ho_tay,3,Hồ Tây,West Lake,224,224,9865f44f9db4d6a99af0e282ab589d49,12094
ho_tay_0117.jpg,ho_tay,3,Hồ Tây,West Lake,224,224,3c6efe7a0db8d6ee827898257a5acc0c,16199
ho_tay_0118.jpg,ho_tay,3,Hồ Tây,West Lake,224,224,6cdbf0f994db816f70187137d60adb0e,17711
ho_tay_0119.jpg,ho_tay,3,Hồ Tây,West Lake,224,224,f015124ff3af27e8d7e58423a5285008,16476
ho_tay_0120.jpg,ho_tay,3,Hồ Tây,West Lake,224,224,dd37bde7d46e9524e1717f5968c4f714,25965
ho_tay_0121.jpg,ho_tay,3,Hồ Tây,West Lake,224,224,f45fcf3292f57da36d432b7692dd7753,20334
ho_tay_0122.jpg,ho_tay,3,Hồ Tây,West Lake,224,224,90061d01fc837ffdc2f3b46d61d2c176,15016
ho_tay_0123.jpg,ho_tay,3,Hồ Tây,West Lake,224,224,29d94c2f52ffd65f2be1e94ed7fc6dbd,14879
ho_tay_0124.jpg,ho_tay,3,Hồ Tây,West Lake,224,224,fe5d89ff9e82ed2ac90daed3b9d8e927,19513
ho_tay_0125.jpg,ho_tay,3,Hồ Tây,West Lake,224,224,b3029dbb9e91ec78165cece66586ed3a,19044
ho_tay_0126.jpg,ho_tay,3,Hồ Tây,West Lake,224,224,a90505ac6bc0d3121798fbc3f21c0b42,17104
ho_tay_0127.jpg,ho_tay,3,Hồ Tây,West Lake,224,224,928bfaf7def544986137b92478d36e3c,17826
ho_tay_0128.jpg,ho_tay,3,Hồ Tây,West Lake,224,224,3d4c6d5780f9ae0133ec7fe3b565ac95,15928
ho_tay_0129.jpg,ho_tay,3,Hồ Tây,West Lake,224,224,ede210434b639093b26c1ab5f041b9fd,16318
ho_tay_0130.jpg,ho_tay,3,Hồ Tây,West Lake,224,224,ed30ef1fc1f077c64dfd16070d060abd,32276
ho_tay_0132.jpg,ho_tay,3,Hồ Tây,West Lake,224,224,7486b892b547676b316610e1bdada6db,24551
ho_tay_0133.jpg,ho_tay,3,Hồ Tây,West Lake,224,224,9be69d8e7b4c1ca8f0e5f58c69ff3926,16201
ho_tay_0135.jpg,ho_tay,3,Hồ Tây,West Lake,224,224,4682767aa60e006b446e3f3c14a6c04b,27021
ho_tay_0136.jpg,ho_tay,3,Hồ Tây,West Lake,224,224,0d4db4a66b87d2468fe8e28587d2a497,21805
ho_tay_0137.jpg,ho_tay,3,Hồ Tây,West Lake,224,224,ae7fc5ed74f2183a1d66fe97181468f7,20080
ho_tay_0138.jpg,ho_tay,3,Hồ Tây,West Lake,224,224,f9b608c200d7d2d847589ad74c41dc51,11696
ho_tay_0139.jpg,ho_tay,3,Hồ Tây,West Lake,224,224,9c2715c28dd651cd041d22fa11797ed3,17605
ho_tay_0140.jpg,ho_tay,3,Hồ Tây,West Lake,224,224,d36d647cb4768507eef13e9389398672,15353
ho_tay_0141.jpg,ho_tay,3,Hồ Tây,West Lake,224,224,78d7a134e0c75ad4ab85b5b71bb416f1,17513
ho_tay_0142.jpg,ho_tay,3,Hồ Tây,West Lake,224,224,91e624d1e0c2f34bc182e03423d596b1,12228
ho_tay_0143.jpg,ho_tay,3,Hồ Tây,West Lake,224,224,2c0756095085ae0c9e5517a97d02f73b,16045
ho_tay_0144.jpg,ho_tay,3,Hồ Tây,West Lake,224,224,8dc3b66aecc293b29a77a195786667b9,24125
ho_tay_0146.jpg,ho_tay,3,Hồ Tây,West Lake,224,224,8493c339ef8e0a8c99e98c4ecc07d4e9,24502
ho_tay_0147.jpg,ho_tay,3,Hồ Tây,West Lake,224,224,d4478bc3c7ff2cf57f86d3c08a6f26da,34206
ho_tay_0148.jpg,ho_tay,3,Hồ Tây,West Lake,224,224,bcc232da346bac1ec35936dd05bbbaaa,22556
ho_tay_0150.jpg,ho_tay,3,Hồ Tây,West Lake,224,224,d7af0d9aef924f816bc1599791b1181e,21669
ho_tay_0151.jpg,ho_tay,3,Hồ Tây,West Lake,224,224,a559d83430c043971dd99efe1784caf7,21638
ho_tay_0153.jpg,ho_tay,3,Hồ Tây,West Lake,224,224,4a4336949c504c9c1e8c6fe6e4c01fea,22358
ho_tay_0154.jpg,ho_tay,3,Hồ Tây,West Lake,224,224,31987d4c3a1cb68a253238a22e94163e,20568
ho_tay_0155.jpg,ho_tay,3,Hồ Tây,West Lake,224,224,e51e0fc79847e56c33a75ecf8c77cd90,14055
ho_tay_0156.jpg,ho_tay,3,Hồ Tây,West Lake,224,224,f0f5ee1af3db45d2c463cb3a26e4ec50,28362
ho_tay_0158.jpg,ho_tay,3,Hồ Tây,West Lake,224,224,557615a5a121afbea135580a44ad46ef,18223
ho_tay_0159.jpg,ho_tay,3,Hồ Tây,West Lake,224,224,70551fe02798123d4f9fdfe95cbd753f,25101
ho_tay_0160.jpg,ho_tay,3,Hồ Tây,West Lake,224,224,32b7e61453fee352dce0703dc7df81ae,27073
ho_tay_0161.jpg,ho_tay,3,Hồ Tây,West Lake,224,224,f0ebdb5290a106ba94dcb34e9484cadc,16301
ho_tay_0165.jpg,ho_tay,3,Hồ Tây,West Lake,224,224,fd1518c47f24935c24b15bafdeed6b1e,25940
ho_tay_0166.jpg,ho_tay,3,Hồ Tây,West Lake,224,224,8ad6fd09ccb4da13fa1f403bee4846a2,18990
ho_tay_0167.jpg,ho_tay,3,Hồ Tây,West Lake,224,224,2662bc126520f32a1c1c391af98b6046,14886
ho_tay_0168.jpg,ho_tay,3,Hồ Tây,West Lake,224,224,513390487304e34b43140ff1dfb94111,28020
ho_tay_0169.jpg,ho_tay,3,Hồ Tây,West Lake,224,224,c0c48f1b002a852296f4874ede3727aa,15753
ho_tay_0170.jpg,ho_tay,3,Hồ Tây,West Lake,224,224,6918bca383356cfb475706e348e8fde6,15320
ho_tay_0171.jpg,ho_tay,3,Hồ Tây,West Lake,224,224,dc91c7d5dc38e76f2d1192594eceaf83,18570
ho_tay_0172.jpg,ho_tay,3,Hồ Tây,West Lake,224,224,2fcfff09336c0331382b5016decbf71c,14154
ho_tay_0173.jpg,ho_tay,3,Hồ Tây,West Lake,224,224,5d314e8c3612e32ec6f858a4dabf2dfa,30457
ho_tay_0174.jpg,ho_tay,3,Hồ Tây,West Lake,224,224,6ee6d6d52943222e3c331195a589fff9,18388
ho_tay_0175.jpg,ho_tay,3,Hồ Tây,West Lake,224,224,d4aefd3b014ecf14c9c865b44e09d833,32871
ho_tay_0176.jpg,ho_tay,3,Hồ Tây,West Lake,224,224,dad9e31714de471000cee57fc5e83c32,13822
ho_tay_0177.jpg,ho_tay,3,Hồ Tây,West Lake,224,224,b1c19f1aaea05f7d9f9706dcdfc7286b,15439
ho_tay_0178.jpg,ho_tay,3,Hồ Tây,West Lake,224,224,3a4da0c9432e90d821ddb5f3c0a5c3a6,37390
ho_tay_0179.jpg,ho_tay,3,Hồ Tây,West Lake,224,224,acf982616dfe1729a8c851077108ae5f,18546
ho_tay_0180.jpg,ho_tay,3,Hồ Tây,West Lake,224,224,cb8560ca6615820c2bea79d2d32abedc,28198
ho_tay_0181.jpg,ho_tay,3,Hồ Tây,West Lake,224,224,8f1e32a8d4cdc3cd101b8b5f7c5effa6,14294
ho_tay_0182.jpg,ho_tay,3,Hồ Tây,West Lake,224,224,655d0d574445f341374e42fdec7b0297,30278
ho_tay_0183.jpg,ho_tay,3,Hồ Tây,West Lake,224,224,fcf0a4a1235634afe9d4cc32c6bdff1f,31997
ho_tay_0185.jpg,ho_tay,3,Hồ Tây,West Lake,224,224,739ca3aed52408e326ab9c0564567a79,20417
ho_tay_0186.jpg,ho_tay,3,Hồ Tây,West Lake,224,224,a90931dc5f98ee62b44b5b55e188d889,23382
ho_tay_0187.jpg,ho_tay,3,Hồ Tây,West Lake,224,224,089a468efa7abfee9efa22a169c8a0cf,16960
ho_tay_0188.jpg,ho_tay,3,Hồ Tây,West Lake,224,224,4a4af1d6d09e921fa9936a112fedc88a,17979
ho_tay_0189.jpg,ho_tay,3,Hồ Tây,West Lake,224,224,adb15d75e954a84445ef6fe1a1429dbd,17652
ho_tay_0190.jpg,ho_tay,3,Hồ Tây,West Lake,224,224,ee31643235b879716ee726bd31b87b7f,25731
ho_tay_0191.jpg,ho_tay,3,Hồ Tây,West Lake,224,224,934cc16d643dbf744ef1037d45db33ab,15456
ho_tay_0192.jpg,ho_tay,3,Hồ Tây,West Lake,224,224,1f2330970b5e73abfa14801f0b860614,17477
ho_tay_0193.jpg,ho_tay,3,Hồ Tây,West Lake,224,224,6fbdbd32c7f1616dc443f7b8472f4df2,38115
ho_tay_0195.jpg,ho_tay,3,Hồ Tây,West Lake,224,224,451a23f1aa0a63c601bad83ea33a0083,22259
ho_tay_0197.jpg,ho_tay,3,Hồ Tây,West Lake,224,224,0ce4adf663691cc0b10aa8199e3cbdbc,37890
ho_tay_0198.jpg,ho_tay,3,Hồ Tây,West Lake,224,224,72dfb0e28515f126aaa27087052691d0,35440
ho_tay_0199.jpg,ho_tay,3,Hồ Tây,West Lake,224,224,6f0fac2f8720e150069ea13f7586f215,28743
ho_tay_0201.jpg,ho_tay,3,Hồ Tây,West Lake,224,224,8bb7315e9d53848492b447f72f49aab2,24186
ho_tay_0202.jpg,ho_tay,3,Hồ Tây,West Lake,224,224,46e6fab1001aad3ac63ff4b546678246,18329
ho_tay_0203.jpg,ho_tay,3,Hồ Tây,West Lake,224,224,c09a7921784e04c878b88e592b09e71f,37947
ho_tay_0204.jpg,ho_tay,3,Hồ Tây,West Lake,224,224,d61de418adb2302beca1c0d54e9829ad,37190
ho_tay_0206.jpg,ho_tay,3,Hồ Tây,West Lake,224,224,7d63dc9c7b49102a42ace99ccd0318c8,20121
ho_tay_0207.jpg,ho_tay,3,Hồ Tây,West Lake,224,224,5d727545c248d0bb1fb3dd5009e94681,33370
ho_tay_0208.jpg,ho_tay,3,Hồ Tây,West Lake,224,224,4057c8c5f99762e4d43fa1d6b1d044d9,25038
ho_tay_0209.jpg,ho_tay,3,Hồ Tây,West Lake,224,224,7eca882d6924a108574b95e65e3c4960,21576
ho_tay_0210.jpg,ho_tay,3,Hồ Tây,West Lake,224,224,1dd4b05688fd2d184d6e5d4fbdee2b14,34225
ho_tay_0211.jpg,ho_tay,3,Hồ Tây,West Lake,224,224,06008b2185f956e7f4b4a12873e6500d,34371
ho_tay_0212.jpg,ho_tay,3,Hồ Tây,West Lake,224,224,d3f9dd401bcdb95107a018b2ca7fbfa0,16727
ho_tay_0213.jpg,ho_tay,3,Hồ Tây,West Lake,224,224,f5d24a113d23992ed3b5aca59474c182,37227
ho_tay_0214.jpg,ho_tay,3,Hồ Tây,West Lake,224,224,8558596e6f7ffe5228661cdded1dfd4b,23868
ho_tay_0215.jpg,ho_tay,3,Hồ Tây,West Lake,224,224,a5bf653fe862b40a56fc9ad46cc102f6,15744
ho_tay_0216.jpg,ho_tay,3,Hồ Tây,West Lake,224,224,563e742518eb393c9987c0a137727764,30199
ho_tay_0217.jpg,ho_tay,3,Hồ Tây,West Lake,224,224,8583939af079b65e4007edc23f9ef5ff,38045
ho_tay_0218.jpg,ho_tay,3,Hồ Tây,West Lake,224,224,0c39425050f3b6483de30461ac1016c1,23970
ho_tay_0219.jpg,ho_tay,3,Hồ Tây,West Lake,224,224,922bda69f318d5bd889671ff838d10a7,17049
ho_tay_0220.jpg,ho_tay,3,Hồ Tây,West Lake,224,224,466968e5cb98a9bbe4c0bb4e7485a587,18938
ho_tay_0222.jpg,ho_tay,3,Hồ Tây,West Lake,224,224,74ba7350dd2500b1182431d3e0efe893,34171
ho_tay_0223.jpg,ho_tay,3,Hồ Tây,West Lake,224,224,4fe24c0cf2be9c6280cb1d162c31b309,25826
ho_tay_0224.jpg,ho_tay,3,Hồ Tây,West Lake,224,224,eca8f93da7c325291df5243451943e89,20655
ho_tay_0225.jpg,ho_tay,3,Hồ Tây,West Lake,224,224,cb35275af9a2f97c427bcafaf18ec735,15226
ho_tay_0227.jpg,ho_tay,3,Hồ Tây,West Lake,224,224,8df067367ac0797791477ee5fb1d487f,26528
ho_tay_0229.jpg,ho_tay,3,Hồ Tây,West Lake,224,224,452535c12cb06a62c7ce9aa6cb0c38e3,25485
ho_tay_0230.jpg,ho_tay,3,Hồ Tây,West Lake,224,224,77c689510907ab1f874918ba9e8ad362,28445
ho_tay_0231.jpg,ho_tay,3,Hồ Tây,West Lake,224,224,2d7901aaa308f1e47b098f2de7ee0706,29514
ho_tay_0232.jpg,ho_tay,3,Hồ Tây,West Lake,224,224,dd2bd04c35764047bbf9e23f20cbe612,27016
ho_tay_0233.jpg,ho_tay,3,Hồ Tây,West Lake,224,224,5886e36e6d24dd0338c876f42007b531,33431
ho_tay_0234.jpg,ho_tay,3,Hồ Tây,West Lake,224,224,40fd40979ef7bb74ad48ffa8bedc687a,36307
ho_tay_0235.jpg,ho_tay,3,Hồ Tây,West Lake,224,224,bc710ff07939c00973dbd2a76934d419,21558
ho_tay_0236.jpg,ho_tay,3,Hồ Tây,West Lake,224,224,6a401c890542161c31ef9ff62df8cf92,27131
ho_tay_0237.jpg,ho_tay,3,Hồ Tây,West Lake,224,224,7d83e6a0ed7dda8a3eb72bf763dda9d2,38416
ho_tay_0239.jpg,ho_tay,3,Hồ Tây,West Lake,224,224,76a484cddb7160c6107b02b9fea00b79,14964
ho_tay_0240.jpg,ho_tay,3,Hồ Tây,West Lake,224,224,c5e2dfebcc84bae66a804eefbebd01d9,24307
ho_tay_0241.jpg,ho_tay,3,Hồ Tây,West Lake,224,224,5da45b932385a9acb46a3976515fa9e6,23979
ho_tay_0242.jpg,ho_tay,3,Hồ Tây,West Lake,224,224,48550b7fe726c4c4bb582c43d8be4090,12464
ho_tay_0243.jpg,ho_tay,3,Hồ Tây,West Lake,224,224,07babcd44b3baae4954807a84bfd2cd1,15740
ho_tay_0244.jpg,ho_tay,3,Hồ Tây,West Lake,224,224,f2d955485be9faef9058786c982d18a6,23835
ho_tay_0245.jpg,ho_tay,3,Hồ Tây,West Lake,224,224,3aa25ff8ff77209d73848bde9d2878c3,14491
ho_tay_0246.jpg,ho_tay,3,Hồ Tây,West Lake,224,224,b5584aeee752a33365645c8e151a919c,39657
ho_tay_0247.jpg,ho_tay,3,Hồ Tây,West Lake,224,224,4ebfa03ce2c4492d6ebac6077ae97605,22204
ho_tay_0248.jpg,ho_tay,3,Hồ Tây,West Lake,224,224,3ec34210c736211fa7cffb3cb6972b43,27622
ho_tay_0249.jpg,ho_tay,3,Hồ Tây,West Lake,224,224,7c1fffda1dc366255a910b4c2e68e9a1,35902
ho_tay_0250.jpg,ho_tay,3,Hồ Tây,West Lake,224,224,36721062b2c8d80bd491b5d61278308b,29154
ho_tay_0256.jpg,ho_tay,3,Hồ Tây,West Lake,224,224,3b6b7e90a60364f54da68a1a2fd9eb2f,25063
ho_tay_0257.jpg,ho_tay,3,Hồ Tây,West Lake,224,224,e4b392cbe865bc9eb10084ca6222c193,21264
ho_tay_0258.jpg,ho_tay,3,Hồ Tây,West Lake,224,224,50f5196cd8d2de5466d5c9f31a0f0bfb,31945
ho_tay_0260.jpg,ho_tay,3,Hồ Tây,West Lake,224,224,bc657cf9d738dd0b64f659a5771c5673,24903
ho_tay_0839.jpg,ho_tay,3,Hồ Tây,West Lake,224,224,64a3082cbcddc25aebc83a5fd213832c,19880
ho_tay_0840.jpg,ho_tay,3,Hồ Tây,West Lake,224,224,af9dff677f9521f868fc334ccaa6d188,24240
ho_tay_0841.jpg,ho_tay,3,Hồ Tây,West Lake,224,224,92558c38695f96050cb7f4020f1981b4,17311
ho_tay_0843.jpg,ho_tay,3,Hồ Tây,West Lake,224,224,0533ab63c4a9972294d759abd1fe0058,22483
ho_tay_0844.jpg,ho_tay,3,Hồ Tây,West Lake,224,224,68679b6eae9b31591e346e1baa9586e8,15788
ho_tay_0847.jpg,ho_tay,3,Hồ Tây,West Lake,224,224,6219c23bd7299b13c31f08f9ee1a3de0,24094
ho_tay_0848.jpg,ho_tay,3,Hồ Tây,West Lake,224,224,048f8f4919b012ec4e73adc7ab8ca228,12259
ho_tay_0849.jpg,ho_tay,3,Hồ Tây,West Lake,224,224,0ac0e3f5d888cb132b9affbd655c2ccb,13457
ho_tay_0850.jpg,ho_tay,3,Hồ Tây,West Lake,224,224,26e6fb2bf20bd8410b9a1d462a8724dc,24398
ho_tay_0852.jpg,ho_tay,3,Hồ Tây,West Lake,224,224,c483638f9eb1a0565915f5418ebf96eb,14711
ho_tay_0853.jpg,ho_tay,3,Hồ Tây,West Lake,224,224,d7405c244e78e4402d369982c8cd3a0b,22027
ho_tay_aug_00341.jpg,ho_tay,3,Hồ Tây,West Lake,224,224,16414a161e6d9426deecaa42ebf1dd95,14765
ho_tay_aug_00342.jpg,ho_tay,3,Hồ Tây,West Lake,224,224,4404ca377257dc87d2387c7575ad6546,34606
ho_tay_aug_00343.jpg,ho_tay,3,Hồ Tây,West Lake,224,224,8b1bfb5e79e473c7f845ae1955a63dc4,17268
ho_tay_aug_00344.jpg,ho_tay,3,Hồ Tây,West Lake,224,224,5603cac04b601f3a11c1e9a5b737f791,21835
ho_tay_aug_00345.jpg,ho_tay,3,Hồ Tây,West Lake,224,224,d0324eae81b08e47f8ea682b465ffb62,29093
ho_tay_aug_00346.jpg,ho_tay,3,Hồ Tây,West Lake,224,224,0e86842990e8414c9c3a477944b8220e,25098
ho_tay_aug_00347.jpg,ho_tay,3,Hồ Tây,West Lake,224,224,92f334cb5bd8428494b0e661b0324bf5,24218
ho_tay_aug_00348.jpg,ho_tay,3,Hồ Tây,West Lake,224,224,e60a2a69a8e56a54a3e29ca1fbf23cbc,19448
ho_tay_aug_00349.jpg,ho_tay,3,Hồ Tây,West Lake,224,224,517ac378b97370b23ae8b967d57877e7,32203
ho_tay_aug_00350.jpg,ho_tay,3,Hồ Tây,West Lake,224,224,ec9f2e6cf307d50354e7e2934b5ca9be,16013
ho_tay_aug_00351.jpg,ho_tay,3,Hồ Tây,West Lake,224,224,fdf421626e2e3963c581a5c15eb60e4f,16017
ho_tay_aug_00352.jpg,ho_tay,3,Hồ Tây,West Lake,224,224,555dc3a968a044ab963f164b4496eb1c,18969
ho_tay_aug_00353.jpg,ho_tay,3,Hồ Tây,West Lake,224,224,1c3ac5ec8a27e5e0459f9a48cbc0a0b9,28133
ho_tay_aug_00354.jpg,ho_tay,3,Hồ Tây,West Lake,224,224,1470970d877dbd8d0fc27e135f2b7f07,25347
ho_tay_aug_00355.jpg,ho_tay,3,Hồ Tây,West Lake,224,224,c3243449479e6d59336ff6aa9c7f2cb8,24772
ho_tay_aug_00356.jpg,ho_tay,3,Hồ Tây,West Lake,224,224,11245ebeac25474e241e438e2dd969bf,23828
ho_tay_aug_00357.jpg,ho_tay,3,Hồ Tây,West Lake,224,224,b2947a6ec8e21214c805bb009b6ed261,22042
ho_tay_aug_00358.jpg,ho_tay,3,Hồ Tây,West Lake,224,224,6ff89810d2d947dd50e9d25df0ebe31f,11424
ho_tay_aug_00359.jpg,ho_tay,3,Hồ Tây,West Lake,224,224,59a01e27972281ddeb8900d039eeaa29,12843
ho_tay_aug_00360.jpg,ho_tay,3,Hồ Tây,West Lake,224,224,c82cd13c75b2fdab2da914dab51dc702,26480
ho_tay_aug_00361.jpg,ho_tay,3,Hồ Tây,West Lake,224,224,866d718514a31b8694592ba1eb0a5790,41225
ho_tay_aug_00362.jpg,ho_tay,3,Hồ Tây,West Lake,224,224,1946b94844df3f4b3502a1d3574610f4,14409
ho_tay_aug_00363.jpg,ho_tay,3,Hồ Tây,West Lake,224,224,689928101dc291f2eb36e422c26ac4e5,35751
ho_tay_aug_00364.jpg,ho_tay,3,Hồ Tây,West Lake,224,224,8e34292188687b6f65bc79e4ade09973,21979
ho_tay_aug_00365.jpg,ho_tay,3,Hồ Tây,West Lake,224,224,2017de56eefd91aa5b83e2541dea0aaf,24470
ho_tay_aug_00366.jpg,ho_tay,3,Hồ Tây,West Lake,224,224,aecef14805b83e20070aa7b969c0f57d,20321
ho_tay_aug_00367.jpg,ho_tay,3,Hồ Tây,West Lake,224,224,69e9aa357b4f0493d4ed1a77c4cd5f3d,16427
ho_tay_aug_00368.jpg,ho_tay,3,Hồ Tây,West Lake,224,224,2185cf5f10fdd7c47d078f4ff4e4a610,15195
ho_tay_aug_00369.jpg,ho_tay,3,Hồ Tây,West Lake,224,224,2c0011f6c1538894b30e11ad14552c14,15773
ho_tay_aug_00370.jpg,ho_tay,3,Hồ Tây,West Lake,224,224,b8cd7a2ab828031f6212bd6e61b7e637,22001
ho_tay_aug_00371.jpg,ho_tay,3,Hồ Tây,West Lake,224,224,cc55a89762d5c308676fc79c067e5169,37235
ho_tay_aug_00372.jpg,ho_tay,3,Hồ Tây,West Lake,224,224,3fe428cf43cf50031b4ed9a781f670a7,26474
ho_tay_aug_00373.jpg,ho_tay,3,Hồ Tây,West Lake,224,224,2c38525d65410f85c8c0b607fb33ece9,21077
ho_tay_aug_00374.jpg,ho_tay,3,Hồ Tây,West Lake,224,224,f227d1be6e055549e2ee4e64a49a40da,23414
ho_tay_aug_00375.jpg,ho_tay,3,Hồ Tây,West Lake,224,224,f7f4c1f8421c0392dd198e4b2ea3da59,36723
ho_tay_aug_00376.jpg,ho_tay,3,Hồ Tây,West Lake,224,224,87ac9926c687322cb06e88bd7357bc21,23052
ho_tay_aug_00377.jpg,ho_tay,3,Hồ Tây,West Lake,224,224,71f55f0357138c969d0a7aa61626db29,16604
ho_tay_aug_00378.jpg,ho_tay,3,Hồ Tây,West Lake,224,224,1f27e3d99fc9a74256fbc407027325c7,26166
ho_tay_aug_00379.jpg,ho_tay,3,Hồ Tây,West Lake,224,224,547406c3448cc935cd6a529eaa2d1016,21492
ho_tay_aug_00380.jpg,ho_tay,3,Hồ Tây,West Lake,224,224,3713d452bd0bf0325dde1768699e1340,18012
ho_tay_aug_00381.jpg,ho_tay,3,Hồ Tây,West Lake,224,224,d9ce675d7cedcc6f20e27488801982f1,30738
ho_tay_aug_00382.jpg,ho_tay,3,Hồ Tây,West Lake,224,224,1771e6935e9c936d59257b9a5ad0e423,28281
ho_tay_aug_00383.jpg,ho_tay,3,Hồ Tây,West Lake,224,224,853db12441a9324129eedfe2ef3cc035,38101
ho_tay_aug_00384.jpg,ho_tay,3,Hồ Tây,West Lake,224,224,c6d3ca20ada0d45c73ad0f104c2aaeaf,18458
ho_tay_aug_00385.jpg,ho_tay,3,Hồ Tây,West Lake,224,224,e671911fdfd18a4ecc09174d7180f1f1,38092
ho_tay_aug_00386.jpg,ho_tay,3,Hồ Tây,West Lake,224,224,a15bd013d2052b4125c7fcc389ccc317,18870
ho_tay_aug_00387.jpg,ho_tay,3,Hồ Tây,West Lake,224,224,a931253acc9efc48c3e42e88a9451346,23891
ho_tay_aug_00388.jpg,ho_tay,3,Hồ Tây,West Lake,224,224,7d2a244a31ea332f4e2538dfb71e6998,14091
ho_tay_aug_00389.jpg,ho_tay,3,Hồ Tây,West Lake,224,224,e210451d3ea6be3b050ac025296431e1,16795
ho_tay_aug_00390.jpg,ho_tay,3,Hồ Tây,West Lake,224,224,f7e30497e79334776edfb2be481f93ad,18466
ho_tay_aug_00391.jpg,ho_tay,3,Hồ Tây,West Lake,224,224,649a28235ff56e65c8f664a8b320d129,25692
ho_tay_aug_00392.jpg,ho_tay,3,Hồ Tây,West Lake,224,224,629ddf724e9db610b0c252afdf1f97d7,16262
ho_tay_aug_00393.jpg,ho_tay,3,Hồ Tây,West Lake,224,224,7397d1bc780ccd0829f62597e494db25,26687
ho_tay_aug_00394.jpg,ho_tay,3,Hồ Tây,West Lake,224,224,6e012910c1812c45b7fd96efdbeb980c,30947
ho_tay_aug_00395.jpg,ho_tay,3,Hồ Tây,West Lake,224,224,a7bcbf55358c5c9a0cb53188fc78bace,22584
ho_tay_aug_00396.jpg,ho_tay,3,Hồ Tây,West Lake,224,224,036868ff13b80020c4c1cf65a7199f08,32311
ho_tay_aug_00397.jpg,ho_tay,3,Hồ Tây,West Lake,224,224,c5d0f6317904ac3a60e774768fd014b0,36609
ho_tay_aug_00398.jpg,ho_tay,3,Hồ Tây,West Lake,224,224,5c7c8632ee5076a6d3b0c22f55799676,31338
ho_tay_aug_00399.jpg,ho_tay,3,Hồ Tây,West Lake,224,224,14443b710feb3fdf3c77794fbfe88619,23420
ho_tay_aug_00400.jpg,ho_tay,3,Hồ Tây,West Lake,224,224,57152d6ac8135590bac58ce867e5560d,19588
ho_tay_aug_00401.jpg,ho_tay,3,Hồ Tây,West Lake,224,224,088bee574221b4fe544df07f7f505028,25585
ho_tay_aug_00402.jpg,ho_tay,3,Hồ Tây,West Lake,224,224,ec9451e095d7f5a4596bf874a6051f46,37707
ho_tay_aug_00403.jpg,ho_tay,3,Hồ Tây,West Lake,224,224,c38205b9daab491a7978b4fee0191164,41428
ho_tay_aug_00404.jpg,ho_tay,3,Hồ Tây,West Lake,224,224,bfe7a6875d9976669518c92ea6a7300c,26914
ho_tay_aug_00405.jpg,ho_tay,3,Hồ Tây,West Lake,224,224,21480cba6b25bf20fe074975cf9bc9fb,31555
ho_tay_aug_00406.jpg,ho_tay,3,Hồ Tây,West Lake,224,224,8bfbeb1098d684640b3e34779b181cc1,17473
ho_tay_aug_00407.jpg,ho_tay,3,Hồ Tây,West Lake,224,224,b1228903082390c8f99533cbdd647878,20835
ho_tay_aug_00408.jpg,ho_tay,3,Hồ Tây,West Lake,224,224,fd423c66a3b0d39d82cc6e2c1b3a3de8,27909
ho_tay_aug_00409.jpg,ho_tay,3,Hồ Tây,West Lake,224,224,569264749d33e52897a6e5a078d8c8c9,32479
ho_tay_aug_00410.jpg,ho_tay,3,Hồ Tây,West Lake,224,224,6551522d91a2d18312d97d4caf48253d,29557
ho_tay_aug_00411.jpg,ho_tay,3,Hồ Tây,West Lake,224,224,bc3d6e733d9876d28d21c201717e8ec1,37417
ho_tay_aug_00412.jpg,ho_tay,3,Hồ Tây,West Lake,224,224,46a1bc4859164e4bf09bfddc24cf9863,17588
ho_tay_aug_00413.jpg,ho_tay,3,Hồ Tây,West Lake,224,224,8874bdfab13fd1549910049afeefe219,35702
ho_tay_aug_00414.jpg,ho_tay,3,Hồ Tây,West Lake,224,224,e4b40d872a5952ad2fe55920d9adcaae,38128
ho_tay_aug_00415.jpg,ho_tay,3,Hồ Tây,West Lake,224,224,c034f860914d68ed63285948779ae401,30122
ho_tay_aug_00416.jpg,ho_tay,3,Hồ Tây,West Lake,224,224,3db536566d9f8cc5666c7b1a82815558,13811
ho_tay_aug_00417.jpg,ho_tay,3,Hồ Tây,West Lake,224,224,2bba082f3c60668816f034dc808a3bd6,18669
ho_tay_aug_00418.jpg,ho_tay,3,Hồ Tây,West Lake,224,224,50e9fe61396d45c63825e7b0e6b57971,23240
ho_tay_aug_00419.jpg,ho_tay,3,Hồ Tây,West Lake,224,224,d066e56f8bd4b4e8fff9c7dd417f82ae,13649
ho_tay_aug_00420.jpg,ho_tay,3,Hồ Tây,West Lake,224,224,18063528d155ad061a83703d9d8ae0e9,20152
ho_tay_aug_00421.jpg,ho_tay,3,Hồ Tây,West Lake,224,224,2669155cda7445ebc23f178cbe272f55,24922
ho_tay_aug_00422.jpg,ho_tay,3,Hồ Tây,West Lake,224,224,1bf0061f3f91bef330e3d49d46d9f5ec,12672
ho_tay_aug_00423.jpg,ho_tay,3,Hồ Tây,West Lake,224,224,b772eab06806b1541deb81603eb4c14a,24440
ho_tay_aug_00424.jpg,ho_tay,3,Hồ Tây,West Lake,224,224,6759b94cc2cd03490941d7dfed3e73bd,28410
ho_tay_aug_00425.jpg,ho_tay,3,Hồ Tây,West Lake,224,224,d420e004e621f1e6d5a9e6e6dd0e9c44,33150
ho_tay_aug_00426.jpg,ho_tay,3,Hồ Tây,West Lake,224,224,4b16ebe77e018f71109545bd000621b8,15779
ho_tay_aug_00427.jpg,ho_tay,3,Hồ Tây,West Lake,224,224,7dec4f023136c5736f784bd50fe72a8f,20368
ho_tay_aug_00428.jpg,ho_tay,3,Hồ Tây,West Lake,224,224,0c57107b854121a60d14af818d46da10,16577
ho_tay_aug_00429.jpg,ho_tay,3,Hồ Tây,West Lake,224,224,7b0a7b745b5494a5793a9643311de8c3,34997
ho_tay_aug_00430.jpg,ho_tay,3,Hồ Tây,West Lake,224,224,c551111ef68302c13bc62c7a611bab9f,27050
ho_tay_aug_00431.jpg,ho_tay,3,Hồ Tây,West Lake,224,224,3e8b62d21b26134ec027c68a787d1e17,17727
ho_tay_aug_00432.jpg,ho_tay,3,Hồ Tây,West Lake,224,224,cea77bcf245b34aa28e131981706936b,30969
ho_tay_aug_00433.jpg,ho_tay,3,Hồ Tây,West Lake,224,224,1c6021b9abc2dcd9e8c95a67d4fd4366,34959
ho_tay_aug_00434.jpg,ho_tay,3,Hồ Tây,West Lake,224,224,70728a2e5bbf89f6cf11f51f0f488828,16726
ho_tay_aug_00435.jpg,ho_tay,3,Hồ Tây,West Lake,224,224,12258e6face1fb9f7aba600427a105e2,29613
ho_tay_aug_00436.jpg,ho_tay,3,Hồ Tây,West Lake,224,224,b5738b776e1853af17b9723e89ac5161,22556
ho_tay_aug_00437.jpg,ho_tay,3,Hồ Tây,West Lake,224,224,de5b70d5ad56912e2a1b0468662a3b99,36786
ho_tay_aug_00438.jpg,ho_tay,3,Hồ Tây,West Lake,224,224,7590ad20bfcc07b2238fea2416291bba,36697
ho_tay_aug_00439.jpg,ho_tay,3,Hồ Tây,West Lake,224,224,007d9623b7bf7c704ba3f39da2682da0,23396
ho_tay_aug_00440.jpg,ho_tay,3,Hồ Tây,West Lake,224,224,fc921d926274a1aafb7b6432935bce29,14815
ho_tay_aug_00441.jpg,ho_tay,3,Hồ Tây,West Lake,224,224,8893dd3bdc954581a156ee4d55f39369,21258
ho_tay_aug_00442.jpg,ho_tay,3,Hồ Tây,West Lake,224,224,0c2fdc952a6a93b024b0a485945ca5be,18093
ho_tay_aug_00443.jpg,ho_tay,3,Hồ Tây,West Lake,224,224,df8704cd145531435169162e37da97d9,22265
ho_tay_aug_00444.jpg,ho_tay,3,Hồ Tây,West Lake,224,224,18b34e1464c60735d981715d4da570ba,22331
ho_tay_aug_00445.jpg,ho_tay,3,Hồ Tây,West Lake,224,224,144bec5d63657a681cf65df4ab23c7bf,35222
ho_tay_aug_00446.jpg,ho_tay,3,Hồ Tây,West Lake,224,224,7e92865493e31193efba697448b5ee4d,17610
ho_tay_aug_00447.jpg,ho_tay,3,Hồ Tây,West Lake,224,224,6f3429b48ba43ebe94ca2e9fe70bd741,19621
ho_tay_aug_00448.jpg,ho_tay,3,Hồ Tây,West Lake,224,224,88b6d7e0bb1eebc936cb12ef10388586,28675
ho_tay_aug_00449.jpg,ho_tay,3,Hồ Tây,West Lake,224,224,8feafbf49a80398d667f8de0e1138f06,23340
ho_tay_aug_00450.jpg,ho_tay,3,Hồ Tây,West Lake,224,224,46d106cf61f5530421f02a319ed3465a,19499
ho_tay_aug_00451.jpg,ho_tay,3,Hồ Tây,West Lake,224,224,ac93afb2f9b6ccbaf94d8826c82dbfac,16427
ho_tay_aug_00452.jpg,ho_tay,3,Hồ Tây,West Lake,224,224,bcb33981feae6f325a74c1ec58aa526f,29277
ho_tay_aug_00453.jpg,ho_tay,3,Hồ Tây,West Lake,224,224,6cbc34a1d8e6223f98e9eb0476a560d4,16269
ho_tay_aug_00454.jpg,ho_tay,3,Hồ Tây,West Lake,224,224,806a86cf7a2358c94660da6c921b4e7b,26851
ho_tay_aug_00455.jpg,ho_tay,3,Hồ Tây,West Lake,224,224,3717849da700a2ff1a8685ef72b0ca52,26540
ho_tay_aug_00456.jpg,ho_tay,3,Hồ Tây,West Lake,224,224,4df6a50e39595aefeda6015dc16936a3,15606
ho_tay_aug_00457.jpg,ho_tay,3,Hồ Tây,West Lake,224,224,3cbef525e917897d8a367c2c1d38830a,23856
ho_tay_aug_00458.jpg,ho_tay,3,Hồ Tây,West Lake,224,224,52a8fdd7805026a13be0951fed329000,20367
ho_tay_aug_00459.jpg,ho_tay,3,Hồ Tây,West Lake,224,224,0f02e8faec054715db322f4e58a92460,33049
ho_tay_aug_00460.jpg,ho_tay,3,Hồ Tây,West Lake,224,224,e2da2565d5d31caf8679fee475d51156,21534
ho_tay_aug_00461.jpg,ho_tay,3,Hồ Tây,West Lake,224,224,57f68a8f0a5523cb0e99a8355ebd8475,15989
ho_tay_aug_00462.jpg,ho_tay,3,Hồ Tây,West Lake,224,224,f841c42dd4d4eb001b277dd091cd53c9,32019
ho_tay_aug_00463.jpg,ho_tay,3,Hồ Tây,West Lake,224,224,842852eed6332b150a45c03d4de6b3d0,21074
ho_tay_aug_00464.jpg,ho_tay,3,Hồ Tây,West Lake,224,224,fdb24ae22a56af4e1a87a6a60543f11a,21930
ho_tay_aug_00465.jpg,ho_tay,3,Hồ Tây,West Lake,224,224,d8f5d83937d0640bff3c403230026a6e,16713
ho_tay_aug_00466.jpg,ho_tay,3,Hồ Tây,West Lake,224,224,116bd16636d62c7d354bf4301e05b3e8,31751
ho_tay_aug_00467.jpg,ho_tay,3,Hồ Tây,West Lake,224,224,7c46c9f884ee26ccf88c9c5713a66643,17293
ho_tay_aug_00468.jpg,ho_tay,3,Hồ Tây,West Lake,224,224,1ec79d33cdb8d1ecbbfe06cbee2d49d6,21309
ho_tay_aug_00469.jpg,ho_tay,3,Hồ Tây,West Lake,224,224,5c11257815d1edefa59ddd690f71cb88,36115
ho_tay_aug_00470.jpg,ho_tay,3,Hồ Tây,West Lake,224,224,499287dbe81412177b86d9492a7379b3,15058
ho_tay_aug_00471.jpg,ho_tay,3,Hồ Tây,West Lake,224,224,5afd7d95c55d585e27794d12ddd5edab,17425
ho_tay_aug_00472.jpg,ho_tay,3,Hồ Tây,West Lake,224,224,1c9bd34d77bf393b4fa86a975442892d,13273
ho_tay_aug_00473.jpg,ho_tay,3,Hồ Tây,West Lake,224,224,dc1e96e1824ea01b775e42e608c8d42f,13214
ho_tay_aug_00474.jpg,ho_tay,3,Hồ Tây,West Lake,224,224,674f58fb7b3ccbb2e748e6eba39ca993,18851
ho_tay_aug_00475.jpg,ho_tay,3,Hồ Tây,West Lake,224,224,39cd7d5c437945f17fb3295170708e88,13715
ho_tay_aug_00476.jpg,ho_tay,3,Hồ Tây,West Lake,224,224,e3000586b0544fe07ca419a1a8a9ef85,26798
ho_tay_aug_00477.jpg,ho_tay,3,Hồ Tây,West Lake,224,224,9554033f0193988f3f053d9d8181b643,30064
ho_tay_aug_00478.jpg,ho_tay,3,Hồ Tây,West Lake,224,224,630edee9c96426855d9b688f32d04004,20552
ho_tay_aug_00479.jpg,ho_tay,3,Hồ Tây,West Lake,224,224,87135659f55dc48c499d8b9702371762,32625
ho_tay_aug_00480.jpg,ho_tay,3,Hồ Tây,West Lake,224,224,5dee60411e96bf0d76bff266623822ad,31073
ho_tay_aug_00481.jpg,ho_tay,3,Hồ Tây,West Lake,224,224,a8d31c5d052619d08293924fb47ec109,33431
ho_tay_aug_00482.jpg,ho_tay,3,Hồ Tây,West Lake,224,224,a59774dcde65a49d7836e1d039517a28,23676
ho_tay_aug_00483.jpg,ho_tay,3,Hồ Tây,West Lake,224,224,f378f4c88822254e33298f328f6ed5cb,11361
ho_tay_aug_00484.jpg,ho_tay,3,Hồ Tây,West Lake,224,224,864d5af0cf5f9e1640e0894bde8fd060,40114
ho_tay_aug_00485.jpg,ho_tay,3,Hồ Tây,West Lake,224,224,ba0392408390113a3aa780ce898e2c08,16919
ho_tay_aug_00486.jpg,ho_tay,3,Hồ Tây,West Lake,224,224,838801556e3c9dc2d8b04bdd3c74e50a,36294
ho_tay_aug_00487.jpg,ho_tay,3,Hồ Tây,West Lake,224,224,454842b930319fbe71fdb1b4bcb0504d,27587
ho_tay_aug_00488.jpg,ho_tay,3,Hồ Tây,West Lake,224,224,b6f3ca2886b0ba70cb5332c8f9752fd0,15566
ho_tay_aug_00489.jpg,ho_tay,3,Hồ Tây,West Lake,224,224,2d170becc916a96638beb36fcc7f586f,16396
ho_tay_aug_00490.jpg,ho_tay,3,Hồ Tây,West Lake,224,224,af78eb37984994d73884a891db3116c8,17767
ho_tay_aug_00491.jpg,ho_tay,3,Hồ Tây,West Lake,224,224,04c56f4c33453311ab77d4419eed92b5,24723
ho_tay_aug_00492.jpg,ho_tay,3,Hồ Tây,West Lake,224,224,a7730d6f8ad54efe5113191a9d00089b,19456
ho_tay_aug_00493.jpg,ho_tay,3,Hồ Tây,West Lake,224,224,09291bc7f42aeafaed7b11f971bf0c7f,26714
ho_tay_aug_00494.jpg,ho_tay,3,Hồ Tây,West Lake,224,224,f923514169b33b0195783a11fab5bd99,17579
ho_tay_aug_00495.jpg,ho_tay,3,Hồ Tây,West Lake,224,224,1dcdd463c177641fb20cd9309cf25f32,22993
ho_tay_aug_00496.jpg,ho_tay,3,Hồ Tây,West Lake,224,224,5780e3c26dd6ddf7595e81cc7d998705,14028
ho_tay_aug_00497.jpg,ho_tay,3,Hồ Tây,West Lake,224,224,17e254e02061876912644dc804d16ea1,17625
ho_tay_aug_00498.jpg,ho_tay,3,Hồ Tây,West Lake,224,224,b49e6d317fa8682a8b1c1a89318f779f,13098
ho_tay_aug_00499.jpg,ho_tay,3,Hồ Tây,West Lake,224,224,06fa244ba052eef11cdaca8802bfb1cc,13176
ho_tay_aug_00500.jpg,ho_tay,3,Hồ Tây,West Lake,224,224,014d5b806237db727fa1b4e1d8b839c8,14490
ho_tay_aug_00501.jpg,ho_tay,3,Hồ Tây,West Lake,224,224,ae7b8dafaad819c06c61c39553808457,35279
ho_tay_aug_00502.jpg,ho_tay,3,Hồ Tây,West Lake,224,224,35061115b1f16c9cf5edcfcd209821b3,27478
ho_tay_aug_00503.jpg,ho_tay,3,Hồ Tây,West Lake,224,224,429b53ed28e8e8172d88cc8d7a47eb89,33764
ho_tay_aug_00504.jpg,ho_tay,3,Hồ Tây,West Lake,224,224,43863e5b4ee625690be334024d27a986,13958
ho_tay_aug_00505.jpg,ho_tay,3,Hồ Tây,West Lake,224,224,496392b710fbde0783fa22aca27f07da,13842
ho_tay_aug_00506.jpg,ho_tay,3,Hồ Tây,West Lake,224,224,06435b240d7d9da0b9d42ce12e5d6337,22173
ho_tay_aug_00507.jpg,ho_tay,3,Hồ Tây,West Lake,224,224,b61cdb721cddac7de05a5736e0d844ff,16678
ho_tay_aug_00508.jpg,ho_tay,3,Hồ Tây,West Lake,224,224,994e1079d28849526638aa102aea75e9,19119
ho_tay_aug_00509.jpg,ho_tay,3,Hồ Tây,West Lake,224,224,955319c502cb3b5a20860cfe5e1ea271,20047
ho_tay_aug_00510.jpg,ho_tay,3,Hồ Tây,West Lake,224,224,0219a323e767ebfdfbd3bd9bc0d4f181,24653
ho_tay_aug_00511.jpg,ho_tay,3,Hồ Tây,West Lake,224,224,88dcfd12146732e6994841c35a35fd6d,14906
ho_tay_aug_00512.jpg,ho_tay,3,Hồ Tây,West Lake,224,224,cc054f4a2928a063e066c0f86c7ca68f,13919
ho_tay_aug_00513.jpg,ho_tay,3,Hồ Tây,West Lake,224,224,8339d0a6f47325d119678e64eff8dd1a,12593
ho_tay_aug_00514.jpg,ho_tay,3,Hồ Tây,West Lake,224,224,41e69d7754f02fa646628db12ff950b6,29819
ho_tay_aug_00515.jpg,ho_tay,3,Hồ Tây,West Lake,224,224,1aa8f7efff9104b502cbd61f088fa607,8442
ho_tay_aug_00516.jpg,ho_tay,3,Hồ Tây,West Lake,224,224,d6b18a01e1501a560e8b57e3920757f6,24995
ho_tay_aug_00517.jpg,ho_tay,3,Hồ Tây,West Lake,224,224,0d9f03148a9924a7238bb7ce4c8085cb,22359
ho_tay_aug_00518.jpg,ho_tay,3,Hồ Tây,West Lake,224,224,c206298a0fc2ae3170d34b2c3494b02a,13685
ho_tay_aug_00519.jpg,ho_tay,3,Hồ Tây,West Lake,224,224,5ab0e4f7e224e8b7b11ef61337073c90,29348
ho_tay_aug_00520.jpg,ho_tay,3,Hồ Tây,West Lake,224,224,5b4b3bd094eaf9e2b5f6ced752d44300,8819
ho_tay_aug_00521.jpg,ho_tay,3,Hồ Tây,West Lake,224,224,c037b8f3a640fc21fdecaa9a654ddf30,14324
ho_tay_aug_00522.jpg,ho_tay,3,Hồ Tây,West Lake,224,224,47d3bf922a10a0035a159785094b0cf6,15613
ho_tay_aug_00523.jpg,ho_tay,3,Hồ Tây,West Lake,224,224,12a65a5469b72e2cd98ec11fb71681f1,13773
ho_tay_aug_00524.jpg,ho_tay,3,Hồ Tây,West Lake,224,224,de126a604023fa1da25b5828ec067efd,30627
ho_tay_aug_00525.jpg,ho_tay,3,Hồ Tây,West Lake,224,224,6573b9db7bc48850457ae55e90eb8cca,13094
ho_tay_aug_00526.jpg,ho_tay,3,Hồ Tây,West Lake,224,224,564cd99393418223c94a75a30c48cf38,7430
ho_tay_aug_00527.jpg,ho_tay,3,Hồ Tây,West Lake,224,224,1f13057185bcfc8f3c26e9ce23f5fd73,14567
ho_tay_aug_00528.jpg,ho_tay,3,Hồ Tây,West Lake,224,224,6cc6c1f96cf77efa7a26e00668d36aea,10578
ho_tay_aug_00529.jpg,ho_tay,3,Hồ Tây,West Lake,224,224,435d21698961d5b0c3744f2afb7470c7,14471
ho_tay_aug_00530.jpg,ho_tay,3,Hồ Tây,West Lake,224,224,34abb0d8c84784a08972711dfc42e533,17954
ho_tay_aug_00531.jpg,ho_tay,3,Hồ Tây,West Lake,224,224,12759507b6c1eea5706bb63ae5df1f4a,36216
ho_tay_aug_00532.jpg,ho_tay,3,Hồ Tây,West Lake,224,224,f62c2b2e2c2263a5580867816a2b32fc,29902
ho_tay_aug_00533.jpg,ho_tay,3,Hồ Tây,West Lake,224,224,a7d5d863e320a88c15eb0f815ecd023c,17388
ho_tay_aug_00534.jpg,ho_tay,3,Hồ Tây,West Lake,224,224,6fc067524aead9df7458ca3b70a761c1,23515
ho_tay_aug_00535.jpg,ho_tay,3,Hồ Tây,West Lake,224,224,86e1f9344f4cc3b188d282fb8af98554,11887
ho_tay_aug_00536.jpg,ho_tay,3,Hồ Tây,West Lake,224,224,963408b5466b701b07830c1b7fd47408,17234
ho_tay_aug_00537.jpg,ho_tay,3,Hồ Tây,West Lake,224,224,cbf48ff1997ec4774dceba20b17b9666,16027
ho_tay_aug_00538.jpg,ho_tay,3,Hồ Tây,West Lake,224,224,90cdd218c20ffe6c840104bc0e2d1c5f,13495
ho_tay_aug_00539.jpg,ho_tay,3,Hồ Tây,West Lake,224,224,06458007893963f631ee1db5f6861b92,29867
ho_tay_aug_00540.jpg,ho_tay,3,Hồ Tây,West Lake,224,224,26a11987ccb2dfb5032e2e09898c13ce,12342
ho_tay_aug_00541.jpg,ho_tay,3,Hồ Tây,West Lake,224,224,edc4249c367ab1c98c67031d5ba97d62,13389
ho_tay_aug_00542.jpg,ho_tay,3,Hồ Tây,West Lake,224,224,f779b2a4d513185b4ee1cf725c034ef5,15880
ho_tay_aug_00543.jpg,ho_tay,3,Hồ Tây,West Lake,224,224,d54be001cf8e5a5c0ae38b613bc5cfd9,11947
ho_tay_aug_00544.jpg,ho_tay,3,Hồ Tây,West Lake,224,224,578fad34d7d674d0050d10f0dc8f1e16,15068
ho_tay_aug_00545.jpg,ho_tay,3,Hồ Tây,West Lake,224,224,4943d630492bf7f306bef7114549d567,24796
ho_tay_aug_00546.jpg,ho_tay,3,Hồ Tây,West Lake,224,224,d4c6ef9cf7f7820fcf6d9b5d86f45628,17134
ho_tay_aug_00547.jpg,ho_tay,3,Hồ Tây,West Lake,224,224,f7cd55d8ab51f605888f770f82b3d0d7,21733
ho_tay_aug_00548.jpg,ho_tay,3,Hồ Tây,West Lake,224,224,f718635e74970806161bc9aec419c4dd,16317
ho_tay_aug_00549.jpg,ho_tay,3,Hồ Tây,West Lake,224,224,bd9d4c5d37b299540fa64e941d9da0df,13337
ho_tay_aug_00550.jpg,ho_tay,3,Hồ Tây,West Lake,224,224,1aafcecc60daceb565607dee1df457e0,12186
ho_tay_aug_00551.jpg,ho_tay,3,Hồ Tây,West Lake,224,224,7d1d81e38b07b9c055060ad54689c676,11134
ho_tay_aug_00552.jpg,ho_tay,3,Hồ Tây,West Lake,224,224,c25964626e76a71856b3f311fe111531,22244
ho_tay_aug_00553.jpg,ho_tay,3,Hồ Tây,West Lake,224,224,58d54ad79dff5f9f02738249d3283034,17138
ho_tay_aug_00554.jpg,ho_tay,3,Hồ Tây,West Lake,224,224,688d9f44ffebc2443243c4e5543be4b7,27137
ho_tay_aug_00555.jpg,ho_tay,3,Hồ Tây,West Lake,224,224,5923dff8e788344dbf255f2f53738d16,10599
ho_tay_aug_00556.jpg,ho_tay,3,Hồ Tây,West Lake,224,224,fb64277fe06fa2763b53fefba5e3e3e9,16093
ho_tay_aug_00557.jpg,ho_tay,3,Hồ Tây,West Lake,224,224,e407d94dc7322e0457633cfdbbfc41a2,12022
ho_tay_aug_00558.jpg,ho_tay,3,Hồ Tây,West Lake,224,224,348e18bb9ee9546b61d3b285b9f8b0f0,15844
ho_tay_aug_00559.jpg,ho_tay,3,Hồ Tây,West Lake,224,224,afb27e547a272291b0d825de679af587,16153
ho_tay_aug_00560.jpg,ho_tay,3,Hồ Tây,West Lake,224,224,e0d1de1f6034cec04a1b4636df3edd88,9278
ho_tay_aug_00561.jpg,ho_tay,3,Hồ Tây,West Lake,224,224,e44e090a259fee8dd20d5948cf7cefc6,11267
ho_tay_aug_00562.jpg,ho_tay,3,Hồ Tây,West Lake,224,224,67340458aa1f3185b0f0c6c49b021e1f,35396
ho_tay_aug_00563.jpg,ho_tay,3,Hồ Tây,West Lake,224,224,ce1b1fc50111f1cae7fb9f2e263490c1,35296
ho_tay_aug_00564.jpg,ho_tay,3,Hồ Tây,West Lake,224,224,542b33672bf8994b40d239d45f4c3f94,23880
ho_tay_aug_00565.jpg,ho_tay,3,Hồ Tây,West Lake,224,224,1b500b97dcd2f166d50ef48754f90c5d,21881
ho_tay_aug_00566.jpg,ho_tay,3,Hồ Tây,West Lake,224,224,8989ea430fd87e5f24a7eb50ce67e179,17870
ho_tay_aug_00567.jpg,ho_tay,3,Hồ Tây,West Lake,224,224,07d61ee6364c759d6718836951ace11e,13389
ho_tay_aug_00568.jpg,ho_tay,3,Hồ Tây,West Lake,224,224,b40e7c13213457be2243963c4e45684b,10256
ho_tay_aug_00569.jpg,ho_tay,3,Hồ Tây,West Lake,224,224,1779cfe59646e501a1be439a6bf872bc,12550
ho_tay_aug_00570.jpg,ho_tay,3,Hồ Tây,West Lake,224,224,2ff28a2ae3488ec5d463fbbe2f3cc7f2,7681
ho_tay_aug_00571.jpg,ho_tay,3,Hồ Tây,West Lake,224,224,6b7a07a11d498501d172a142b131374c,15374
ho_tay_aug_00572.jpg,ho_tay,3,Hồ Tây,West Lake,224,224,88f247b3ab8116f154b42048d342be54,23968
ho_tay_aug_00573.jpg,ho_tay,3,Hồ Tây,West Lake,224,224,5b3f63b1cda92a86069d15b9a8f62268,23219
ho_tay_aug_00574.jpg,ho_tay,3,Hồ Tây,West Lake,224,224,76578fdd6a546e437139987f3d5876d8,25367
ho_tay_aug_00575.jpg,ho_tay,3,Hồ Tây,West Lake,224,224,eaf2c0a51dc610c80eb59199708849fc,29303
ho_tay_aug_00576.jpg,ho_tay,3,Hồ Tây,West Lake,224,224,05609089dbd2b993f1eda3876e765a95,24143
ho_tay_aug_00577.jpg,ho_tay,3,Hồ Tây,West Lake,224,224,3d33e93ef230d77d44af9f6ee5ec96b3,33123
ho_tay_aug_00578.jpg,ho_tay,3,Hồ Tây,West Lake,224,224,d03da6da1fb9307fdc0a1d436c63a3fc,29002
ho_tay_aug_00579.jpg,ho_tay,3,Hồ Tây,West Lake,224,224,dc12ba7b5b9142d84a337de28d521d09,15828
ho_tay_aug_00580.jpg,ho_tay,3,Hồ Tây,West Lake,224,224,bc54940c9f88974e1412359966eb3758,10167
ho_tay_aug_00581.jpg,ho_tay,3,Hồ Tây,West Lake,224,224,39eaff1418ea0b5661f7a8a415f4c7ca,22462
ho_tay_aug_00582.jpg,ho_tay,3,Hồ Tây,West Lake,224,224,c9420b2d54aeb113edde906e14f2d47c,15103
ho_tay_aug_00583.jpg,ho_tay,3,Hồ Tây,West Lake,224,224,624b8a42b12ff9bd7810b8cc030338d4,16241
ho_tay_aug_00584.jpg,ho_tay,3,Hồ Tây,West Lake,224,224,038d507d322a50493c6c9cfd787dfcc6,15814
ho_tay_aug_00585.jpg,ho_tay,3,Hồ Tây,West Lake,224,224,619d373a790db04b5b4beda252fc5bf3,28861
ho_tay_aug_00586.jpg,ho_tay,3,Hồ Tây,West Lake,224,224,0efa6a8426a93765fef78c7332b6ba6f,28618
ho_tay_aug_00587.jpg,ho_tay,3,Hồ Tây,West Lake,224,224,7c161f27bf35c815baed9c3469703816,25355
ho_tay_aug_00588.jpg,ho_tay,3,Hồ Tây,West Lake,224,224,fc8b5e8f7992789456082804aa222730,27988
ho_tay_aug_00589.jpg,ho_tay,3,Hồ Tây,West Lake,224,224,24da3c2ef16dfa366fb9bf20f5e883dc,13491
ho_tay_aug_00590.jpg,ho_tay,3,Hồ Tây,West Lake,224,224,4dedbf2a43a217a7d118aa317a618f9d,26779
ho_tay_aug_00591.jpg,ho_tay,3,Hồ Tây,West Lake,224,224,af8af5abfd2d0dd4a1886e0a8c8f09d4,21066
ho_tay_aug_00592.jpg,ho_tay,3,Hồ Tây,West Lake,224,224,7e40a633d685c05cdd2020548de20b2a,13384
ho_tay_aug_00593.jpg,ho_tay,3,Hồ Tây,West Lake,224,224,f8d209e5a4b6c28111ab14e442884f54,10974
ho_tay_aug_00594.jpg,ho_tay,3,Hồ Tây,West Lake,224,224,8381d29c1156918651b448bc94430445,15201
ho_tay_aug_00595.jpg,ho_tay,3,Hồ Tây,West Lake,224,224,22506ff755d4b69363d252986e24cfcd,16485
ho_tay_aug_00596.jpg,ho_tay,3,Hồ Tây,West Lake,224,224,f4cba9aae00327a8158131a1d856af16,15412
ho_tay_aug_00597.jpg,ho_tay,3,Hồ Tây,West Lake,224,224,d533966870aee2fd965a7d9b544ae1f1,14863
ho_tay_aug_00598.jpg,ho_tay,3,Hồ Tây,West Lake,224,224,0d489529ffa2cecc8249c27040ea758d,21361
ho_tay_aug_00599.jpg,ho_tay,3,Hồ Tây,West Lake,224,224,8e6aa7bade1b019bf6e8d440ddc4c2e7,10503
"lan can hồ Tây_ Tin tức, Video, hình ảnh lan can hồ Tây.jpg",ho_tay,3,Hồ Tây,West Lake,224,224,df53a8a1204ffc63e26159868d7b5582,21775
"lan can hồ tây - Đọc báo, tin tức mới nhất 24h qua - Afamily.jpg",ho_tay,3,Hồ Tây,West Lake,224,224,73a431c22410c422868a25bc06a30a56,17620
115 năm Nhà hát Lớn Hà Nội - Kể chuyện bằng ánh sáng và công nghệ.jpg,nha_hat_lon,4,Nhà Hát Lớn,Hanoi Opera House,224,224,eb4421eb916bf525c4d5912975792dad,27591
7 công trình tiêu biểu mang đậm kiến trúc Pháp cổ tại Hà Nội.jpg,nha_hat_lon,4,Nhà Hát Lớn,Hanoi Opera House,224,224,3c773e429be0bfd690c896db054138a4,30998
"70 năm tiếp quản Thủ đô, những 'nhân chứng lịch sử' còn mãi với thời gian -  VnBusiness.jpg",nha_hat_lon,4,Nhà Hát Lớn,Hanoi Opera House,224,224,fc676adfc78c3f2f206f9401e2b4a6f4,23224
Cẩm nang Chụp ảnh kỷ yếu lung linh tại Nhà Hát Lớn Hà Nội.jpg,nha_hat_lon,4,Nhà Hát Lớn,Hanoi Opera House,224,224,13e3f9a1bc3acaad3f5c2b8da34ddc92,35395
Cẩm nang khám phá Nhà Hát Lớn Hà Nội cập nhật 2026.jpg,nha_hat_lon,4,Nhà Hát Lớn,Hanoi Opera House,224,224,adf87114bc2b6678c70a94f532f275ba,34300
Cẩm nang khám phá Nhà hát Lớn Hà Nội từ A đến Z-001.jpg,nha_hat_lon,4,Nhà Hát Lớn,Hanoi Opera House,224,224,dab3f57603390bd1614e7a2f58644fc6,35567
Cẩm nang khám phá Nhà hát Lớn Hà Nội từ A đến Z.jpg,nha_hat_lon,4,Nhà Hát Lớn,Hanoi Opera House,224,224,538052674ace3dce6b6f4a57de8043be,27216
Chiêm ngưỡng những công trình kiến trúc Pháp cổ tuyệt đẹp tại Hà Nội _ Báo  Dân trí.jpg,nha_hat_lon,4,Nhà Hát Lớn,Hanoi Opera House,224,224,03ff48c9d0ff9ea017c4f7643ffd6392,28946
"Công trình nhà hát mới tại Hà Nội_ giao thoa văn hoá mạnh mẽ, chinh phục  giới trẻ từ cái nhìn đầu tiên.jpg",nha_hat_lon,4,Nhà Hát Lớn,Hanoi Opera House,224,224,1128917954b93644c7e77ad7de3ebc04,34600
Cơ hội cuối để vào Nhà Hát Lớn Hà Nội trước khi đóng cửa 2 năm_ Trải nghiệm  có 1-0-2 tại công trình 115 tuổi.jpg,nha_hat_lon,4,Nhà Hát Lớn,Hanoi Opera House,224,224,e3a56a655fff90dd31e1bbcf6af0fd3f,24096
Hình ảnh_ Giao lộ Sáng tạo Hà Nội 2024 kết nối các công trình di sản lịch  sử tiêu biểu của Thủ đô.jpg,nha_hat_lon,4,Nhà Hát Lớn,Hanoi Opera House,224,224,5072772cd677c773c061de8acbb6aab4,30653
Hòa nhạc Ánh sáng - Chào năm mới 2026 hứa hẹn _đại tiệc_ nghệ thuật tại Hà  Nội _ BÁO SÀI GÒN GIẢI PHÓNG.jpg,nha_hat_lon,4,Nhà Hát Lớn,Hanoi Opera House,224,224,28768308e171934f38492288f7f2c972,35065
In bản tin.jpg,nha_hat_lon,4,Nhà Hát Lớn,Hanoi Opera House,224,224,4da4b322974eddf6031cc1dacde17373,21159
Khách sạn Sân bay Nội Bài VATC SleepPod_Nhà nghỉ giá rẻ tốt nhất gần Sân  bay Hà Nội_Phòng nghỉ chờ bay _ Nhà hát lớn Hà Nội.jpg,nha_hat_lon,4,Nhà Hát Lớn,Hanoi Opera House,224,224,a395a5eb1249c6e2ae85bdaefa6925cc,27861
Khám phá Nhà hát Lớn Hà Nội _ Điểm đến - YouTube.jpg,nha_hat_lon,4,Nhà Hát Lớn,Hanoi Opera House,224,224,859e524f233bcef618687bf7c301d3af,31482
Không thể tham quan nhà hát lớn Hà Nội do đóng cửa trùng tu _ Hãy cùng  chúng tôi khám phá công trình này qua tài liệu lưu trữ.jpg,nha_hat_lon,4,Nhà Hát Lớn,Hanoi Opera House,224,224,26fb273ca538312efe74557191710360,33468
Kiến trúc Nhà hát lớn Hà Nội - Khoa Quốc tế Pháp ngữ-001.jpg,nha_hat_lon,4,Nhà Hát Lớn,Hanoi Opera House,224,224,34afa01cfdaf6d7ed2cc48023eb13bbb,31303
Kiến trúc Nhà hát lớn Hà Nội - Khoa Quốc tế Pháp ngữ-002.jpg,nha_hat_lon,4,Nhà Hát Lớn,Hanoi Opera House,224,224,8f05acc2191603fc9e0b65ab0ebd7433,26498
Kiến trúc Nhà hát lớn Hà Nội - Khoa Quốc tế Pháp ngữ.jpg,nha_hat_lon,4,Nhà Hát Lớn,Hanoi Opera House,224,224,698a8a94552328b6a7cfe42fb1fa5f34,28721
Kinh Nghiệm Tham Quan Nhà Hát Lớn Hà Nội Tự Túc Cập Nhật 2025 - Klook Blog.jpg,nha_hat_lon,4,Nhà Hát Lớn,Hanoi Opera House,224,224,47dca48ddfc5963da777dc0764953ff7,23993
Lần cuối khám phá Nhà hát Lớn trước 2 năm đóng cửa.jpg,nha_hat_lon,4,Nhà Hát Lớn,Hanoi Opera House,224,224,22c438da3af6b0a6afe497bccbac2a77,26052
Lịch sử nhà hát Lớn Hà Nội có tên ban đầu là Nhà hát Thành phố.jpg,nha_hat_lon,4,Nhà Hát Lớn,Hanoi Opera House,224,224,2a0b32c611d6bcc7a865bedef19fc0ad,25295
Ngắm nhìn những công trình lịch sử gắn liền với thời khắc Tiếp quản Thủ đô  cách đây 70 năm.jpg,nha_hat_lon,4,Nhà Hát Lớn,Hanoi Opera House,224,224,8222a86ed90784b54a43383c6bd5866b,33197
"Nhà Hát Lớn Hà Nội - Lịch sử, kiến trúc và giá vé - Meey3D.jpg",nha_hat_lon,4,Nhà Hát Lớn,Hanoi Opera House,224,224,9f27e50b44d9433b64b8e9a884f524e6,41982
Nhà Hát Lớn Hà Nội - Niềm tự hào của người dân thủ đô-001.jpg,nha_hat_lon,4,Nhà Hát Lớn,Hanoi Opera House,224,224,d2851bee271e978b63cd8705ed706de8,35615
Nhà Hát Lớn Hà Nội - Niềm tự hào của người dân thủ đô-002.jpg,nha_hat_lon,4,Nhà Hát Lớn,Hanoi Opera House,224,224,ada101a3e2a776e7bab5cc9c04dd8926,38560
Nhà Hát Lớn Hà Nội - Niềm tự hào của người dân thủ đô.jpg,nha_hat_lon,4,Nhà Hát Lớn,Hanoi Opera House,224,224,cceb80f9404b87b8551af76e42233ec1,30569
Nhà Hát Lớn Hà Nội - Điểm Tham quan gần khách sạn The Lapis.jpg,nha_hat_lon,4,Nhà Hát Lớn,Hanoi Opera House,224,224,a0a3a591d6ffb2c05edc28d3418f96a7,27309
Nhà Hát Lớn Hà Nội _ Kinh nghiệm tham quan chi tiết từ A - Z.jpg,nha_hat_lon,4,Nhà Hát Lớn,Hanoi Opera House,224,224,3fabaf67e2d17f2ab38e77e4765fe995,32170
Nhà Hát Lớn Hà Nội.jpg,nha_hat_lon,4,Nhà Hát Lớn,Hanoi Opera House,224,224,c6ae25d87cda6547331cac6bd30bc2f7,35588
Nhà hát Lớn - Biểu tượng “Hà Nội” nhất.jpg,nha_hat_lon,4,Nhà Hát Lớn,Hanoi Opera House,224,224,4c022c5453373050d9aa3e426094a1e2,28281
Nhà hát Lớn - dấu ấn kiến trúc đô thị giữa lòng Hà Nội.jpg,nha_hat_lon,4,Nhà Hát Lớn,Hanoi Opera House,224,224,15a411407f285539e646cc0cb5b81260,30171
Nhà hát Lớn - Địa chỉ mới của du lịch Hà Nội.jpg,nha_hat_lon,4,Nhà Hát Lớn,Hanoi Opera House,224,224,ef474db2070097fc205e26d63c7529a9,33777
Nhà hát Lớn Hà Nội - Kiến trúc và lịch sử - Báo Cao Bằng điện tử-001.jpg,nha_hat_lon,4,Nhà Hát Lớn,Hanoi Opera House,224,224,ea4bc1d4860369a0400f496fbdc7d4c3,25658
Nhà hát Lớn Hà Nội - Kiến trúc và lịch sử - Báo Cao Bằng điện tử-002.jpg,nha_hat_lon,4,Nhà Hát Lớn,Hanoi Opera House,224,224,de1c40e08f117349d46e85a237994725,29278
Nhà hát Lớn Hà Nội - Kiến trúc và lịch sử - Báo Cao Bằng điện tử.jpg,nha_hat_lon,4,Nhà Hát Lớn,Hanoi Opera House,224,224,0ead90629fe5ef7afd8b2fd3e5393280,30985
Nhà hát Lớn Hà Nội - Kiến trúc và lịch sử - MỤC ĐỒNG MỘT CÕI RIÊNG TÔI.jpg,nha_hat_lon,4,Nhà Hát Lớn,Hanoi Opera House,224,224,5484a0904fb519a1ca9f4cea7155e733,24232
Nhà hát Lớn Hà Nội - Tuyệt tác nghệ thuật giữa lòng Thủ đô-002.jpg,nha_hat_lon,4,Nhà Hát Lớn,Hanoi Opera House,224,224,5d6612c9bbb19b3a28f87410f8a2561f,32354
Nhà hát Lớn Hà Nội - Tuyệt tác nghệ thuật giữa lòng Thủ đô-003.jpg,nha_hat_lon,4,Nhà Hát Lớn,Hanoi Opera House,224,224,fcfd39ab0c1e8072539d16bb9df1ee91,27494
Nhà hát Lớn Hà Nội - Tuyệt tác nghệ thuật giữa lòng Thủ đô-004.jpg,nha_hat_lon,4,Nhà Hát Lớn,Hanoi Opera House,224,224,948b8285241981f1283d8d4d2ebcdef7,26718
Nhà hát Lớn Hà Nội - Tuyệt tác nghệ thuật giữa lòng Thủ đô-005.jpg,nha_hat_lon,4,Nhà Hát Lớn,Hanoi Opera House,224,224,356711cfa77f799b7b95a5d0cfb0c0da,29750
Nhà hát Lớn Hà Nội - Tuyệt tác nghệ thuật giữa lòng Thủ đô.jpg,nha_hat_lon,4,Nhà Hát Lớn,Hanoi Opera House,224,224,e6127e7d853eaf2865ca85bf5916ed17,25898
Nhà hát Lớn Hà Nội - kiệt tác giữa lòng thủ đô-001.jpg,nha_hat_lon,4,Nhà Hát Lớn,Hanoi Opera House,224,224,350e910852e4fa0d467d3ac90a686f35,30449
Nhà hát Lớn Hà Nội - kiệt tác giữa lòng thủ đô.jpg,nha_hat_lon,4,Nhà Hát Lớn,Hanoi Opera House,224,224,b2e8d03c54a52c7e932f23cbd50bedf6,31632
Nhà hát Lớn Hà Nội - nhân chứng lịch sử - Báo VnExpress.jpg,nha_hat_lon,4,Nhà Hát Lớn,Hanoi Opera House,224,224,785ba69a9f5ea57ad3ba04cab4708d5c,25099
"Nhà hát Lớn Hà Nội kể chuyện Di sản cất lời bằng ánh sáng và công nghệ -  Tin nổi bật - Trang thông tin tuyên truyền, phổ biến pháp luật.jpg",nha_hat_lon,4,Nhà Hát Lớn,Hanoi Opera House,224,224,288477bf98000846120d4e7f90606e53,29411
Nhà hát Lớn Hà Nội sẽ kể chuyện di sản 115 năm bằng ánh sáng và công nghệ -  Tạp chí Kiến Trúc.jpg,nha_hat_lon,4,Nhà Hát Lớn,Hanoi Opera House,224,224,f0173ad1e4e78ee8059eacf3b3e57617,30257
Nhà hát Lớn Hà Nội đóng cửa 1 năm để tu bổ.jpg,nha_hat_lon,4,Nhà Hát Lớn,Hanoi Opera House,224,224,1a70afcdd276aebe2c9800b5d80d398b,29315
"Nhà hát Lớn Hà Nội được xây dựng, trùng tu như thế nào_ - Báo VnExpress.jpg",nha_hat_lon,4,Nhà Hát Lớn,Hanoi Opera House,224,224,908485cedbca10ab1a02da398ac5e9a8,24248
Nhà hát Lớn Hà Nội – Wikipedia tiếng Việt-001.jpg,nha_hat_lon,4,Nhà Hát Lớn,Hanoi Opera House,224,224,d3f7f3f48721d2ea627866c8f86757f6,35938
Nhà hát Lớn Hà Nội – Wikipedia tiếng Việt-002.jpg,nha_hat_lon,4,Nhà Hát Lớn,Hanoi Opera House,224,224,b3e0c62c03d974b9c2c22df678a261e9,28042
Nhà hát Lớn Hà Nội – Wikipedia tiếng Việt-003.jpg,nha_hat_lon,4,Nhà Hát Lớn,Hanoi Opera House,224,224,50cb8fbb7b04767ea90dd017d8b69bff,28647
Nhà hát Lớn Hà Nội – Wikipedia tiếng Việt-004.jpg,nha_hat_lon,4,Nhà Hát Lớn,Hanoi Opera House,224,224,dad5fb64134b2d786cd901c576649bd5,25870
Nhà hát Lớn Hà Nội – Wikipedia tiếng Việt.jpg,nha_hat_lon,4,Nhà Hát Lớn,Hanoi Opera House,224,224,bcba4f1425dd62d0a838648f96b1dbd0,33505
"Nhà hát Lớn Hà Nội – biểu tượng của kiến trúc, văn hóa, nghệ thuật Thủ đô -  iVIVU.com-001.jpg",nha_hat_lon,4,Nhà Hát Lớn,Hanoi Opera House,224,224,d40ac3ae86142b9d955d17fc139bfd60,31790
"Nhà hát Lớn Hà Nội – biểu tượng của kiến trúc, văn hóa, nghệ thuật Thủ đô -  iVIVU.com-002.jpg",nha_hat_lon,4,Nhà Hát Lớn,Hanoi Opera House,224,224,97d0214f54f5199b4b6d14a1346822f8,32485
"Nhà hát Lớn Hà Nội – biểu tượng của kiến trúc, văn hóa, nghệ thuật Thủ đô -  iVIVU.com-003.jpg",nha_hat_lon,4,Nhà Hát Lớn,Hanoi Opera House,224,224,8cd8d3bb8459cd32b38ac5b5a37860be,26184
"Nhà hát Lớn Hà Nội – biểu tượng của kiến trúc, văn hóa, nghệ thuật Thủ đô -  iVIVU.com-004.jpg",nha_hat_lon,4,Nhà Hát Lớn,Hanoi Opera House,224,224,af9c5aeeeb364a46356f04a08951e43c,30430
"Nhà hát Lớn Hà Nội – biểu tượng của kiến trúc, văn hóa, nghệ thuật Thủ đô -  iVIVU.com.jpg",nha_hat_lon,4,Nhà Hát Lớn,Hanoi Opera House,224,224,813920d944bd78ef35c2894fa46e05da,32513
"Nhà hát Lớn Hà Nội, công trình nghệ thuật kiến trúc lịch sử _ VOV5.VN.jpg",nha_hat_lon,4,Nhà Hát Lớn,Hanoi Opera House,224,224,cedb7960b070c462418ccbf5ad9c6f5e,30636
Nhà hát Lớn Hà Nội... đẹp 'khó cưỡng' trong ngày đầu tiên mở cửa.jpg,nha_hat_lon,4,Nhà Hát Lớn,Hanoi Opera House,224,224,9f01c5e23c6b00bf75924fd1433cb3a2,23160
Nhà hát Lớn Hà Nội_ Biểu tượng văn hóa và kiến trúc độc đáo _ Green SM-001.jpg,nha_hat_lon,4,Nhà Hát Lớn,Hanoi Opera House,224,224,9c5f56bb0c53ea48e91883431d8692f3,35585
Nhà hát Lớn Hà Nội_ Biểu tượng văn hóa và kiến trúc độc đáo _ Green SM-002.jpg,nha_hat_lon,4,Nhà Hát Lớn,Hanoi Opera House,224,224,997c0b702bc60991b5680e1eeb401112,36087
Nhà hát Lớn Hà Nội_ Biểu tượng văn hóa và kiến trúc độc đáo _ Green SM.jpg,nha_hat_lon,4,Nhà Hát Lớn,Hanoi Opera House,224,224,192f1ff1fba4c7d75863e605dca9f055,36997
Nhà hát Lớn Hà Nội_ Kinh nghiệm tham quan và xem nghệ thuật lần đầu cho du  khách _ Vietjet Air-001.jpg,nha_hat_lon,4,Nhà Hát Lớn,Hanoi Opera House,224,224,9d6cab5672cba6b1a5fa771af6a20270,32789
Nhà hát Lớn Hà Nội_ Kinh nghiệm tham quan và xem nghệ thuật lần đầu cho du  khách _ Vietjet Air.jpg,nha_hat_lon,4,Nhà Hát Lớn,Hanoi Opera House,224,224,416608598d526570d12bc57616191bca,32402
"Nhà hát Lớn Hà Nội_ Vé, lịch biểu diễn & tham quan.jpg",nha_hat_lon,4,Nhà Hát Lớn,Hanoi Opera House,224,224,3396f9e244fc7a3ad1fe6ce9a0265132,33336
"Nhà hát Lớn Hà Nội_ tin tức, hình ảnh, video, bình luận mới nhất.jpg",nha_hat_lon,4,Nhà Hát Lớn,Hanoi Opera House,224,224,f709cb66d06957d8dfd6739ca44386f6,45559
"Nhà hát Lớn Hà Nội_ Địa chỉ, giá vé, chương trình biểu diễn – VinWonders-001.jpg",nha_hat_lon,4,Nhà Hát Lớn,Hanoi Opera House,224,224,5dc5085907ef2f1ddfa4efa7b260bc5c,32104
"Nhà hát Lớn Hà Nội_ Địa chỉ, giá vé, chương trình biểu diễn – VinWonders-002.jpg",nha_hat_lon,4,Nhà Hát Lớn,Hanoi Opera House,224,224,ba0f08ac06c41e3a94c1416225c29279,42008
"Nhà hát Lớn Hà Nội_ Địa chỉ, giá vé, chương trình biểu diễn – VinWonders-003.jpg",nha_hat_lon,4,Nhà Hát Lớn,Hanoi Opera House,224,224,99c98235c5f651d0f743e12f7a5c7c7b,24828
"Nhà hát Lớn Hà Nội_ Địa chỉ, giá vé, chương trình biểu diễn – VinWonders.jpg",nha_hat_lon,4,Nhà Hát Lớn,Hanoi Opera House,224,224,16811d4e801d1d3e0654ba3c49931e56,41018
"Nhà hát Lớn Hà Nội_ Địa chỉ, giá vé, và những sự kiện nghệ thuật đặc sắc.jpg",nha_hat_lon,4,Nhà Hát Lớn,Hanoi Opera House,224,224,2baab6e3ff5009648bff47411fefd571,28030
Nhà hát lớn Hà Nội - Nét kiến trúc Châu Âu độc đáo giữa lòng Châu Á.jpg,nha_hat_lon,4,Nhà Hát Lớn,Hanoi Opera House,224,224,eea9ba68e1f9d4ee8962ed4b048c7a08,33943
Nhà hát lớn Hà Nội - Nơi lưu giữ tinh hoa nghệ thuật thủ đô-001.jpg,nha_hat_lon,4,Nhà Hát Lớn,Hanoi Opera House,224,224,961d3a411cfaecf90e7f702c8ebab1da,35921
Nhà hát lớn Hà Nội - Nơi lưu giữ tinh hoa nghệ thuật thủ đô-002.jpg,nha_hat_lon,4,Nhà Hát Lớn,Hanoi Opera House,224,224,bef50cdf047f290153f3e5f351f85788,36017
Nhà hát lớn Hà Nội - Nơi lưu giữ tinh hoa nghệ thuật thủ đô.jpg,nha_hat_lon,4,Nhà Hát Lớn,Hanoi Opera House,224,224,2a7e8537e0e0b2c859ea4d6f573feda2,30911
Nhà hát lớn Hà Nội - công trình kiến trúc cổ điển Pháp độc đáo - CafeLand.Vn-001.jpg,nha_hat_lon,4,Nhà Hát Lớn,Hanoi Opera House,224,224,75cfeeef3756ad65f4b7fe10fd698c85,32135
Nhà hát lớn Hà Nội - công trình kiến trúc cổ điển Pháp độc đáo - CafeLand.Vn-002.jpg,nha_hat_lon,4,Nhà Hát Lớn,Hanoi Opera House,224,224,3771dd02e368f2f084f384d3ba12eeae,23288
Nhà hát lớn Hà Nội - công trình kiến trúc cổ điển Pháp độc đáo - CafeLand.Vn-003.jpg,nha_hat_lon,4,Nhà Hát Lớn,Hanoi Opera House,224,224,52b3a315271d5277204ca2734450cdc5,32218
Nhà hát lớn Hà Nội - công trình kiến trúc cổ điển Pháp độc đáo - CafeLand.Vn.jpg,nha_hat_lon,4,Nhà Hát Lớn,Hanoi Opera House,224,224,fdcac14ca130f8f0d02b1b2087ce9569,28820
Nhà hát lớn Hà Nội - công trình kiến trúc cổ điển Pháp độc đáo.jpg,nha_hat_lon,4,Nhà Hát Lớn,Hanoi Opera House,224,224,c3d75cc2288e864a12fb8c1e2fa7108d,37825
Nhà hát lớn Hà Nội - công trình tuyệt tác mang nhiều dấu ấn của Thủ đô-001.jpg,nha_hat_lon,4,Nhà Hát Lớn,Hanoi Opera House,224,224,5f5cdc47a80e4a0c63d0ee7ac20b71a3,21756
Nhà hát lớn Hà Nội - công trình tuyệt tác mang nhiều dấu ấn của Thủ đô-002.jpg,nha_hat_lon,4,Nhà Hát Lớn,Hanoi Opera House,224,224,d14612cf9a060dba93a0ec7957962ef1,29662
Nhà hát lớn Hà Nội - công trình tuyệt tác mang nhiều dấu ấn của Thủ đô-003.jpg,nha_hat_lon,4,Nhà Hát Lớn,Hanoi Opera House,224,224,208d306a9b9bc87bad0d5aea4eb8616a,31515
Nhà hát lớn Hà Nội - công trình tuyệt tác mang nhiều dấu ấn của Thủ đô-004.jpg,nha_hat_lon,4,Nhà Hát Lớn,Hanoi Opera House,224,224,e13565d1791c62d013d8be4366cbefc1,35276
Nhà hát lớn Hà Nội - công trình tuyệt tác mang nhiều dấu ấn của Thủ đô-005.jpg,nha_hat_lon,4,Nhà Hát Lớn,Hanoi Opera House,224,224,252e2d4d6814e6b5eff062a229e9b1c4,29365
Nhà hát lớn Hà Nội - công trình tuyệt tác mang nhiều dấu ấn của Thủ đô.jpg,nha_hat_lon,4,Nhà Hát Lớn,Hanoi Opera House,224,224,d49a8140a09fc682015f2fb222fe4423,31798
"Nhà hát lớn Hà Nội Hà Nội, Việt Nam.jpg",nha_hat_lon,4,Nhà Hát Lớn,Hanoi Opera House,224,224,da853e9fe83ab7e16acea5dd722b5d6a,33461
Nhà hát lớn Hà Nội lại được “thí nghiệm” màu sơn mới.jpg,nha_hat_lon,4,Nhà Hát Lớn,Hanoi Opera House,224,224,1b5a6279e39a5157416b8c3713d91927,27332
Nhà hát lớn Hà Nội lột xác với màu sơn tươi mới nổi bật.jpg,nha_hat_lon,4,Nhà Hát Lớn,Hanoi Opera House,224,224,3823617f4f9b337cf7f668c2a3d10d3a,36474
Nhà hát lớn Hà Nội sẽ được chỉnh trang thành công viên mở - Tạp chí Kiến  Trúc.jpg,nha_hat_lon,4,Nhà Hát Lớn,Hanoi Opera House,224,224,000a3409f5d429e69f9541e0b7dcb037,36158
Nhà hát lớn Hà Nội – Đỉnh cao kiến trúc ở trái tim Thủ đô - Mytour.jpg,nha_hat_lon,4,Nhà Hát Lớn,Hanoi Opera House,224,224,45fcc5318dcc59106807e47f21d3c776,19783
"Nhà hát lớn Hà Nội_ Công trình kiến trúc nghệ thuật quy mô, lộng lẫy.jpg",nha_hat_lon,4,Nhà Hát Lớn,Hanoi Opera House,224,224,fd4b1c6a2702249ae03227a2bd0160c2,39023
Nhà hát lớn Hà Nội_ Điểm check in mới và 'chất' nhất 2017.jpg,nha_hat_lon,4,Nhà Hát Lớn,Hanoi Opera House,224,224,31213b50caeac5760d7c7e4c39f496d2,25155
Nhà hát opera – không chỉ là văn hóa mà còn là biểu tượng.jpg,nha_hat_lon,4,Nhà Hát Lớn,Hanoi Opera House,224,224,0c697c0ea82c7d54fdc286896f4f27fc,27721
Những công trình Pháp cổ tuyệt đẹp tại Hà Nội _ Znews.vn.jpg,nha_hat_lon,4,Nhà Hát Lớn,Hanoi Opera House,224,224,f62206eb1dab2c4b7c37652c27f29717,22819
Những công trình biểu tượng của Thủ đô.jpg,nha_hat_lon,4,Nhà Hát Lớn,Hanoi Opera House,224,224,4157ca1b4bfb7aa20786b89ec83f5ed8,22921
"Những công trình “vẽ” nên Hà Nội - Báo và Phát thanh, Truyền hình Lạng Sơn  - Báo và Phát thanh, Truyền hình Lạng Sơn.jpg",nha_hat_lon,4,Nhà Hát Lớn,Hanoi Opera House,224,224,69ae508c4d4edc2563b28a6b3ae33e1c,26565
"Những công trình, di tích lịch sử gắn liền với Cách mạng Tháng Tám 80 năm  trước.jpg",nha_hat_lon,4,Nhà Hát Lớn,Hanoi Opera House,224,224,a9ba50233c4d2122b8ddb5c32cd84b88,37823
Quảng Trường Nhà Hát Lớn Hà Nội_ Trái Tim Văn Hóa Và Lịch Sử Giữa Lòng Thủ  Đô - Khu du lịch Bửu Long.jpg,nha_hat_lon,4,Nhà Hát Lớn,Hanoi Opera House,224,224,683f9931e12fe5adf2b892acb72c3647,24437
Ra mắt sách “Nhà hát lớn Hà Nội – Vẻ đẹp tròn thế kỷ”.jpg,nha_hat_lon,4,Nhà Hát Lớn,Hanoi Opera House,224,224,836d9a464d694741a3b6d3737a9695cd,35111
The truth about the roof of Hanoi Opera House #Hanoioperahouse - YouTube.jpg,nha_hat_lon,4,Nhà Hát Lớn,Hanoi Opera House,224,224,936b651d5d6fcaccdbef0b36eec652d6,28469
"Toàn cảnh phường nhỏ nhất Hà Nội có 6 nhà hát, 3 bảo tàng, 3 trường đại học.jpg",nha_hat_lon,4,Nhà Hát Lớn,Hanoi Opera House,224,224,0a840fa662060dbd409a84336915d993,32661
"Tour xe buýt tham quan hai tầng nổi tiếng đưa bạn dạo qua các điểm tham  quan nổi bật ở Hà Nội, Việt Nam ～ Hop On Hop Off Hanoi City Tour.jpg",nha_hat_lon,4,Nhà Hát Lớn,Hanoi Opera House,224,224,4a01bc9b95a0d6e911d1af325586d408,30803
Trải nghiệm không gian âm nhạc ngoài trời ở Nhà hát Lớn Hà Nội.jpg,nha_hat_lon,4,Nhà Hát Lớn,Hanoi Opera House,224,224,b1a8d28d9b6d49d14fe3ea73cc66356e,35606
Trải nghiệm tour khám phá Nhà hát Lớn Hà Nội.jpg,nha_hat_lon,4,Nhà Hát Lớn,Hanoi Opera House,224,224,4e67f5102a46f0cdc60655c6f5132e76,35472
Trải nghiệm độc đáo trước khi Nhà Hát Lớn Hà Nội đóng cửa trùng tu 2 năm.jpg,nha_hat_lon,4,Nhà Hát Lớn,Hanoi Opera House,224,224,b99be73c7c9546db31121793ef8be04c,24162
Trùng tu chứ không phải làm mới di tích.jpg,nha_hat_lon,4,Nhà Hát Lớn,Hanoi Opera House,224,224,cc04fe29b7fa0189b2983c2bc8b377a9,23298
Vaquarius tổ chức chương trình roadshow đầu tiên từ Nhà hát Lớn Hà Nội đến  Hưng Yên.jpg,nha_hat_lon,4,Nhà Hát Lớn,Hanoi Opera House,224,224,4288108ec1c397a357a1e86fe33e9c0a,33866
"Vẻ đẹp ngỡ ngàng của những công trình, kiến trúc vượt thời gian tại Hà  thành - Báo Lạng Sơn_ Tin tức mới nhất, chính xác, uy tín.jpg",nha_hat_lon,4,Nhà Hát Lớn,Hanoi Opera House,224,224,fd79b218b3d3c61f586f6a104e984539,28804
"WOWTIMES - VIETKINGS] Nhà hát lớn tại Hà Nội_ Biểu tượng vĩnh cửu của nghệ  thuật và kiến trúc - Top 20 sân khấu, nhà hát kịch tiêu biểu tại Việt Nam (.jpg",nha_hat_lon,4,Nhà Hát Lớn,Hanoi Opera House,224,224,9bdae851572f34b5774402da9514b433,23677
nha_hat_lon_0001.jpg,nha_hat_lon,4,Nhà Hát Lớn,Hanoi Opera House,224,224,97108f58fcdbabf669dd7035671566a0,30780
nha_hat_lon_0010.jpg,nha_hat_lon,4,Nhà Hát Lớn,Hanoi Opera House,224,224,597c26ee5df6b05378aa991423d83523,28847
nha_hat_lon_0013.jpg,nha_hat_lon,4,Nhà Hát Lớn,Hanoi Opera House,224,224,f36ea32ab19bf78026e63254ddeb3a29,35430
nha_hat_lon_0026.jpg,nha_hat_lon,4,Nhà Hát Lớn,Hanoi Opera House,224,224,366ed5d6e52aabc6fe77daba86527f8d,22571
nha_hat_lon_0028.jpg,nha_hat_lon,4,Nhà Hát Lớn,Hanoi Opera House,224,224,d7ec46acebd6435b36bfdea32775d7ed,33756
nha_hat_lon_0029.jpg,nha_hat_lon,4,Nhà Hát Lớn,Hanoi Opera House,224,224,b3ff23099774bc3fda75fe086f4e6138,30472
nha_hat_lon_0030.jpg,nha_hat_lon,4,Nhà Hát Lớn,Hanoi Opera House,224,224,9c4915faba1893b9e45c9c248849b948,31828
nha_hat_lon_0031.jpg,nha_hat_lon,4,Nhà Hát Lớn,Hanoi Opera House,224,224,e9fede93d3bcb5de548af6a087754017,28918
nha_hat_lon_0032.jpg,nha_hat_lon,4,Nhà Hát Lớn,Hanoi Opera House,224,224,9f52731f77ed90d23d160b21a157e516,25561
nha_hat_lon_0036.jpg,nha_hat_lon,4,Nhà Hát Lớn,Hanoi Opera House,224,224,47ada444c86b8f580bc2ed9fb959aea8,31319
nha_hat_lon_0037.jpg,nha_hat_lon,4,Nhà Hát Lớn,Hanoi Opera House,224,224,6321a0d11a1051fc6cab85031b2e454d,29141
nha_hat_lon_0038.jpg,nha_hat_lon,4,Nhà Hát Lớn,Hanoi Opera House,224,224,7450feae68d9c292099d701bff5c860e,26589
nha_hat_lon_0039.jpg,nha_hat_lon,4,Nhà Hát Lớn,Hanoi Opera House,224,224,690f42c37c8212d2114e6bfb653d3e0a,34442
nha_hat_lon_0040.jpg,nha_hat_lon,4,Nhà Hát Lớn,Hanoi Opera House,224,224,ac853f243fcf2b3f433ae391509685b0,26750
nha_hat_lon_0041.jpg,nha_hat_lon,4,Nhà Hát Lớn,Hanoi Opera House,224,224,8e9dbf7d56978ac50b32b4e6e557c40e,29244
nha_hat_lon_0042.jpg,nha_hat_lon,4,Nhà Hát Lớn,Hanoi Opera House,224,224,5f876f926eee5d7231fa9c96cfedbebe,36552
nha_hat_lon_0043.jpg,nha_hat_lon,4,Nhà Hát Lớn,Hanoi Opera House,224,224,5edf038b055e8d9edb913669ebe3c0b8,28183
nha_hat_lon_0044.jpg,nha_hat_lon,4,Nhà Hát Lớn,Hanoi Opera House,224,224,4f70275f959f1c29ab2f8744f598bdc7,29994
nha_hat_lon_0045.jpg,nha_hat_lon,4,Nhà Hát Lớn,Hanoi Opera House,224,224,3c2077d296895a14e7a8c30d73cb980c,43556
nha_hat_lon_0047.jpg,nha_hat_lon,4,Nhà Hát Lớn,Hanoi Opera House,224,224,f37112fbcb9f0c8e061196b2520282f3,31882
nha_hat_lon_0048.jpg,nha_hat_lon,4,Nhà Hát Lớn,Hanoi Opera House,224,224,9371e69862e2ec877c5cf545e22fcb3b,27884
nha_hat_lon_0049.jpg,nha_hat_lon,4,Nhà Hát Lớn,Hanoi Opera House,224,224,0ad72ad373f4c9f1138027f726df174e,39453
nha_hat_lon_0050.jpg,nha_hat_lon,4,Nhà Hát Lớn,Hanoi Opera House,224,224,4a5d5ba5737b2945e8229257eaee3dc2,29282
nha_hat_lon_0051.jpg,nha_hat_lon,4,Nhà Hát Lớn,Hanoi Opera House,224,224,53a67fb92781daec911ab1744adadb63,25913
nha_hat_lon_0052.jpg,nha_hat_lon,4,Nhà Hát Lớn,Hanoi Opera House,224,224,91997f1986c557fa496a5dc08526a0f4,29481
nha_hat_lon_0053.jpg,nha_hat_lon,4,Nhà Hát Lớn,Hanoi Opera House,224,224,c4e7ced22176a630d5d8c783e89046e0,29470
nha_hat_lon_0054.jpg,nha_hat_lon,4,Nhà Hát Lớn,Hanoi Opera House,224,224,b2090adb873d3848043b18b6cd34abd6,27687
nha_hat_lon_0055.jpg,nha_hat_lon,4,Nhà Hát Lớn,Hanoi Opera House,224,224,55d86b6d014dfaf0d8af9f909287889b,40937
nha_hat_lon_0056.jpg,nha_hat_lon,4,Nhà Hát Lớn,Hanoi Opera House,224,224,d1db82712adbb21876485db3814e479e,32468
nha_hat_lon_0057.jpg,nha_hat_lon,4,Nhà Hát Lớn,Hanoi Opera House,224,224,961c1f7793a58ebc5089d359a8df171a,30007
nha_hat_lon_0058.jpg,nha_hat_lon,4,Nhà Hát Lớn,Hanoi Opera House,224,224,2920e92d05c89e86737d92e89ad4f0ad,25043
nha_hat_lon_0059.jpg,nha_hat_lon,4,Nhà Hát Lớn,Hanoi Opera House,224,224,544280961d698c8e2f66e4c205bb56d6,29102
nha_hat_lon_0060.jpg,nha_hat_lon,4,Nhà Hát Lớn,Hanoi Opera House,224,224,f28ec7b8a758a1fea7288d7837e9cc8b,32940
nha_hat_lon_0061.jpg,nha_hat_lon,4,Nhà Hát Lớn,Hanoi Opera House,224,224,e678009082a68a5584a54c65575dba37,28879
nha_hat_lon_0062.jpg,nha_hat_lon,4,Nhà Hát Lớn,Hanoi Opera House,224,224,998254e636e9d010421826872a6585ed,24929
nha_hat_lon_0063.jpg,nha_hat_lon,4,Nhà Hát Lớn,Hanoi Opera House,224,224,fea212104abc6f01ff66f9f4deacfc27,31092
nha_hat_lon_0064.jpg,nha_hat_lon,4,Nhà Hát Lớn,Hanoi Opera House,224,224,4afac14e3068f5092f49e3c1d87beaa7,29961
nha_hat_lon_0065.jpg,nha_hat_lon,4,Nhà Hát Lớn,Hanoi Opera House,224,224,6be91b6212df6f86614a6588af590fda,35263
nha_hat_lon_0067.jpg,nha_hat_lon,4,Nhà Hát Lớn,Hanoi Opera House,224,224,d3cbb443b58ed9812d1458164e17e8bc,39395
nha_hat_lon_0070.jpg,nha_hat_lon,4,Nhà Hát Lớn,Hanoi Opera House,224,224,2577c9d30ece95e2710c5e38084fb715,29553
nha_hat_lon_0071.jpg,nha_hat_lon,4,Nhà Hát Lớn,Hanoi Opera House,224,224,73f457afba3ee222814268c7079fcf4c,30403
nha_hat_lon_0072.jpg,nha_hat_lon,4,Nhà Hát Lớn,Hanoi Opera House,224,224,d32e8fd76214d74ff6d45017a9d7bf3a,21764
nha_hat_lon_0073.jpg,nha_hat_lon,4,Nhà Hát Lớn,Hanoi Opera House,224,224,02292ddd8145d1b9e1262e56c066cadf,22401
nha_hat_lon_0075.jpg,nha_hat_lon,4,Nhà Hát Lớn,Hanoi Opera House,224,224,f1f812de6fe8b3d2623e2f69ba10b737,31175
nha_hat_lon_0076.jpg,nha_hat_lon,4,Nhà Hát Lớn,Hanoi Opera House,224,224,2f7e928218d4ee21643fc1c06f1abbfe,24594
nha_hat_lon_0077.jpg,nha_hat_lon,4,Nhà Hát Lớn,Hanoi Opera House,224,224,291215b67b974b17796a8e2c143563e2,28625
nha_hat_lon_0078.jpg,nha_hat_lon,4,Nhà Hát Lớn,Hanoi Opera House,224,224,d4146f651a6a5e23db38b5977accbcbf,31056
nha_hat_lon_0080.jpg,nha_hat_lon,4,Nhà Hát Lớn,Hanoi Opera House,224,224,106670501bc9d02d13988da54f090e87,26230
nha_hat_lon_0081.jpg,nha_hat_lon,4,Nhà Hát Lớn,Hanoi Opera House,224,224,4aa546fbe99b1adf525de78b3d4a0082,29663
nha_hat_lon_0082.jpg,nha_hat_lon,4,Nhà Hát Lớn,Hanoi Opera House,224,224,2794b3920b7d59dea27ed329c91d5b88,30402
nha_hat_lon_0083.jpg,nha_hat_lon,4,Nhà Hát Lớn,Hanoi Opera House,224,224,332516331d2501356b367c22a13155ec,35458
nha_hat_lon_0084.jpg,nha_hat_lon,4,Nhà Hát Lớn,Hanoi Opera House,224,224,aa5751a1e335e27775f88f5eba8908d1,35826
nha_hat_lon_0085.jpg,nha_hat_lon,4,Nhà Hát Lớn,Hanoi Opera House,224,224,14be4e8f11a619a889fc95e3d67a4172,27230
nha_hat_lon_0086.jpg,nha_hat_lon,4,Nhà Hát Lớn,Hanoi Opera House,224,224,31161e27e4f3298e70943f55f7bd235c,25088
nha_hat_lon_0087.jpg,nha_hat_lon,4,Nhà Hát Lớn,Hanoi Opera House,224,224,9e8f7cad68b1b98574a956fa01966699,26923
nha_hat_lon_0088.jpg,nha_hat_lon,4,Nhà Hát Lớn,Hanoi Opera House,224,224,1fed9514310a0f0938ab9b9b39b0095f,31608
nha_hat_lon_0089.jpg,nha_hat_lon,4,Nhà Hát Lớn,Hanoi Opera House,224,224,cbfe39e15e9fa6078eb4d7215afaf333,23844
nha_hat_lon_0090.jpg,nha_hat_lon,4,Nhà Hát Lớn,Hanoi Opera House,224,224,7d461d7fc89c98ce3ebefff5e4b7b3ed,22092
nha_hat_lon_0091.jpg,nha_hat_lon,4,Nhà Hát Lớn,Hanoi Opera House,224,224,1bd8e9f58b9133928ef3dda72a4b4c8e,36529
nha_hat_lon_0092.jpg,nha_hat_lon,4,Nhà Hát Lớn,Hanoi Opera House,224,224,25f8014fcd789849e3566f0be1fa5bfb,18742
nha_hat_lon_0094.jpg,nha_hat_lon,4,Nhà Hát Lớn,Hanoi Opera House,224,224,918e5a763398d3edcf48a70b7191c119,27132
nha_hat_lon_0095.jpg,nha_hat_lon,4,Nhà Hát Lớn,Hanoi Opera House,224,224,77cd92c7b9eb6b55b65b8d19033fd9b5,20934
nha_hat_lon_0096.jpg,nha_hat_lon,4,Nhà Hát Lớn,Hanoi Opera House,224,224,69d83a47790521a5f7664e8d829e4571,18934
nha_hat_lon_0098.jpg,nha_hat_lon,4,Nhà Hát Lớn,Hanoi Opera House,224,224,e158d52e77eb1547d19c2e2f4c200dab,32003
nha_hat_lon_0100.jpg,nha_hat_lon,4,Nhà Hát Lớn,Hanoi Opera House,224,224,a3e9641fb7e4c29e4b5e580bd89b880e,36766
nha_hat_lon_0101.jpg,nha_hat_lon,4,Nhà Hát Lớn,Hanoi Opera House,224,224,37e82ab72df9d4cc5c361425bd166b26,33360
nha_hat_lon_0113.jpg,nha_hat_lon,4,Nhà Hát Lớn,Hanoi Opera House,224,224,382e5ab077f0101a985feadfa0470aca,19302
nha_hat_lon_0117.jpg,nha_hat_lon,4,Nhà Hát Lớn,Hanoi Opera House,224,224,46bac6ce498a32dc134bab8d3fcfdd90,35786
nha_hat_lon_0252.jpg,nha_hat_lon,4,Nhà Hát Lớn,Hanoi Opera House,224,224,30cb4657a5a243a894cac5ef9255fc44,23581
nha_hat_lon_0312.jpg,nha_hat_lon,4,Nhà Hát Lớn,Hanoi Opera House,224,224,a4116c75ee3574412ca406fa7744e6a7,28727
nha_hat_lon_aug_00183.jpg,nha_hat_lon,4,Nhà Hát Lớn,Hanoi Opera House,224,224,c8d1eb89e5ce5ae0ffa59684d08b2d5e,16652
nha_hat_lon_aug_00184.jpg,nha_hat_lon,4,Nhà Hát Lớn,Hanoi Opera House,224,224,a80f531dabc517fee9197fdfb6b7bada,18755
nha_hat_lon_aug_00185.jpg,nha_hat_lon,4,Nhà Hát Lớn,Hanoi Opera House,224,224,e4b8d4a43a67a5585c383ff9cd13df8c,34352
nha_hat_lon_aug_00186.jpg,nha_hat_lon,4,Nhà Hát Lớn,Hanoi Opera House,224,224,c4cf4a5205af2d67972b053ea0a2fa51,24877
nha_hat_lon_aug_00187.jpg,nha_hat_lon,4,Nhà Hát Lớn,Hanoi Opera House,224,224,f0f34a1026cca741a9c98fc339eb74db,32717
nha_hat_lon_aug_00188.jpg,nha_hat_lon,4,Nhà Hát Lớn,Hanoi Opera House,224,224,40e2db63776aa7aa8415e8b1b44114b3,19796
nha_hat_lon_aug_00189.jpg,nha_hat_lon,4,Nhà Hát Lớn,Hanoi Opera House,224,224,fd38f4a8f3a39193a0a420ea454cb6e3,17299
nha_hat_lon_aug_00190.jpg,nha_hat_lon,4,Nhà Hát Lớn,Hanoi Opera House,224,224,ef13d2e0ab833d3c095d7d06b3b03704,23154
nha_hat_lon_aug_00191.jpg,nha_hat_lon,4,Nhà Hát Lớn,Hanoi Opera House,224,224,352940e63be843d51fc54fd74c992298,43490
nha_hat_lon_aug_00192.jpg,nha_hat_lon,4,Nhà Hát Lớn,Hanoi Opera House,224,224,615d36a25dcaddf98803f68e5031191a,21667
nha_hat_lon_aug_00193.jpg,nha_hat_lon,4,Nhà Hát Lớn,Hanoi Opera House,224,224,d6c38235470873500deeb74587ce479a,37359
nha_hat_lon_aug_00194.jpg,nha_hat_lon,4,Nhà Hát Lớn,Hanoi Opera House,224,224,d38e120d084493d41eade0604abf6e0c,26039
nha_hat_lon_aug_00195.jpg,nha_hat_lon,4,Nhà Hát Lớn,Hanoi Opera House,224,224,66153d78cae79e8d556c9364aab55c75,23395
nha_hat_lon_aug_00196.jpg,nha_hat_lon,4,Nhà Hát Lớn,Hanoi Opera House,224,224,d95673b30a922731c1170f163ed01358,20535
nha_hat_lon_aug_00197.jpg,nha_hat_lon,4,Nhà Hát Lớn,Hanoi Opera House,224,224,37c8046285e5ed39961ac93911defb15,23816
nha_hat_lon_aug_00198.jpg,nha_hat_lon,4,Nhà Hát Lớn,Hanoi Opera House,224,224,7ecfbda01366efb6c0464fb221d62dfd,20252
nha_hat_lon_aug_00199.jpg,nha_hat_lon,4,Nhà Hát Lớn,Hanoi Opera House,224,224,7cd0474490752fe518e0123caffd59c7,26500
nha_hat_lon_aug_00200.jpg,nha_hat_lon,4,Nhà Hát Lớn,Hanoi Opera House,224,224,352d878cee082acb409165e940216c0d,19371
nha_hat_lon_aug_00201.jpg,nha_hat_lon,4,Nhà Hát Lớn,Hanoi Opera House,224,224,d1de00acd2543a7e22dc4cd27ff0834c,29007
nha_hat_lon_aug_00202.jpg,nha_hat_lon,4,Nhà Hát Lớn,Hanoi Opera House,224,224,bf31c09990602db37d6b8eb605d958ec,32050
nha_hat_lon_aug_00203.jpg,nha_hat_lon,4,Nhà Hát Lớn,Hanoi Opera House,224,224,bfad371a6465041179687a4777f8e721,17403
nha_hat_lon_aug_00204.jpg,nha_hat_lon,4,Nhà Hát Lớn,Hanoi Opera House,224,224,5875b2bcc86457b959db55aba35bbe56,14868
nha_hat_lon_aug_00205.jpg,nha_hat_lon,4,Nhà Hát Lớn,Hanoi Opera House,224,224,73c7e722f5c6bc4b67f3cdfe61af8d63,28103
nha_hat_lon_aug_00206.jpg,nha_hat_lon,4,Nhà Hát Lớn,Hanoi Opera House,224,224,e83595ed7324f0e28356904530665343,21908
nha_hat_lon_aug_00207.jpg,nha_hat_lon,4,Nhà Hát Lớn,Hanoi Opera House,224,224,d8dd03bdd3a4fcc4670019a71b180b4c,38084
nha_hat_lon_aug_00208.jpg,nha_hat_lon,4,Nhà Hát Lớn,Hanoi Opera House,224,224,154d24bb88ff5c56e7e2e5b8d028d3c1,19135
nha_hat_lon_aug_00209.jpg,nha_hat_lon,4,Nhà Hát Lớn,Hanoi Opera House,224,224,290c5b57d81f264b5731fd2a35cc2bc7,30821
nha_hat_lon_aug_00210.jpg,nha_hat_lon,4,Nhà Hát Lớn,Hanoi Opera House,224,224,2ff60e3cce5659e76e7032763e1997bc,21393
nha_hat_lon_aug_00211.jpg,nha_hat_lon,4,Nhà Hát Lớn,Hanoi Opera House,224,224,fdbd8771e43caa21ebd24cea8c5a1887,26603
nha_hat_lon_aug_00212.jpg,nha_hat_lon,4,Nhà Hát Lớn,Hanoi Opera House,224,224,89893e708c386fb78875a6002c0fce5e,30135
nha_hat_lon_aug_00213.jpg,nha_hat_lon,4,Nhà Hát Lớn,Hanoi Opera House,224,224,e820ff17fa1c51d9832ce25966f96d5b,24275
nha_hat_lon_aug_00214.jpg,nha_hat_lon,4,Nhà Hát Lớn,Hanoi Opera House,224,224,87ada4d1e5a57f5ac966556ffee5381d,18591
nha_hat_lon_aug_00215.jpg,nha_hat_lon,4,Nhà Hát Lớn,Hanoi Opera House,224,224,95d07da50959c6949a59512a68b4d084,22845
nha_hat_lon_aug_00216.jpg,nha_hat_lon,4,Nhà Hát Lớn,Hanoi Opera House,224,224,8d4be9c8778f30ddf39194dbf67ce6d9,15275
nha_hat_lon_aug_00217.jpg,nha_hat_lon,4,Nhà Hát Lớn,Hanoi Opera House,224,224,5aefc18667b9d2d045194afc8cf7e707,19517
nha_hat_lon_aug_00218.jpg,nha_hat_lon,4,Nhà Hát Lớn,Hanoi Opera House,224,224,bfa229a9870c81ac85f4a619667f0caa,23414
nha_hat_lon_aug_00219.jpg,nha_hat_lon,4,Nhà Hát Lớn,Hanoi Opera House,224,224,996857f44b11470e2677c5690e25eb2a,20161
nha_hat_lon_aug_00220.jpg,nha_hat_lon,4,Nhà Hát Lớn,Hanoi Opera House,224,224,6f8e9aadba346d7f1b1708c69fe35318,25478
nha_hat_lon_aug_00221.jpg,nha_hat_lon,4,Nhà Hát Lớn,Hanoi Opera House,224,224,e12deaf62616612bb99d920b71d503fe,22434
nha_hat_lon_aug_00222.jpg,nha_hat_lon,4,Nhà Hát Lớn,Hanoi Opera House,224,224,ce18722ce8ead7891c30ec62429b97aa,14114
nha_hat_lon_aug_00223.jpg,nha_hat_lon,4,Nhà Hát Lớn,Hanoi Opera House,224,224,c2a64e477a9245713f1074716df55f32,24543
nha_hat_lon_aug_00224.jpg,nha_hat_lon,4,Nhà Hát Lớn,Hanoi Opera House,224,224,145d4da5b65082373b65cbe8e2bbd337,17835
nha_hat_lon_aug_00225.jpg,nha_hat_lon,4,Nhà Hát Lớn,Hanoi Opera House,224,224,9a85dd83462cc960fc968141b0bd751d,22017
nha_hat_lon_aug_00226.jpg,nha_hat_lon,4,Nhà Hát Lớn,Hanoi Opera House,224,224,76b8e5a909cc5c131c4025d9cd25e9c1,18499
nha_hat_lon_aug_00227.jpg,nha_hat_lon,4,Nhà Hát Lớn,Hanoi Opera House,224,224,9f186b6426a7d080395063f9f5558773,17317
nha_hat_lon_aug_00228.jpg,nha_hat_lon,4,Nhà Hát Lớn,Hanoi Opera House,224,224,299a2ffbeab65d707529ff9c55838679,22011
nha_hat_lon_aug_00229.jpg,nha_hat_lon,4,Nhà Hát Lớn,Hanoi Opera House,224,224,01bee32a9da6d05b75e1ba346a8f2f9c,26906
nha_hat_lon_aug_00230.jpg,nha_hat_lon,4,Nhà Hát Lớn,Hanoi Opera House,224,224,451ac865517b5d3cd2f70f46eadf27ba,17263
nha_hat_lon_aug_00231.jpg,nha_hat_lon,4,Nhà Hát Lớn,Hanoi Opera House,224,224,8bbf6568c90cd1cdc56be1f0a6160155,29045
nha_hat_lon_aug_00232.jpg,nha_hat_lon,4,Nhà Hát Lớn,Hanoi Opera House,224,224,5d4d1a814292402fec577fd17fe5e35a,19586
nha_hat_lon_aug_00233.jpg,nha_hat_lon,4,Nhà Hát Lớn,Hanoi Opera House,224,224,fa2cb187b2bc80f86015c4687867e57e,25384
nha_hat_lon_aug_00234.jpg,nha_hat_lon,4,Nhà Hát Lớn,Hanoi Opera House,224,224,ca55966b64567665ac3d738658fcfc09,17614
nha_hat_lon_aug_00235.jpg,nha_hat_lon,4,Nhà Hát Lớn,Hanoi Opera House,224,224,3fc4effe9a65c917efec38e61f9e9d78,15650
nha_hat_lon_aug_00236.jpg,nha_hat_lon,4,Nhà Hát Lớn,Hanoi Opera House,224,224,26890f30b58f3d460c5c0c3eb6a6ca6b,32847
nha_hat_lon_aug_00237.jpg,nha_hat_lon,4,Nhà Hát Lớn,Hanoi Opera House,224,224,41f98b4ff60a3f6978cd7f58caef395a,26951
nha_hat_lon_aug_00238.jpg,nha_hat_lon,4,Nhà Hát Lớn,Hanoi Opera House,224,224,556e7c2cb95828bca62875108a553177,20028
nha_hat_lon_aug_00239.jpg,nha_hat_lon,4,Nhà Hát Lớn,Hanoi Opera House,224,224,d8fbaed44d59b3bf990f45ebc300cf6c,31520
nha_hat_lon_aug_00240.jpg,nha_hat_lon,4,Nhà Hát Lớn,Hanoi Opera House,224,224,6b16ce95bf15cfedc80d7f641ee7add6,28461
nha_hat_lon_aug_00241.jpg,nha_hat_lon,4,Nhà Hát Lớn,Hanoi Opera House,224,224,57b5d473fbb09d74bc823f321373824c,19803
nha_hat_lon_aug_00242.jpg,nha_hat_lon,4,Nhà Hát Lớn,Hanoi Opera House,224,224,e5d81ac0649be51f84c275462b661527,26331
nha_hat_lon_aug_00243.jpg,nha_hat_lon,4,Nhà Hát Lớn,Hanoi Opera House,224,224,7a3144de193497f89494dd8cc0164e38,14136
nha_hat_lon_aug_00244.jpg,nha_hat_lon,4,Nhà Hát Lớn,Hanoi Opera House,224,224,f4abc5b9ce796fc85b3df2a2a97de988,39518
nha_hat_lon_aug_00245.jpg,nha_hat_lon,4,Nhà Hát Lớn,Hanoi Opera House,224,224,ce83c1ac6ac3ecc640e809620a5563d6,31293
nha_hat_lon_aug_00246.jpg,nha_hat_lon,4,Nhà Hát Lớn,Hanoi Opera House,224,224,be36f15b48c08dfde84da029a4a98f66,40509
nha_hat_lon_aug_00247.jpg,nha_hat_lon,4,Nhà Hát Lớn,Hanoi Opera House,224,224,72b2b9e5058bd6678a832586e70a3a1b,25313
nha_hat_lon_aug_00248.jpg,nha_hat_lon,4,Nhà Hát Lớn,Hanoi Opera House,224,224,221c7572d043c3871b5abdefd8501ddd,25871
nha_hat_lon_aug_00249.jpg,nha_hat_lon,4,Nhà Hát Lớn,Hanoi Opera House,224,224,34e6ac9552d6d5e863db8390daf6c383,36508
nha_hat_lon_aug_00250.jpg,nha_hat_lon,4,Nhà Hát Lớn,Hanoi Opera House,224,224,4c9537dcebb4d7352b2d33e91738ce71,32607
nha_hat_lon_aug_00251.jpg,nha_hat_lon,4,Nhà Hát Lớn,Hanoi Opera House,224,224,fb35be75873a94fb70e243097b8024b3,28257
nha_hat_lon_aug_00252.jpg,nha_hat_lon,4,Nhà Hát Lớn,Hanoi Opera House,224,224,9f2bfc284c23da97a66169ed696369a7,36016
nha_hat_lon_aug_00253.jpg,nha_hat_lon,4,Nhà Hát Lớn,Hanoi Opera House,224,224,ecebbd85ab8b15bf8e22582946830d04,18092
nha_hat_lon_aug_00254.jpg,nha_hat_lon,4,Nhà Hát Lớn,Hanoi Opera House,224,224,c92e6359211dd4e4949c05b931c93f5f,37392
nha_hat_lon_aug_00255.jpg,nha_hat_lon,4,Nhà Hát Lớn,Hanoi Opera House,224,224,ab8cd743332304362cc8456f847b1ae9,16222
nha_hat_lon_aug_00256.jpg,nha_hat_lon,4,Nhà Hát Lớn,Hanoi Opera House,224,224,3b4fbbc734e8fa818c9b9b0b468aed38,23174
nha_hat_lon_aug_00257.jpg,nha_hat_lon,4,Nhà Hát Lớn,Hanoi Opera House,224,224,2fdb2729495bb55aea4e51d6d442721c,43764
nha_hat_lon_aug_00258.jpg,nha_hat_lon,4,Nhà Hát Lớn,Hanoi Opera House,224,224,03b3034608f6eb95841a389f7bac2dc0,28376
nha_hat_lon_aug_00259.jpg,nha_hat_lon,4,Nhà Hát Lớn,Hanoi Opera House,224,224,91381d637453d81cb40d5e7f1acc98b4,36252
nha_hat_lon_aug_00260.jpg,nha_hat_lon,4,Nhà Hát Lớn,Hanoi Opera House,224,224,4884330f96fd8357c3ff9c5acfb99af4,34041
nha_hat_lon_aug_00261.jpg,nha_hat_lon,4,Nhà Hát Lớn,Hanoi Opera House,224,224,2d72d3e548689d91c85ece8a592bf8e6,15583
nha_hat_lon_aug_00262.jpg,nha_hat_lon,4,Nhà Hát Lớn,Hanoi Opera House,224,224,cc1b3de04bb7b4679e2ea2b8016bcaf0,25708
nha_hat_lon_aug_00263.jpg,nha_hat_lon,4,Nhà Hát Lớn,Hanoi Opera House,224,224,fd91045a7ca9df43924adac9c5e41b1a,32442
nha_hat_lon_aug_00264.jpg,nha_hat_lon,4,Nhà Hát Lớn,Hanoi Opera House,224,224,a43235666a297f76ce6992dbb402a9e4,42228
nha_hat_lon_aug_00265.jpg,nha_hat_lon,4,Nhà Hát Lớn,Hanoi Opera House,224,224,d835aa5707b64d5f1b29279b31587f5c,18740
nha_hat_lon_aug_00266.jpg,nha_hat_lon,4,Nhà Hát Lớn,Hanoi Opera House,224,224,4d559ea64c9a1f6427ab96c03f9562c8,30486
nha_hat_lon_aug_00267.jpg,nha_hat_lon,4,Nhà Hát Lớn,Hanoi Opera House,224,224,f766cd6329303d3cc49afc69c24612e2,23296
nha_hat_lon_aug_00268.jpg,nha_hat_lon,4,Nhà Hát Lớn,Hanoi Opera House,224,224,21a417523a070972e32079d7dc647788,20685
nha_hat_lon_aug_00269.jpg,nha_hat_lon,4,Nhà Hát Lớn,Hanoi Opera House,224,224,01b10eceaef7d00e1b69e26318a885a8,30514
nha_hat_lon_aug_00270.jpg,nha_hat_lon,4,Nhà Hát Lớn,Hanoi Opera House,224,224,8a9b2f76449ea6eb408635bf7d660200,18700
nha_hat_lon_aug_00271.jpg,nha_hat_lon,4,Nhà Hát Lớn,Hanoi Opera House,224,224,2763dc9878fc608acebbaec3bb78ed98,34151
nha_hat_lon_aug_00272.jpg,nha_hat_lon,4,Nhà Hát Lớn,Hanoi Opera House,224,224,e2db1477e13f2b0073398c2860c0e659,15957
nha_hat_lon_aug_00273.jpg,nha_hat_lon,4,Nhà Hát Lớn,Hanoi Opera House,224,224,3645be22d395cf87c489b3da36b4824a,31803
nha_hat_lon_aug_00274.jpg,nha_hat_lon,4,Nhà Hát Lớn,Hanoi Opera House,224,224,68861ddc66b367f6a6da337d2a3d197d,21786
nha_hat_lon_aug_00275.jpg,nha_hat_lon,4,Nhà Hát Lớn,Hanoi Opera House,224,224,e29e65a7dedbe41e2c9a278066db7e87,14386
nha_hat_lon_aug_00276.jpg,nha_hat_lon,4,Nhà Hát Lớn,Hanoi Opera House,224,224,a0c22e91063de4a4dffd06934efa4097,31418
nha_hat_lon_aug_00277.jpg,nha_hat_lon,4,Nhà Hát Lớn,Hanoi Opera House,224,224,58ace7d6bb522b87960b81b748305c39,19244
nha_hat_lon_aug_00278.jpg,nha_hat_lon,4,Nhà Hát Lớn,Hanoi Opera House,224,224,40ee6f1496821d74871279b34a2af9d7,21937
nha_hat_lon_aug_00279.jpg,nha_hat_lon,4,Nhà Hát Lớn,Hanoi Opera House,224,224,3098f0a2309b7347cd66010d38c8d2ed,14353
nha_hat_lon_aug_00280.jpg,nha_hat_lon,4,Nhà Hát Lớn,Hanoi Opera House,224,224,42a806ac87b22a7a93a227f237947d68,11620
nha_hat_lon_aug_00281.jpg,nha_hat_lon,4,Nhà Hát Lớn,Hanoi Opera House,224,224,d7bf8c40adc1e38333a2f69772e8a3a0,14485
nha_hat_lon_aug_00282.jpg,nha_hat_lon,4,Nhà Hát Lớn,Hanoi Opera House,224,224,cc2f511b445b26daf1f1b4fb5effa479,18982
nha_hat_lon_aug_00283.jpg,nha_hat_lon,4,Nhà Hát Lớn,Hanoi Opera House,224,224,ae6b32cb866f8685b73dadc29abf5291,21072
nha_hat_lon_aug_00284.jpg,nha_hat_lon,4,Nhà Hát Lớn,Hanoi Opera House,224,224,692f51632eb52d9b15d67dd3e67ed686,30919
nha_hat_lon_aug_00285.jpg,nha_hat_lon,4,Nhà Hát Lớn,Hanoi Opera House,224,224,5ef5ecfb57bed7b115a2e9c3076e929c,38465
nha_hat_lon_aug_00286.jpg,nha_hat_lon,4,Nhà Hát Lớn,Hanoi Opera House,224,224,aad58cbbe10b4a23facec99732ec05a7,16550
nha_hat_lon_aug_00287.jpg,nha_hat_lon,4,Nhà Hát Lớn,Hanoi Opera House,224,224,b8a9789b70a59bafdb36822e5bd9d6ca,23799
nha_hat_lon_aug_00288.jpg,nha_hat_lon,4,Nhà Hát Lớn,Hanoi Opera House,224,224,dfbb8cec7cf9430568e08d2af66ab1a7,17324
nha_hat_lon_aug_00289.jpg,nha_hat_lon,4,Nhà Hát Lớn,Hanoi Opera House,224,224,6f4d66be4714a5513ab27f3fd5669954,38745
nha_hat_lon_aug_00290.jpg,nha_hat_lon,4,Nhà Hát Lớn,Hanoi Opera House,224,224,44ac334c0fa95e05fffe1b8114e25c4d,23434
nha_hat_lon_aug_00291.jpg,nha_hat_lon,4,Nhà Hát Lớn,Hanoi Opera House,224,224,880c4cc32359bcd8444f41d914faeedf,32701
nha_hat_lon_aug_00292.jpg,nha_hat_lon,4,Nhà Hát Lớn,Hanoi Opera House,224,224,89cf938d1600542b44a00bc068a1b099,21264
nha_hat_lon_aug_00293.jpg,nha_hat_lon,4,Nhà Hát Lớn,Hanoi Opera House,224,224,929fda075deb8522fd6b21e724f94020,25731
nha_hat_lon_aug_00294.jpg,nha_hat_lon,4,Nhà Hát Lớn,Hanoi Opera House,224,224,3060845c4b7d869c2978b0c511344f54,23155
nha_hat_lon_aug_00295.jpg,nha_hat_lon,4,Nhà Hát Lớn,Hanoi Opera House,224,224,e57e4076984c079e6b64c61f04eedc2c,25528
nha_hat_lon_aug_00296.jpg,nha_hat_lon,4,Nhà Hát Lớn,Hanoi Opera House,224,224,84acb3d0f19499aa7291209d079fe98b,18011
nha_hat_lon_aug_00297.jpg,nha_hat_lon,4,Nhà Hát Lớn,Hanoi Opera House,224,224,8225e29988746cec66c35b8c52906af6,20595
nha_hat_lon_aug_00298.jpg,nha_hat_lon,4,Nhà Hát Lớn,Hanoi Opera House,224,224,d544b55866fed2aa9d09c73ce3f868f0,17032
nha_hat_lon_aug_00299.jpg,nha_hat_lon,4,Nhà Hát Lớn,Hanoi Opera House,224,224,676940f991034020eb20d5d2ac144b96,21704
nha_hat_lon_aug_00300.jpg,nha_hat_lon,4,Nhà Hát Lớn,Hanoi Opera House,224,224,b01c16dc1bede7e63916dfd3ec32eaec,38480
nha_hat_lon_aug_00301.jpg,nha_hat_lon,4,Nhà Hát Lớn,Hanoi Opera House,224,224,2391565426fda25c91d91ef2da4a6d94,20156
nha_hat_lon_aug_00302.jpg,nha_hat_lon,4,Nhà Hát Lớn,Hanoi Opera House,224,224,cd0e0124eca7ed1fae37009968d08e82,25858
nha_hat_lon_aug_00303.jpg,nha_hat_lon,4,Nhà Hát Lớn,Hanoi Opera House,224,224,f13ce693b39ce3b8f0e3637a9fba4ca6,22610
nha_hat_lon_aug_00304.jpg,nha_hat_lon,4,Nhà Hát Lớn,Hanoi Opera House,224,224,b615309c09fb118e18d53feb97691a7b,23321
nha_hat_lon_aug_00305.jpg,nha_hat_lon,4,Nhà Hát Lớn,Hanoi Opera House,224,224,c449326df7b3059b69377b78fd9d074e,21440
nha_hat_lon_aug_00306.jpg,nha_hat_lon,4,Nhà Hát Lớn,Hanoi Opera House,224,224,56b693802700eb17d2a45a5e01f72268,20955
nha_hat_lon_aug_00307.jpg,nha_hat_lon,4,Nhà Hát Lớn,Hanoi Opera House,224,224,3f8bf35f996e509bbe8e63fe55f75800,27730
nha_hat_lon_aug_00308.jpg,nha_hat_lon,4,Nhà Hát Lớn,Hanoi Opera House,224,224,4f9fb68fa941843053a026c861267493,14963
nha_hat_lon_aug_00309.jpg,nha_hat_lon,4,Nhà Hát Lớn,Hanoi Opera House,224,224,e77abb6e60e3855589038f08dd382875,36771
nha_hat_lon_aug_00310.jpg,nha_hat_lon,4,Nhà Hát Lớn,Hanoi Opera House,224,224,2cb00e5ce7c9c15a5b1932996e80968a,36009
nha_hat_lon_aug_00311.jpg,nha_hat_lon,4,Nhà Hát Lớn,Hanoi Opera House,224,224,62fefd78a6657f55138d24568fbba252,24623
nha_hat_lon_aug_00312.jpg,nha_hat_lon,4,Nhà Hát Lớn,Hanoi Opera House,224,224,7b5181a79d8320614c9f60b4d760ada3,16313
nha_hat_lon_aug_00313.jpg,nha_hat_lon,4,Nhà Hát Lớn,Hanoi Opera House,224,224,514324c4fcd3afcc6062e661c9dc71a0,44116
nha_hat_lon_aug_00314.jpg,nha_hat_lon,4,Nhà Hát Lớn,Hanoi Opera House,224,224,c1b58ddf8eb6b179920c1c5d35b3cf31,19907
nha_hat_lon_aug_00315.jpg,nha_hat_lon,4,Nhà Hát Lớn,Hanoi Opera House,224,224,2d3db2d51085ef81d29cc1807040c3e9,26064
nha_hat_lon_aug_00316.jpg,nha_hat_lon,4,Nhà Hát Lớn,Hanoi Opera House,224,224,037e182ac924446a8453bc362bb5a39b,29968
nha_hat_lon_aug_00317.jpg,nha_hat_lon,4,Nhà Hát Lớn,Hanoi Opera House,224,224,aecb4ff8147331d6ae2cd3c0e0692677,31695
nha_hat_lon_aug_00318.jpg,nha_hat_lon,4,Nhà Hát Lớn,Hanoi Opera House,224,224,c09c1fccdd80f3e366b476bf6aa82e7a,34745
nha_hat_lon_aug_00319.jpg,nha_hat_lon,4,Nhà Hát Lớn,Hanoi Opera House,224,224,11261ec245e5eb3a1d255a6276549c15,17459
nha_hat_lon_aug_00320.jpg,nha_hat_lon,4,Nhà Hát Lớn,Hanoi Opera House,224,224,4a3b9ceb34587961006a92ee7871dd4b,38459
nha_hat_lon_aug_00321.jpg,nha_hat_lon,4,Nhà Hát Lớn,Hanoi Opera House,224,224,861949b9e6091544d758b50f4eee9c99,21723
nha_hat_lon_aug_00322.jpg,nha_hat_lon,4,Nhà Hát Lớn,Hanoi Opera House,224,224,1de57d2a0a0270abb50a2dc5800b1937,37363
nha_hat_lon_aug_00323.jpg,nha_hat_lon,4,Nhà Hát Lớn,Hanoi Opera House,224,224,5733850a1919d9a2cdaa55336e844c9e,25740
nha_hat_lon_aug_00324.jpg,nha_hat_lon,4,Nhà Hát Lớn,Hanoi Opera House,224,224,0e1d91e92ea344b76e25f3a35ced7969,18206
nha_hat_lon_aug_00325.jpg,nha_hat_lon,4,Nhà Hát Lớn,Hanoi Opera House,224,224,662665bed5ae4297de35662bec156f25,21624
nha_hat_lon_aug_00326.jpg,nha_hat_lon,4,Nhà Hát Lớn,Hanoi Opera House,224,224,ded5cdaf3398971555adb2433d355e67,19069
nha_hat_lon_aug_00327.jpg,nha_hat_lon,4,Nhà Hát Lớn,Hanoi Opera House,224,224,d8b723bcc8cec48e93a2554ce6f3d64b,19845
nha_hat_lon_aug_00328.jpg,nha_hat_lon,4,Nhà Hát Lớn,Hanoi Opera House,224,224,667934c6ab3644ca82950fa905be6ba2,20556
nha_hat_lon_aug_00329.jpg,nha_hat_lon,4,Nhà Hát Lớn,Hanoi Opera House,224,224,045809b907f32f9217f905924887269f,14666
nha_hat_lon_aug_00330.jpg,nha_hat_lon,4,Nhà Hát Lớn,Hanoi Opera House,224,224,eef523f76eee99fb90dd1bed146be0e9,24643
nha_hat_lon_aug_00331.jpg,nha_hat_lon,4,Nhà Hát Lớn,Hanoi Opera House,224,224,152f0fb709211a99fa8246c75453a492,20129
nha_hat_lon_aug_00332.jpg,nha_hat_lon,4,Nhà Hát Lớn,Hanoi Opera House,224,224,a25baf91c715e138f4b5dbff931195ff,44451
nha_hat_lon_aug_00333.jpg,nha_hat_lon,4,Nhà Hát Lớn,Hanoi Opera House,224,224,fd88fe0118c6ef0ff76d3a406d8108d8,36213
nha_hat_lon_aug_00334.jpg,nha_hat_lon,4,Nhà Hát Lớn,Hanoi Opera House,224,224,08562dad72a84e368ea64a7ddce8ca89,24437
nha_hat_lon_aug_00335.jpg,nha_hat_lon,4,Nhà Hát Lớn,Hanoi Opera House,224,224,c49dce2ef8b4fc99ea320e88db1b97fe,19596
nha_hat_lon_aug_00336.jpg,nha_hat_lon,4,Nhà Hát Lớn,Hanoi Opera House,224,224,0fc7204cb3c50cc1a3c0ac2f1771e32c,18439
nha_hat_lon_aug_00337.jpg,nha_hat_lon,4,Nhà Hát Lớn,Hanoi Opera House,224,224,9fa8a33d1e211885757f9fa31d9d8951,28888
nha_hat_lon_aug_00338.jpg,nha_hat_lon,4,Nhà Hát Lớn,Hanoi Opera House,224,224,3c9b98dac50f6e8274d7eb0f9122b6ea,31576
nha_hat_lon_aug_00339.jpg,nha_hat_lon,4,Nhà Hát Lớn,Hanoi Opera House,224,224,638183803a120f0851c7f1848818ef08,12670
nha_hat_lon_aug_00340.jpg,nha_hat_lon,4,Nhà Hát Lớn,Hanoi Opera House,224,224,93bf7752c812753332ff6c5982870240,17981
nha_hat_lon_aug_00341.jpg,nha_hat_lon,4,Nhà Hát Lớn,Hanoi Opera House,224,224,4fe9a7f251a20c165aaa8eb2b611c4a4,22740
nha_hat_lon_aug_00342.jpg,nha_hat_lon,4,Nhà Hát Lớn,Hanoi Opera House,224,224,9e976e5d35f2eeed4bf2cefe9b413e2f,24997
nha_hat_lon_aug_00343.jpg,nha_hat_lon,4,Nhà Hát Lớn,Hanoi Opera House,224,224,637a5f4d71dce2a300de72c3fe1301f3,16354
nha_hat_lon_aug_00344.jpg,nha_hat_lon,4,Nhà Hát Lớn,Hanoi Opera House,224,224,50b798718deb4bc2b6bd418bb8267a95,15764
nha_hat_lon_aug_00345.jpg,nha_hat_lon,4,Nhà Hát Lớn,Hanoi Opera House,224,224,a29b5157d633249b00653a4444da2169,27530
nha_hat_lon_aug_00346.jpg,nha_hat_lon,4,Nhà Hát Lớn,Hanoi Opera House,224,224,9447210497365532d5d0c7497fbc3606,37859
nha_hat_lon_aug_00347.jpg,nha_hat_lon,4,Nhà Hát Lớn,Hanoi Opera House,224,224,063c17c38a681ebdbcb20f0455de45ff,41489
nha_hat_lon_aug_00348.jpg,nha_hat_lon,4,Nhà Hát Lớn,Hanoi Opera House,224,224,565c9f38506384b1906f0dfaf4fcc707,21966
nha_hat_lon_aug_00349.jpg,nha_hat_lon,4,Nhà Hát Lớn,Hanoi Opera House,224,224,eb9aa85331edc29ea8478f84db550d30,14376
nha_hat_lon_aug_00350.jpg,nha_hat_lon,4,Nhà Hát Lớn,Hanoi Opera House,224,224,24cc0276fd150a4d4f82d4de5e18aa39,30693
nha_hat_lon_aug_00351.jpg,nha_hat_lon,4,Nhà Hát Lớn,Hanoi Opera House,224,224,195f3137dd7eb3bbad6ebc869e6adfe0,14877
nha_hat_lon_aug_00352.jpg,nha_hat_lon,4,Nhà Hát Lớn,Hanoi Opera House,224,224,327feffc9d16370c6caecdded36d3214,17730
nha_hat_lon_aug_00353.jpg,nha_hat_lon,4,Nhà Hát Lớn,Hanoi Opera House,224,224,bab9717348a2c1f774eb2e9f0859e8fa,43305
nha_hat_lon_aug_00354.jpg,nha_hat_lon,4,Nhà Hát Lớn,Hanoi Opera House,224,224,8f2e3bca332a1b2bad29e29667666ff1,22664
nha_hat_lon_aug_00355.jpg,nha_hat_lon,4,Nhà Hát Lớn,Hanoi Opera House,224,224,aef7775f2364fe6ce9b20095b4160e01,22883
nha_hat_lon_aug_00356.jpg,nha_hat_lon,4,Nhà Hát Lớn,Hanoi Opera House,224,224,6ede1b2a3cd4c62e5d5a261ca82ff87b,27751
nha_hat_lon_aug_00357.jpg,nha_hat_lon,4,Nhà Hát Lớn,Hanoi Opera House,224,224,ebb448036e615575ecb323e634a67ec9,37816
nha_hat_lon_aug_00358.jpg,nha_hat_lon,4,Nhà Hát Lớn,Hanoi Opera House,224,224,5bb0890b80eb21ab7f9d94c6a67ecc3d,28162
nha_hat_lon_aug_00359.jpg,nha_hat_lon,4,Nhà Hát Lớn,Hanoi Opera House,224,224,7c3fefccbf62a7007de16af553175390,26201
nha_hat_lon_aug_00360.jpg,nha_hat_lon,4,Nhà Hát Lớn,Hanoi Opera House,224,224,12fc557c4e28f88991929c35b91c43bf,27553
nha_hat_lon_aug_00361.jpg,nha_hat_lon,4,Nhà Hát Lớn,Hanoi Opera House,224,224,2008b0289870a33965797e2c8f82a21a,16788
nha_hat_lon_aug_00362.jpg,nha_hat_lon,4,Nhà Hát Lớn,Hanoi Opera House,224,224,99132625e52d4dd2059c492f873175e3,28221
nha_hat_lon_aug_00363.jpg,nha_hat_lon,4,Nhà Hát Lớn,Hanoi Opera House,224,224,2f3968a95fedcdb5b88f708674760faf,19314
nha_hat_lon_aug_00364.jpg,nha_hat_lon,4,Nhà Hát Lớn,Hanoi Opera House,224,224,b18cff79150663ce6a80094a6cd51c59,32775
nha_hat_lon_aug_00365.jpg,nha_hat_lon,4,Nhà Hát Lớn,Hanoi Opera House,224,224,45d066b90d018a2baae389f1ef35c47a,18471
nha_hat_lon_aug_00366.jpg,nha_hat_lon,4,Nhà Hát Lớn,Hanoi Opera House,224,224,9d6f7550f3f39a3e06f4b857ce2ff1df,29080
nha_hat_lon_aug_00367.jpg,nha_hat_lon,4,Nhà Hát Lớn,Hanoi Opera House,224,224,ab762c320e79e7ee2276263a4e0bff63,25882
nha_hat_lon_aug_00368.jpg,nha_hat_lon,4,Nhà Hát Lớn,Hanoi Opera House,224,224,de5a412bac022af7a845e8700cb1ac8a,22984
nha_hat_lon_aug_00369.jpg,nha_hat_lon,4,Nhà Hát Lớn,Hanoi Opera House,224,224,9eea65f23e7446fdf4be76005c3bec34,22811
nha_hat_lon_aug_00370.jpg,nha_hat_lon,4,Nhà Hát Lớn,Hanoi Opera House,224,224,d5ce469b2c85d2bb2b6420d89444c1d0,29222
nha_hat_lon_aug_00371.jpg,nha_hat_lon,4,Nhà Hát Lớn,Hanoi Opera House,224,224,1a30b7ea698a9eae8160c04c95fe3dc7,42830
nha_hat_lon_aug_00372.jpg,nha_hat_lon,4,Nhà Hát Lớn,Hanoi Opera House,224,224,0822661cf051b2a8212fbe090cefc570,34115
nha_hat_lon_aug_00373.jpg,nha_hat_lon,4,Nhà Hát Lớn,Hanoi Opera House,224,224,4d9da05220d4ae0799f397eba680ea3c,24281
nha_hat_lon_aug_00374.jpg,nha_hat_lon,4,Nhà Hát Lớn,Hanoi Opera House,224,224,45af2cce7b2f60b7f660bdfa4a682451,23046
nha_hat_lon_aug_00375.jpg,nha_hat_lon,4,Nhà Hát Lớn,Hanoi Opera House,224,224,dd9c83efca0f24d6b81cb506a910d7e5,21165
nha_hat_lon_aug_00376.jpg,nha_hat_lon,4,Nhà Hát Lớn,Hanoi Opera House,224,224,3d4dce7b913201d40d74e1a7b11f082a,22086
nha_hat_lon_aug_00377.jpg,nha_hat_lon,4,Nhà Hát Lớn,Hanoi Opera House,224,224,f4218cb22d4db7cc9d0b9476bcdae71d,23859
nha_hat_lon_aug_00378.jpg,nha_hat_lon,4,Nhà Hát Lớn,Hanoi Opera House,224,224,ddc26defaff998dbcf7d91abc500df75,31444
nha_hat_lon_aug_00379.jpg,nha_hat_lon,4,Nhà Hát Lớn,Hanoi Opera House,224,224,67aa650dcf5e1b285c84cb8a694d7a46,17738
nha_hat_lon_aug_00380.jpg,nha_hat_lon,4,Nhà Hát Lớn,Hanoi Opera House,224,224,e10087be8aa0e46f559e980c977cf211,41579
nha_hat_lon_aug_00381.jpg,nha_hat_lon,4,Nhà Hát Lớn,Hanoi Opera House,224,224,ce1f4ed7f363d19b3401f5be7b84f9cb,40752
nha_hat_lon_aug_00382.jpg,nha_hat_lon,4,Nhà Hát Lớn,Hanoi Opera House,224,224,b82dd7931d919be37d5853a264dd8f06,23677
nha_hat_lon_aug_00383.jpg,nha_hat_lon,4,Nhà Hát Lớn,Hanoi Opera House,224,224,c275f3817ee1ce29b8da11dbe8d5c6f2,18804
nha_hat_lon_aug_00384.jpg,nha_hat_lon,4,Nhà Hát Lớn,Hanoi Opera House,224,224,519ef2ff2c3814f1a15bfad8ddacb2d7,31892
nha_hat_lon_aug_00385.jpg,nha_hat_lon,4,Nhà Hát Lớn,Hanoi Opera House,224,224,a3b582f019736c6cc7f89a7ad05854b7,30064
nha_hat_lon_aug_00386.jpg,nha_hat_lon,4,Nhà Hát Lớn,Hanoi Opera House,224,224,ba4f21a318f127cbdec506890eb8b234,16056
nha_hat_lon_aug_00387.jpg,nha_hat_lon,4,Nhà Hát Lớn,Hanoi Opera House,224,224,fece22193a8db22d45e6338e23319b2c,17968
nha_hat_lon_aug_00388.jpg,nha_hat_lon,4,Nhà Hát Lớn,Hanoi Opera House,224,224,1f072924001867836a9102b902bf90d2,44035
nha_hat_lon_aug_00389.jpg,nha_hat_lon,4,Nhà Hát Lớn,Hanoi Opera House,224,224,b728adf7190f4f1f971244600ad6f58f,25538
nha_hat_lon_aug_00390.jpg,nha_hat_lon,4,Nhà Hát Lớn,Hanoi Opera House,224,224,6ef6d5051fb515970fce597d409432cb,25242
nha_hat_lon_aug_00391.jpg,nha_hat_lon,4,Nhà Hát Lớn,Hanoi Opera House,224,224,be0775477975965a531fe8ce6d811da6,36207
nha_hat_lon_aug_00392.jpg,nha_hat_lon,4,Nhà Hát Lớn,Hanoi Opera House,224,224,3ee6b16235475d0736ca066735f82c0b,20694
nha_hat_lon_aug_00393.jpg,nha_hat_lon,4,Nhà Hát Lớn,Hanoi Opera House,224,224,f6e1739a8aeff251d9dc09f3a29358eb,15202
nha_hat_lon_aug_00394.jpg,nha_hat_lon,4,Nhà Hát Lớn,Hanoi Opera House,224,224,6fd4718fd988435a624928bb17881479,24530
nha_hat_lon_aug_00395.jpg,nha_hat_lon,4,Nhà Hát Lớn,Hanoi Opera House,224,224,72a964a74edc5ddcceae8171e503de58,28593
nha_hat_lon_aug_00396.jpg,nha_hat_lon,4,Nhà Hát Lớn,Hanoi Opera House,224,224,45491c0e0e12e78fb8f8cd84dcb012a7,16651
nha_hat_lon_aug_00397.jpg,nha_hat_lon,4,Nhà Hát Lớn,Hanoi Opera House,224,224,bdbe44ef0bde0fda20d5a432b58e34de,17944
nha_hat_lon_aug_00398.jpg,nha_hat_lon,4,Nhà Hát Lớn,Hanoi Opera House,224,224,41598c8754d2dca826f655265035c8d4,19194
nha_hat_lon_aug_00399.jpg,nha_hat_lon,4,Nhà Hát Lớn,Hanoi Opera House,224,224,ccd07f367a88dd6d0f2cc5fe87047db2,15542
nha_hat_lon_aug_00400.jpg,nha_hat_lon,4,Nhà Hát Lớn,Hanoi Opera House,224,224,70318c66e22a9dcc454d7aebdcf3f8b8,17173
nha_hat_lon_aug_00401.jpg,nha_hat_lon,4,Nhà Hát Lớn,Hanoi Opera House,224,224,c585676cda5ce61a4bacb175e43c74ea,28429
nha_hat_lon_aug_00402.jpg,nha_hat_lon,4,Nhà Hát Lớn,Hanoi Opera House,224,224,322f716192d059093176c52d563ba226,19251
nha_hat_lon_aug_00403.jpg,nha_hat_lon,4,Nhà Hát Lớn,Hanoi Opera House,224,224,427b60ceb57a0238f7180f24e6b35e12,33841
nha_hat_lon_aug_00404.jpg,nha_hat_lon,4,Nhà Hát Lớn,Hanoi Opera House,224,224,04df194d2a1405183af9224ded7dbca6,19802
nha_hat_lon_aug_00405.jpg,nha_hat_lon,4,Nhà Hát Lớn,Hanoi Opera House,224,224,f7b96337e47b4f678ffa574232d7763c,22679
nha_hat_lon_aug_00406.jpg,nha_hat_lon,4,Nhà Hát Lớn,Hanoi Opera House,224,224,0bcf43015feab31db29ba20f40301282,22236
nha_hat_lon_aug_00407.jpg,nha_hat_lon,4,Nhà Hát Lớn,Hanoi Opera House,224,224,666a06665f64399c8843c416a05c636c,19267
nha_hat_lon_aug_00408.jpg,nha_hat_lon,4,Nhà Hát Lớn,Hanoi Opera House,224,224,4177de62edddf7e6dc664e4c39fc42b9,35259
nha_hat_lon_aug_00409.jpg,nha_hat_lon,4,Nhà Hát Lớn,Hanoi Opera House,224,224,c43f826fad56f4885970157a405b6843,27798
nha_hat_lon_aug_00410.jpg,nha_hat_lon,4,Nhà Hát Lớn,Hanoi Opera House,224,224,fc66fb7c3dca011275fc8c7dbfa89b96,27778
nha_hat_lon_aug_00411.jpg,nha_hat_lon,4,Nhà Hát Lớn,Hanoi Opera House,224,224,34a8fe3219b1a959b81ad59d4ae6efb8,16642
nha_hat_lon_aug_00412.jpg,nha_hat_lon,4,Nhà Hát Lớn,Hanoi Opera House,224,224,d218a3273ec5f21f39ab17221e5b1eee,40939
nha_hat_lon_aug_00413.jpg,nha_hat_lon,4,Nhà Hát Lớn,Hanoi Opera House,224,224,c2a6089cc6569333825d91eb2394a82a,24364
nha_hat_lon_aug_00414.jpg,nha_hat_lon,4,Nhà Hát Lớn,Hanoi Opera House,224,224,bf32c2d56cb4311ed1b326aff4315643,36682
nha_hat_lon_aug_00415.jpg,nha_hat_lon,4,Nhà Hát Lớn,Hanoi Opera House,224,224,1ca7aba36fb475bfd9f7709d5be62ed5,23001
nha_hat_lon_aug_00416.jpg,nha_hat_lon,4,Nhà Hát Lớn,Hanoi Opera House,224,224,83872188f29347516a66a1d3baaad463,18827
nha_hat_lon_aug_00417.jpg,nha_hat_lon,4,Nhà Hát Lớn,Hanoi Opera House,224,224,59947c059d1b3a42a3bd56200a5ccbf3,28608
nha_hat_lon_aug_00418.jpg,nha_hat_lon,4,Nhà Hát Lớn,Hanoi Opera House,224,224,86c883eb935f3da24c59d3ef48c3116c,18722
nha_hat_lon_aug_00419.jpg,nha_hat_lon,4,Nhà Hát Lớn,Hanoi Opera House,224,224,cb1cbc98861df32c48ef6b8c13fb9b56,19224
nha_hat_lon_aug_00420.jpg,nha_hat_lon,4,Nhà Hát Lớn,Hanoi Opera House,224,224,196671b19cf44a653692f97a40150a29,22216
nha_hat_lon_aug_00421.jpg,nha_hat_lon,4,Nhà Hát Lớn,Hanoi Opera House,224,224,bfdae96dbdc4b2b24cbf9e1b1ba66cc8,27818
nha_hat_lon_aug_00422.jpg,nha_hat_lon,4,Nhà Hát Lớn,Hanoi Opera House,224,224,81c2c99afe739ba8c5fd9d250982201a,22315
nha_hat_lon_aug_00423.jpg,nha_hat_lon,4,Nhà Hát Lớn,Hanoi Opera House,224,224,323cfef0e9ccc3f95eb01034bcfeb952,32060
nha_hat_lon_aug_00424.jpg,nha_hat_lon,4,Nhà Hát Lớn,Hanoi Opera House,224,224,5e14a43b811daa0e9fd2d02ceab51afa,26193
nha_hat_lon_aug_00425.jpg,nha_hat_lon,4,Nhà Hát Lớn,Hanoi Opera House,224,224,237c500de7c4ab3a25dafc880180c495,25197
nha_hat_lon_aug_00426.jpg,nha_hat_lon,4,Nhà Hát Lớn,Hanoi Opera House,224,224,d1f38e31989e9a40667cc97383a84abe,16018
nha_hat_lon_aug_00427.jpg,nha_hat_lon,4,Nhà Hát Lớn,Hanoi Opera House,224,224,805d7c2ba1cdcf2fbc4b6812bbffe527,22816
nha_hat_lon_aug_00428.jpg,nha_hat_lon,4,Nhà Hát Lớn,Hanoi Opera House,224,224,0f526d503d9a220882b5c03c45d3bddb,27615
nha_hat_lon_aug_00429.jpg,nha_hat_lon,4,Nhà Hát Lớn,Hanoi Opera House,224,224,6f5ab1b8d75a08cf34c6a78b4f347e8f,32252
nha_hat_lon_aug_00430.jpg,nha_hat_lon,4,Nhà Hát Lớn,Hanoi Opera House,224,224,11dd8985b7eb61a4ec2116b74ce02868,21870
nha_hat_lon_aug_00431.jpg,nha_hat_lon,4,Nhà Hát Lớn,Hanoi Opera House,224,224,a4f65b7af1dcde031bd5a00d42a0ce2b,20437
nha_hat_lon_aug_00432.jpg,nha_hat_lon,4,Nhà Hát Lớn,Hanoi Opera House,224,224,1928f25e2e2d7b0ebbdd541398cbf07c,40936
nha_hat_lon_aug_00433.jpg,nha_hat_lon,4,Nhà Hát Lớn,Hanoi Opera House,224,224,eb164c041595a9ab5b61d87a28a2b7b4,46427
nha_hat_lon_aug_00434.jpg,nha_hat_lon,4,Nhà Hát Lớn,Hanoi Opera House,224,224,d61b635685d228cd60e49a1f4da608bd,16096
nha_hat_lon_aug_00435.jpg,nha_hat_lon,4,Nhà Hát Lớn,Hanoi Opera House,224,224,821cf79e2b211b763d2817897abfa289,24916
nha_hat_lon_aug_00436.jpg,nha_hat_lon,4,Nhà Hát Lớn,Hanoi Opera House,224,224,90b9e89a561800c492b0f173a63712b9,13452
nha_hat_lon_aug_00437.jpg,nha_hat_lon,4,Nhà Hát Lớn,Hanoi Opera House,224,224,2e5a4234185e1e495cdd8fc51598de4d,25264
nha_hat_lon_aug_00438.jpg,nha_hat_lon,4,Nhà Hát Lớn,Hanoi Opera House,224,224,4d3fb06ed15b4d09fcdcfe3027ec57d3,29581
nha_hat_lon_aug_00439.jpg,nha_hat_lon,4,Nhà Hát Lớn,Hanoi Opera House,224,224,af11b40f22796a03bee9a458cc7c6a01,20875
nha_hat_lon_aug_00440.jpg,nha_hat_lon,4,Nhà Hát Lớn,Hanoi Opera House,224,224,f0849c7b6c681f187543b732b51262ba,30750
nha_hat_lon_aug_00441.jpg,nha_hat_lon,4,Nhà Hát Lớn,Hanoi Opera House,224,224,7a6934fbe27a210737d29e6ee801d131,23720
nha_hat_lon_aug_00442.jpg,nha_hat_lon,4,Nhà Hát Lớn,Hanoi Opera House,224,224,b9abf78e267a0dcf80d7d5696792adaa,23672
nha_hat_lon_aug_00443.jpg,nha_hat_lon,4,Nhà Hát Lớn,Hanoi Opera House,224,224,416b8c06409fd5dc8a83863da77ec760,25601
nha_hat_lon_aug_00444.jpg,nha_hat_lon,4,Nhà Hát Lớn,Hanoi Opera House,224,224,6fb81448b2bd5ed6ac8bfb68da4b5046,28709
nha_hat_lon_aug_00445.jpg,nha_hat_lon,4,Nhà Hát Lớn,Hanoi Opera House,224,224,e8ef22ab72239573d3a221608c381715,26366
nha_hat_lon_aug_00446.jpg,nha_hat_lon,4,Nhà Hát Lớn,Hanoi Opera House,224,224,74c36b10954c414de683b9541c49cdfc,21621
nha_hat_lon_aug_00447.jpg,nha_hat_lon,4,Nhà Hát Lớn,Hanoi Opera House,224,224,65c02553917b11040bc87647045209a9,25994
nha_hat_lon_aug_00448.jpg,nha_hat_lon,4,Nhà Hát Lớn,Hanoi Opera House,224,224,50324511bf350d9cabf9e29f889fc580,12010
nha_hat_lon_aug_00449.jpg,nha_hat_lon,4,Nhà Hát Lớn,Hanoi Opera House,224,224,8c172e8dfc169257d0b6ef82727b88d2,19501
nha_hat_lon_aug_00450.jpg,nha_hat_lon,4,Nhà Hát Lớn,Hanoi Opera House,224,224,43bf0eafa19e4f3b1b3b311aa45a2d58,34334
nha_hat_lon_aug_00451.jpg,nha_hat_lon,4,Nhà Hát Lớn,Hanoi Opera House,224,224,9ae7b8bacc8ef63993c2630d1f197d5d,36104
nha_hat_lon_aug_00452.jpg,nha_hat_lon,4,Nhà Hát Lớn,Hanoi Opera House,224,224,494a4834e05218baa5abab497aa30735,21085
nha_hat_lon_aug_00453.jpg,nha_hat_lon,4,Nhà Hát Lớn,Hanoi Opera House,224,224,90000eb2c4c80402fab50cc6fe143f9e,17720
nha_hat_lon_aug_00454.jpg,nha_hat_lon,4,Nhà Hát Lớn,Hanoi Opera House,224,224,cb69e9ec55f3133f65357063e80c27ea,42585
nha_hat_lon_aug_00455.jpg,nha_hat_lon,4,Nhà Hát Lớn,Hanoi Opera House,224,224,9ead74917d4abf4bcbc23b2c9d904044,26769
nha_hat_lon_aug_00456.jpg,nha_hat_lon,4,Nhà Hát Lớn,Hanoi Opera House,224,224,b21b97516a0b3498f427669bfb71d0c2,29756
nha_hat_lon_aug_00457.jpg,nha_hat_lon,4,Nhà Hát Lớn,Hanoi Opera House,224,224,98b92bdd06afa46e6fe564d907a6242a,35189
nha_hat_lon_aug_00458.jpg,nha_hat_lon,4,Nhà Hát Lớn,Hanoi Opera House,224,224,87e8617b1bea3311da6c7a07a4d4cc28,23562
nha_hat_lon_aug_00459.jpg,nha_hat_lon,4,Nhà Hát Lớn,Hanoi Opera House,224,224,d60a026ecb0b992208271c042e134e3a,22865
nha_hat_lon_aug_00460.jpg,nha_hat_lon,4,Nhà Hát Lớn,Hanoi Opera House,224,224,cb9b31b4ca2a71f58bcac66d68e3b6bd,34484
nha_hat_lon_aug_00461.jpg,nha_hat_lon,4,Nhà Hát Lớn,Hanoi Opera House,224,224,989704b5eb8f1855c1da2513f889b175,33914
nha_hat_lon_aug_00462.jpg,nha_hat_lon,4,Nhà Hát Lớn,Hanoi Opera House,224,224,c120bde0cb6f69fcd3810c008d89aa96,16345
nha_hat_lon_aug_00463.jpg,nha_hat_lon,4,Nhà Hát Lớn,Hanoi Opera House,224,224,b27c438a3d770bc7fa47b6fb1a51063c,22269
nha_hat_lon_aug_00464.jpg,nha_hat_lon,4,Nhà Hát Lớn,Hanoi Opera House,224,224,0c07001a049374cb458e7ae5f15da477,17426
nha_hat_lon_aug_00465.jpg,nha_hat_lon,4,Nhà Hát Lớn,Hanoi Opera House,224,224,73695ec5e48fe9c87becccc674f05502,23187
nha_hat_lon_aug_00466.jpg,nha_hat_lon,4,Nhà Hát Lớn,Hanoi Opera House,224,224,ef456ca3daa18ed83d1a8ac2c8febc4f,36012
nha_hat_lon_aug_00467.jpg,nha_hat_lon,4,Nhà Hát Lớn,Hanoi Opera House,224,224,48caa7a02e9288e86e5ea6bb5efd8236,19919
nha_hat_lon_aug_00468.jpg,nha_hat_lon,4,Nhà Hát Lớn,Hanoi Opera House,224,224,ba73256d62f3ad1219c62e5ae94ad8d0,22678
nha_hat_lon_aug_00469.jpg,nha_hat_lon,4,Nhà Hát Lớn,Hanoi Opera House,224,224,2e4d3626cdf47f5a4bf47c1af325b5a5,19146
nha_hat_lon_aug_00470.jpg,nha_hat_lon,4,Nhà Hát Lớn,Hanoi Opera House,224,224,4984a04a284b76b7fdedce77054a6fc9,36066
nha_hat_lon_aug_00471.jpg,nha_hat_lon,4,Nhà Hát Lớn,Hanoi Opera House,224,224,9679eab729fb4622c8e9443fedafba8b,35357
nha_hat_lon_aug_00472.jpg,nha_hat_lon,4,Nhà Hát Lớn,Hanoi Opera House,224,224,c4acfd53a2e9451479e45bccbbc17812,25212
nha_hat_lon_aug_00473.jpg,nha_hat_lon,4,Nhà Hát Lớn,Hanoi Opera House,224,224,81ad7cb3e40a4387e22e6e962ef218b4,19369
nha_hat_lon_aug_00474.jpg,nha_hat_lon,4,Nhà Hát Lớn,Hanoi Opera House,224,224,e5450ff7e9f2f7e2139be55a76c5c46a,19251
nha_hat_lon_aug_00475.jpg,nha_hat_lon,4,Nhà Hát Lớn,Hanoi Opera House,224,224,079fb3931d4930cab78e85b2cacc4bd0,31662
nha_hat_lon_aug_00476.jpg,nha_hat_lon,4,Nhà Hát Lớn,Hanoi Opera House,224,224,109b4dee4b494652758b548d46d31470,18339
nha_hat_lon_aug_00477.jpg,nha_hat_lon,4,Nhà Hát Lớn,Hanoi Opera House,224,224,c8deeab279d755548404f59726bd05b7,33775
nha_hat_lon_aug_00478.jpg,nha_hat_lon,4,Nhà Hát Lớn,Hanoi Opera House,224,224,2bd8576e6b521b9b80bcb105a2bab203,18493
nha_hat_lon_aug_00479.jpg,nha_hat_lon,4,Nhà Hát Lớn,Hanoi Opera House,224,224,4b10774241594f62e4c61257fb93dc51,33062
nha_hat_lon_aug_00480.jpg,nha_hat_lon,4,Nhà Hát Lớn,Hanoi Opera House,224,224,f050548311b2167431afd5cb68bb9ea6,26625
nha_hat_lon_aug_00481.jpg,nha_hat_lon,4,Nhà Hát Lớn,Hanoi Opera House,224,224,b356151e50426f2c7adef75586ca46fa,31731
nha_hat_lon_aug_00482.jpg,nha_hat_lon,4,Nhà Hát Lớn,Hanoi Opera House,224,224,ce6c02c7de3a3d71e64a12cd1da79ffd,38396
nha_hat_lon_aug_00483.jpg,nha_hat_lon,4,Nhà Hát Lớn,Hanoi Opera House,224,224,b06fb9bd685b7801158141bef922d3da,24273
nha_hat_lon_aug_00484.jpg,nha_hat_lon,4,Nhà Hát Lớn,Hanoi Opera House,224,224,96c8897d0bf1fcc7485106ba4bc2e139,20199
nha_hat_lon_aug_00485.jpg,nha_hat_lon,4,Nhà Hát Lớn,Hanoi Opera House,224,224,b0c3b9b049c3c8e6affe7b85d16a089f,31287
nha_hat_lon_aug_00486.jpg,nha_hat_lon,4,Nhà Hát Lớn,Hanoi Opera House,224,224,95003b6cd56e6d5ac426e395f27588f4,29780
nha_hat_lon_aug_00487.jpg,nha_hat_lon,4,Nhà Hát Lớn,Hanoi Opera House,224,224,72b1eb7c48aef2181632bfe70e38152a,23649
nha_hat_lon_aug_00488.jpg,nha_hat_lon,4,Nhà Hát Lớn,Hanoi Opera House,224,224,157edc0e96ec33e68cdeb71708aa429c,25020
nha_hat_lon_aug_00489.jpg,nha_hat_lon,4,Nhà Hát Lớn,Hanoi Opera House,224,224,6430f6aaafb9b2ed798ef26fe233c52b,29582
nha_hat_lon_aug_00490.jpg,nha_hat_lon,4,Nhà Hát Lớn,Hanoi Opera House,224,224,0fb47ae7d6b3765bda22ff5f488fda0b,26182
nha_hat_lon_aug_00491.jpg,nha_hat_lon,4,Nhà Hát Lớn,Hanoi Opera House,224,224,5c9ce2d8d8440b2fb93251ebb9ee4d03,20398
nha_hat_lon_aug_00492.jpg,nha_hat_lon,4,Nhà Hát Lớn,Hanoi Opera House,224,224,450d887b343da6144d77627b9061025f,15757
nha_hat_lon_aug_00493.jpg,nha_hat_lon,4,Nhà Hát Lớn,Hanoi Opera House,224,224,6f6bc1b0b494f7120056624b64f8cbfb,18079
nha_hat_lon_aug_00494.jpg,nha_hat_lon,4,Nhà Hát Lớn,Hanoi Opera House,224,224,bfdaace6a7944ae10d1fbc192a6920db,17046
nha_hat_lon_aug_00495.jpg,nha_hat_lon,4,Nhà Hát Lớn,Hanoi Opera House,224,224,b7eff5c18ec4d32a93629ea526887e66,15690
nha_hat_lon_aug_00496.jpg,nha_hat_lon,4,Nhà Hát Lớn,Hanoi Opera House,224,224,bbc4c8cdff7b682d60984313108a52e3,35629
nha_hat_lon_aug_00497.jpg,nha_hat_lon,4,Nhà Hát Lớn,Hanoi Opera House,224,224,2f1ba6b92fed4bcd56fde0aec6b2aa0c,32472
nha_hat_lon_aug_00498.jpg,nha_hat_lon,4,Nhà Hát Lớn,Hanoi Opera House,224,224,5db5a27cac8ed5f3f967cfca7c8bee66,40123
nha_hat_lon_aug_00499.jpg,nha_hat_lon,4,Nhà Hát Lớn,Hanoi Opera House,224,224,c271300f81377105b3fec5b85fae1785,39910
nha_hat_lon_aug_00500.jpg,nha_hat_lon,4,Nhà Hát Lớn,Hanoi Opera House,224,224,fa3a0743472d33e8bb2d18db327e9f0b,17987
nha_hat_lon_aug_00501.jpg,nha_hat_lon,4,Nhà Hát Lớn,Hanoi Opera House,224,224,a0da75b3cf375105c86ac5dae5af10c1,34187
nha_hat_lon_aug_00502.jpg,nha_hat_lon,4,Nhà Hát Lớn,Hanoi Opera House,224,224,2a35ab3158c1f1312e8a38785e6fd0d6,23582
nha_hat_lon_aug_00503.jpg,nha_hat_lon,4,Nhà Hát Lớn,Hanoi Opera House,224,224,31714adea539efb997b261cc5a532dbf,19823
nha_hat_lon_aug_00504.jpg,nha_hat_lon,4,Nhà Hát Lớn,Hanoi Opera House,224,224,bed6904f668694489f6d451b98319754,27663
nha_hat_lon_aug_00505.jpg,nha_hat_lon,4,Nhà Hát Lớn,Hanoi Opera House,224,224,81b1febb42fbf4f5acb4e0217ed94059,38407
nha_hat_lon_aug_00506.jpg,nha_hat_lon,4,Nhà Hát Lớn,Hanoi Opera House,224,224,7157e3e68cd7e212b01d0f6561fc2125,27776
nha_hat_lon_aug_00507.jpg,nha_hat_lon,4,Nhà Hát Lớn,Hanoi Opera House,224,224,cf30e411c38ce462bd3e84fe0884cdd8,27465
nha_hat_lon_aug_00508.jpg,nha_hat_lon,4,Nhà Hát Lớn,Hanoi Opera House,224,224,6c80987ced1434fcb4cc49ad02f0f94c,20791
nha_hat_lon_aug_00509.jpg,nha_hat_lon,4,Nhà Hát Lớn,Hanoi Opera House,224,224,de3a361143c00858649a2887e2527a13,33684
nha_hat_lon_aug_00510.jpg,nha_hat_lon,4,Nhà Hát Lớn,Hanoi Opera House,224,224,f8ec61f39b99a31f1fbc26bc7e28529b,19585
nha_hat_lon_aug_00511.jpg,nha_hat_lon,4,Nhà Hát Lớn,Hanoi Opera House,224,224,ba76ae653dde330dd39dcda08f46b4b7,34523
nha_hat_lon_aug_00512.jpg,nha_hat_lon,4,Nhà Hát Lớn,Hanoi Opera House,224,224,cc94c770963240f8e51c90f7e566f367,14411
nha_hat_lon_aug_00513.jpg,nha_hat_lon,4,Nhà Hát Lớn,Hanoi Opera House,224,224,bb1257254f308a22019ace8fbb131e13,21365
nha_hat_lon_aug_00514.jpg,nha_hat_lon,4,Nhà Hát Lớn,Hanoi Opera House,224,224,cd56a61b7e54d9252d4b200cc69d7b08,22866
nha_hat_lon_aug_00515.jpg,nha_hat_lon,4,Nhà Hát Lớn,Hanoi Opera House,224,224,eb3a8ff330335b5726700ba07af70a80,30725
nha_hat_lon_aug_00516.jpg,nha_hat_lon,4,Nhà Hát Lớn,Hanoi Opera House,224,224,12233be698781ce91b9e1aedce1c3bd2,28872
nha_hat_lon_aug_00517.jpg,nha_hat_lon,4,Nhà Hát Lớn,Hanoi Opera House,224,224,2b5332ebbd0bce4ebc217d57da5a58ab,23651
nha_hat_lon_aug_00518.jpg,nha_hat_lon,4,Nhà Hát Lớn,Hanoi Opera House,224,224,b2c30aecdddc820b51bff5f9815fc122,28806
nha_hat_lon_aug_00519.jpg,nha_hat_lon,4,Nhà Hát Lớn,Hanoi Opera House,224,224,49814788d4dee68c9f8c2753338837a8,18181
nha_hat_lon_aug_00520.jpg,nha_hat_lon,4,Nhà Hát Lớn,Hanoi Opera House,224,224,a7f1d8a8c23a8549735973fb5ad14a04,37237
nha_hat_lon_aug_00521.jpg,nha_hat_lon,4,Nhà Hát Lớn,Hanoi Opera House,224,224,06d198ba9022a027eb112509140291af,24581
nha_hat_lon_aug_00522.jpg,nha_hat_lon,4,Nhà Hát Lớn,Hanoi Opera House,224,224,75beb4d48e3dbd8ed47447d7207ee28c,27308
nha_hat_lon_aug_00523.jpg,nha_hat_lon,4,Nhà Hát Lớn,Hanoi Opera House,224,224,663c0417186de52bcf790cbef1102d57,24600
nha_hat_lon_aug_00524.jpg,nha_hat_lon,4,Nhà Hát Lớn,Hanoi Opera House,224,224,13a6721a9792291d49b2d122420ea8a7,33439
nha_hat_lon_aug_00525.jpg,nha_hat_lon,4,Nhà Hát Lớn,Hanoi Opera House,224,224,361c0b2433491a872f61a07986edc68c,14943
nha_hat_lon_aug_00526.jpg,nha_hat_lon,4,Nhà Hát Lớn,Hanoi Opera House,224,224,e4cf142a5729116ba8887da9342641f6,31178
nha_hat_lon_aug_00527.jpg,nha_hat_lon,4,Nhà Hát Lớn,Hanoi Opera House,224,224,ffe8a3e65116860c6226012d9eb0ae14,23035
nha_hat_lon_aug_00528.jpg,nha_hat_lon,4,Nhà Hát Lớn,Hanoi Opera House,224,224,50cc9ee369bf66a52aa469dfbef986fc,31384
nha_hat_lon_aug_00529.jpg,nha_hat_lon,4,Nhà Hát Lớn,Hanoi Opera House,224,224,76eed2efa2a5f2d9f930b1318bef50c2,40883
nha_hat_lon_aug_00530.jpg,nha_hat_lon,4,Nhà Hát Lớn,Hanoi Opera House,224,224,5aa462bb9fa9a7d31ef067fecf34185d,18832
nha_hat_lon_aug_00531.jpg,nha_hat_lon,4,Nhà Hát Lớn,Hanoi Opera House,224,224,6f7bac91bc0bbb4fe607cc184a2ffa99,19313
nha_hat_lon_aug_00532.jpg,nha_hat_lon,4,Nhà Hát Lớn,Hanoi Opera House,224,224,81150175dc1e46d0461e612062c7761c,16409
nha_hat_lon_aug_00533.jpg,nha_hat_lon,4,Nhà Hát Lớn,Hanoi Opera House,224,224,2b4aa12f4f3603cd6edba4a12bb43fd6,38466
nha_hat_lon_aug_00534.jpg,nha_hat_lon,4,Nhà Hát Lớn,Hanoi Opera House,224,224,2f16da3b2eb20e07c8d785b03a4295ab,20827
nha_hat_lon_aug_00535.jpg,nha_hat_lon,4,Nhà Hát Lớn,Hanoi Opera House,224,224,ef5e425874fee2532e155dab4a687d33,31080
nha_hat_lon_aug_00536.jpg,nha_hat_lon,4,Nhà Hát Lớn,Hanoi Opera House,224,224,24ff7cf29ea32a3b53eb43dead6ee4af,20241
nha_hat_lon_aug_00537.jpg,nha_hat_lon,4,Nhà Hát Lớn,Hanoi Opera House,224,224,59a75a8547da218f3fad7acb5be24148,35769
nha_hat_lon_aug_00538.jpg,nha_hat_lon,4,Nhà Hát Lớn,Hanoi Opera House,224,224,58ab73911e27e0685b8d6de72e7f394e,34855
nha_hat_lon_aug_00539.jpg,nha_hat_lon,4,Nhà Hát Lớn,Hanoi Opera House,224,224,d25db20a323d35688563d8d72a580051,34996
nha_hat_lon_aug_00540.jpg,nha_hat_lon,4,Nhà Hát Lớn,Hanoi Opera House,224,224,26637532918120d8cddbe0f64b651b66,17659
nha_hat_lon_aug_00541.jpg,nha_hat_lon,4,Nhà Hát Lớn,Hanoi Opera House,224,224,0b9677566c271e6c0b981218070dd02c,25172
nha_hat_lon_aug_00542.jpg,nha_hat_lon,4,Nhà Hát Lớn,Hanoi Opera House,224,224,09c0f60d55679d773998df2c7610f522,21818
nha_hat_lon_aug_00543.jpg,nha_hat_lon,4,Nhà Hát Lớn,Hanoi Opera House,224,224,fa85d4a44ad1777fc2192d9089e9f710,35562
nha_hat_lon_aug_00544.jpg,nha_hat_lon,4,Nhà Hát Lớn,Hanoi Opera House,224,224,646aa19bcb16b39ee7d47fd4339607d7,36626
nha_hat_lon_aug_00545.jpg,nha_hat_lon,4,Nhà Hát Lớn,Hanoi Opera House,224,224,6c7ce4d4bbebcd23193d72eeb72cac52,40816
nha_hat_lon_aug_00546.jpg,nha_hat_lon,4,Nhà Hát Lớn,Hanoi Opera House,224,224,3b9fb369d763ec271b6d763b8465eb3d,38250
nha_hat_lon_aug_00547.jpg,nha_hat_lon,4,Nhà Hát Lớn,Hanoi Opera House,224,224,8a795ea8e672420798fcc3873cbc7097,24750
nha_hat_lon_aug_00548.jpg,nha_hat_lon,4,Nhà Hát Lớn,Hanoi Opera House,224,224,3af849935ff7109dd18b996045b5a41b,14617
nha_hat_lon_aug_00549.jpg,nha_hat_lon,4,Nhà Hát Lớn,Hanoi Opera House,224,224,8bf85b513149709b989e6be3cbce9037,22125
nha_hat_lon_aug_00550.jpg,nha_hat_lon,4,Nhà Hát Lớn,Hanoi Opera House,224,224,2d4aa5b75973c14c88cad3361685bf46,18296
nha_hat_lon_aug_00551.jpg,nha_hat_lon,4,Nhà Hát Lớn,Hanoi Opera House,224,224,2889637ca5b01a6df9bc677ef205514e,14545
nha_hat_lon_aug_00552.jpg,nha_hat_lon,4,Nhà Hát Lớn,Hanoi Opera House,224,224,b266d6ca40a7e9f00006ce40e6096cf5,40644
nha_hat_lon_aug_00553.jpg,nha_hat_lon,4,Nhà Hát Lớn,Hanoi Opera House,224,224,17f65d745b10362dabf20d2eab8ac0ca,27344
nha_hat_lon_aug_00554.jpg,nha_hat_lon,4,Nhà Hát Lớn,Hanoi Opera House,224,224,4f8b5d407adca68cd76dc806da0719e8,19835
nha_hat_lon_aug_00555.jpg,nha_hat_lon,4,Nhà Hát Lớn,Hanoi Opera House,224,224,06aef575db54d960f0c2b0b0cd40a119,33576
nha_hat_lon_aug_00556.jpg,nha_hat_lon,4,Nhà Hát Lớn,Hanoi Opera House,224,224,8dac849d8a02ad083b77386e060af1cd,23966
nha_hat_lon_aug_00557.jpg,nha_hat_lon,4,Nhà Hát Lớn,Hanoi Opera House,224,224,36063e6766b11d40a753b1e8e53319f5,17815
nha_hat_lon_aug_00558.jpg,nha_hat_lon,4,Nhà Hát Lớn,Hanoi Opera House,224,224,ab80b05a3df7406d4eed1ae1c957d9fc,20286
nha_hat_lon_aug_00559.jpg,nha_hat_lon,4,Nhà Hát Lớn,Hanoi Opera House,224,224,fe8d242cb24795e4bf9226ac0b2ede2c,35289
nha_hat_lon_aug_00560.jpg,nha_hat_lon,4,Nhà Hát Lớn,Hanoi Opera House,224,224,cfa2dbc709b372d30929acf360cf2121,20108
nha_hat_lon_aug_00561.jpg,nha_hat_lon,4,Nhà Hát Lớn,Hanoi Opera House,224,224,e279d1b7c90e0dd847840404436714d9,32443
nha_hat_lon_aug_00562.jpg,nha_hat_lon,4,Nhà Hát Lớn,Hanoi Opera House,224,224,15602d30e522f61f4dfac23a451d0ab8,38790
nha_hat_lon_aug_00563.jpg,nha_hat_lon,4,Nhà Hát Lớn,Hanoi Opera House,224,224,848a24e5846269996936f6b5a4dc9e31,18002
nha_hat_lon_aug_00564.jpg,nha_hat_lon,4,Nhà Hát Lớn,Hanoi Opera House,224,224,8322c8bcde240e515a15665aacc40ff0,39730
nha_hat_lon_aug_00565.jpg,nha_hat_lon,4,Nhà Hát Lớn,Hanoi Opera House,224,224,219001030edf3db2386b2ef8f5d84fe1,26238
nha_hat_lon_aug_00566.jpg,nha_hat_lon,4,Nhà Hát Lớn,Hanoi Opera House,224,224,8bfd0e9f0ff6cf22a03e7f3727357e31,21508
nha_hat_lon_aug_00567.jpg,nha_hat_lon,4,Nhà Hát Lớn,Hanoi Opera House,224,224,76c8bbcf44f0e8949e12cdb7fc276a3a,38316
nha_hat_lon_aug_00568.jpg,nha_hat_lon,4,Nhà Hát Lớn,Hanoi Opera House,224,224,bbb8880cde8ec0081a7ee3315f0bad4a,33094
nha_hat_lon_aug_00569.jpg,nha_hat_lon,4,Nhà Hát Lớn,Hanoi Opera House,224,224,749873c82ab29746ff9d2f8f19be873a,24829
nha_hat_lon_aug_00570.jpg,nha_hat_lon,4,Nhà Hát Lớn,Hanoi Opera House,224,224,508ae4caf66dd28e5ca5ddbb30660127,20217
nha_hat_lon_aug_00571.jpg,nha_hat_lon,4,Nhà Hát Lớn,Hanoi Opera House,224,224,af613c86dbb09fb72d18a1f65f568025,31043
nha_hat_lon_aug_00572.jpg,nha_hat_lon,4,Nhà Hát Lớn,Hanoi Opera House,224,224,f113c2192bc832f37d33388e9be06f3d,39252
nha_hat_lon_aug_00573.jpg,nha_hat_lon,4,Nhà Hát Lớn,Hanoi Opera House,224,224,2479c80fab6246ac5a917707da42a162,27690
nha_hat_lon_aug_00574.jpg,nha_hat_lon,4,Nhà Hát Lớn,Hanoi Opera House,224,224,14aaa71cde465dbe973d6d0d81a02af6,38771
nha_hat_lon_aug_00575.jpg,nha_hat_lon,4,Nhà Hát Lớn,Hanoi Opera House,224,224,4731b4d7787a454cfa10368d8cec07ae,25169
nha_hat_lon_aug_00576.jpg,nha_hat_lon,4,Nhà Hát Lớn,Hanoi Opera House,224,224,934610002f688122258fc4effd4a5c40,20559
nha_hat_lon_aug_00577.jpg,nha_hat_lon,4,Nhà Hát Lớn,Hanoi Opera House,224,224,4cf574735502063b9601edee747fc9d4,27043
nha_hat_lon_aug_00578.jpg,nha_hat_lon,4,Nhà Hát Lớn,Hanoi Opera House,224,224,faf5bd1d5d5a6869c78bbe774c47433b,19049
nha_hat_lon_aug_00579.jpg,nha_hat_lon,4,Nhà Hát Lớn,Hanoi Opera House,224,224,ecb12a2465d8bfa557b71facd2d4c5bb,24911
nha_hat_lon_aug_00580.jpg,nha_hat_lon,4,Nhà Hát Lớn,Hanoi Opera House,224,224,ab1c723ca2d353602a1b1d3e4b7ba611,19254
nha_hat_lon_aug_00581.jpg,nha_hat_lon,4,Nhà Hát Lớn,Hanoi Opera House,224,224,5c0349303b3262b47a177ccdae29e5b7,38129
nha_hat_lon_aug_00582.jpg,nha_hat_lon,4,Nhà Hát Lớn,Hanoi Opera House,224,224,0702a30a98dad1697d7f4e93bd5cded6,19408
nha_hat_lon_aug_00583.jpg,nha_hat_lon,4,Nhà Hát Lớn,Hanoi Opera House,224,224,82755c4409eaf323e5cb31f0adbae475,19667
nha_hat_lon_aug_00584.jpg,nha_hat_lon,4,Nhà Hát Lớn,Hanoi Opera House,224,224,fc55184f48b4d82c0a96b8bf35a9db3f,18507
nha_hat_lon_aug_00585.jpg,nha_hat_lon,4,Nhà Hát Lớn,Hanoi Opera House,224,224,9640c40857c040ed8fa373b4569f9cd2,23591
nha_hat_lon_aug_00586.jpg,nha_hat_lon,4,Nhà Hát Lớn,Hanoi Opera House,224,224,74882b8214b808ef1c260facd280b72c,16413
nha_hat_lon_aug_00587.jpg,nha_hat_lon,4,Nhà Hát Lớn,Hanoi Opera House,224,224,597e77c8363aa214c41a714623a3ef0d,28019
nha_hat_lon_aug_00588.jpg,nha_hat_lon,4,Nhà Hát Lớn,Hanoi Opera House,224,224,c8e60a5c83bf56495e2ac876613da850,20592
nha_hat_lon_aug_00589.jpg,nha_hat_lon,4,Nhà Hát Lớn,Hanoi Opera House,224,224,8756c077cb0fbc987c38611f4d6b4e9e,26552
nha_hat_lon_aug_00590.jpg,nha_hat_lon,4,Nhà Hát Lớn,Hanoi Opera House,224,224,70e7c43c8fd262340408e83ea1eca869,22226
nha_hat_lon_aug_00591.jpg,nha_hat_lon,4,Nhà Hát Lớn,Hanoi Opera House,224,224,d39fb89f76de0bfeb7dc741383f3a80f,18008
nha_hat_lon_aug_00592.jpg,nha_hat_lon,4,Nhà Hát Lớn,Hanoi Opera House,224,224,aaa2c10c37fddaf12e5333d2e1e79887,24058
nha_hat_lon_aug_00593.jpg,nha_hat_lon,4,Nhà Hát Lớn,Hanoi Opera House,224,224,1060f5aefbeb8b62a178ad5f5a55299b,36611
nha_hat_lon_aug_00594.jpg,nha_hat_lon,4,Nhà Hát Lớn,Hanoi Opera House,224,224,f665dea0d1ffb7f3edee271903f700be,23919
nha_hat_lon_aug_00595.jpg,nha_hat_lon,4,Nhà Hát Lớn,Hanoi Opera House,224,224,0932ac87cfb6b27fffa1be006a7902bf,18954
nha_hat_lon_aug_00596.jpg,nha_hat_lon,4,Nhà Hát Lớn,Hanoi Opera House,224,224,efdee4fe0c1885f74c794c0031f473d1,17640
nha_hat_lon_aug_00597.jpg,nha_hat_lon,4,Nhà Hát Lớn,Hanoi Opera House,224,224,f6c936cf0cbfbe14f7169871c32eb3ba,34325
nha_hat_lon_aug_00598.jpg,nha_hat_lon,4,Nhà Hát Lớn,Hanoi Opera House,224,224,3e00460f0be27e24b8ef2b4118de6321,31445
nha_hat_lon_aug_00599.jpg,nha_hat_lon,4,Nhà Hát Lớn,Hanoi Opera House,224,224,4481b45391df2441ac4848443f75c6c7,18543
Đêm giao thừa Hà Nội_ Trình diễn ánh sáng 3D trên mặt Nhà hát Lớn.jpg,nha_hat_lon,4,Nhà Hát Lớn,Hanoi Opera House,224,224,32cbeed3b7cc6a685b0f7c0cdce82ccf,28112
4 nhà thờ lớn nhất Hà Nội trang hoàng Giáng sinh lung linh như chốn thần  tiên-001.jpg,nha_tho_lon,5,Nhà Thờ Lớn,St. Joseph's Cathedral Hanoi,224,224,e1f93827dfb784ff0818fd297014d2a6,28560
4 nhà thờ lớn nhất Hà Nội trang hoàng Giáng sinh lung linh như chốn thần  tiên.jpg,nha_tho_lon,5,Nhà Thờ Lớn,St. Joseph's Cathedral Hanoi,224,224,2b95fa0e387ff478dcd7db56db6600c0,33140
Amazing Vietnam_ Nhà thờ lớn Hà Nội.jpg,nha_tho_lon,5,Nhà Thờ Lớn,St. Joseph's Cathedral Hanoi,224,224,ba91fa99cca3d6c7d79a95cc2b1f7946,32134
Asia vietnam hanoi st joseph cathedral hi-res stock photography and images  - Alamy.jpg,nha_tho_lon,5,Nhà Thờ Lớn,St. Joseph's Cathedral Hanoi,224,224,580dddecca3a37528a0a6431568f713d,31814
ẢNH] Ngắm Nhà thờ Lớn Hà Nội dần trở về vẻ cổ kính 'nguyên bản'.jpg,nha_tho_lon,5,Nhà Thờ Lớn,St. Joseph's Cathedral Hanoi,224,224,4f6df132d40c65dca4c749dd061884af,31520
ẢNH_ Sự thật về lớp _áo mới_ của Nhà thờ Lớn Hà Nội-001.jpg,nha_tho_lon,5,Nhà Thờ Lớn,St. Joseph's Cathedral Hanoi,224,224,3cf8e9d66f04deeef643d43be4cd6f73,31506
ẢNH_ Sự thật về lớp _áo mới_ của Nhà thờ Lớn Hà Nội.jpg,nha_tho_lon,5,Nhà Thờ Lớn,St. Joseph's Cathedral Hanoi,224,224,9cb48d6aa09416bc1a17bc601e0c26e6,35826
Ảnh = Ký ức = Lịch sử (kỳ 87)_ Nhà thờ Lớn Hà Nội-001.jpg,nha_tho_lon,5,Nhà Thờ Lớn,St. Joseph's Cathedral Hanoi,224,224,7d100b9d215fbad7cca6924b18ef47a2,32741
Ảnh = Ký ức = Lịch sử (kỳ 87)_ Nhà thờ Lớn Hà Nội-002.jpg,nha_tho_lon,5,Nhà Thờ Lớn,St. Joseph's Cathedral Hanoi,224,224,66a6071d0d3448645991432b3af7e04c,36245
Ảnh = Ký ức = Lịch sử (kỳ 87)_ Nhà thờ Lớn Hà Nội-003.jpg,nha_tho_lon,5,Nhà Thờ Lớn,St. Joseph's Cathedral Hanoi,224,224,cbc7d33395dec03e5ebfc5b02890977f,31448
Ảnh = Ký ức = Lịch sử (kỳ 87)_ Nhà thờ Lớn Hà Nội-004.jpg,nha_tho_lon,5,Nhà Thờ Lớn,St. Joseph's Cathedral Hanoi,224,224,2d91b5c69b0552d9b1a77d8fb1489c69,32684
Ảnh = Ký ức = Lịch sử (kỳ 87)_ Nhà thờ Lớn Hà Nội.jpg,nha_tho_lon,5,Nhà Thờ Lớn,St. Joseph's Cathedral Hanoi,224,224,4f28662cc3e9e91729ea5277583ba443,33621
Ảnh xưa Hà Nội-001.jpg,nha_tho_lon,5,Nhà Thờ Lớn,St. Joseph's Cathedral Hanoi,224,224,d89ba2120a547e29ecc69f8cfeca020d,30870
Ảnh xưa Hà Nội.jpg,nha_tho_lon,5,Nhà Thờ Lớn,St. Joseph's Cathedral Hanoi,224,224,cd78b454a2a646eb4cf5bb351cf3741d,28848
Ảnh) Vẻ đẹp mới của Nhà thờ Lớn ở Hà Nội-001.jpg,nha_tho_lon,5,Nhà Thờ Lớn,St. Joseph's Cathedral Hanoi,224,224,c48279953c52f484aa9c11ad7f1f3e51,32388
Ảnh) Vẻ đẹp mới của Nhà thờ Lớn ở Hà Nội.jpg,nha_tho_lon,5,Nhà Thờ Lớn,St. Joseph's Cathedral Hanoi,224,224,5e769a230470c9887009e41e399d3297,27271
"Ảnh_ Nhà thờ Lớn Hà Nội hoàn thành _lớp áo_ cuối cùng, người dân trầm trồ  trước vẻ đẹp vẹn nguyên.jpg",nha_tho_lon,5,Nhà Thờ Lớn,St. Joseph's Cathedral Hanoi,224,224,1670b167c3863fc9368bce83437507b2,31556
"Ảnh_ Nhà thờ ở Hà Nội vắng lặng dịp Lễ Phục sinh, tổ chức trực tuyến tránh  Covid-19.jpg",nha_tho_lon,5,Nhà Thờ Lớn,St. Joseph's Cathedral Hanoi,224,224,891cbc2a5872ce974a93530f7fd4582c,31946
Bất ngờ diện mạo mới của nhà thờ lớn Hà Nội làm dân tình xôn xao _ Home -  Ngôi nhà online của bạn.jpg,nha_tho_lon,5,Nhà Thờ Lớn,St. Joseph's Cathedral Hanoi,224,224,e72dc9d35bfdbe2b95bd7632fccd29d5,37426
Bên trong Nhà thờ Lớn Hà Nội _ Znews.vn-001.jpg,nha_tho_lon,5,Nhà Thờ Lớn,St. Joseph's Cathedral Hanoi,224,224,17ed45f8a17dbe574909ef66c992de43,26565
Bên trong Nhà thờ Lớn Hà Nội _ Znews.vn-002.jpg,nha_tho_lon,5,Nhà Thờ Lớn,St. Joseph's Cathedral Hanoi,224,224,3758897b409519f5636b5aa2ea89e7d5,26983
Bên trong Nhà thờ Lớn Hà Nội _ Znews.vn-003.jpg,nha_tho_lon,5,Nhà Thờ Lớn,St. Joseph's Cathedral Hanoi,224,224,8375a97b75f227ff904fc88f19a7a29b,33342
Bên trong Nhà thờ Lớn Hà Nội _ Znews.vn-004.jpg,nha_tho_lon,5,Nhà Thờ Lớn,St. Joseph's Cathedral Hanoi,224,224,afc85149a2d78d20e33a1b129df4e5ea,27526
Bên trong Nhà thờ Lớn Hà Nội _ Znews.vn.jpg,nha_tho_lon,5,Nhà Thờ Lớn,St. Joseph's Cathedral Hanoi,224,224,6e5d705b57ab82a5d47edacfa5101c76,28468
Biển người' đổ về khu vực Nhà thờ lớn Hà Nội đón Giáng sinh.jpg,nha_tho_lon,5,Nhà Thờ Lớn,St. Joseph's Cathedral Hanoi,224,224,e578ff988fa44c52e0841ae476518aef,45272
Biển người_ đồ về Nhà thờ Lớn đón Giáng sinh.jpg,nha_tho_lon,5,Nhà Thờ Lớn,St. Joseph's Cathedral Hanoi,224,224,e0f204aac023adacf89d287f0c66a2ab,41250
Canh Thức Vượt Qua tại nhà thờ Chính Tòa Hà Nội năm 2025.jpg,nha_tho_lon,5,Nhà Thờ Lớn,St. Joseph's Cathedral Hanoi,224,224,2f9c994df48e2a9dd4157d11b6f95bd4,29353
Cathédrale Saint Joseph (Nhà thờ Lớn Hànội).jpg,nha_tho_lon,5,Nhà Thờ Lớn,St. Joseph's Cathedral Hanoi,224,224,7d4e8fdf4367ba70a8e65b64db99ae07,32754
Các nhà thờ Hà Nội lên đèn rực rỡ đón Giáng sinh.jpg,nha_tho_lon,5,Nhà Thờ Lớn,St. Joseph's Cathedral Hanoi,224,224,081e6e33d38fa2e11de94cd339a2f992,35906
Các nhà thờ Hà Nội trang hoàng đón Giáng sinh _ baotintuc.vn.jpg,nha_tho_lon,5,Nhà Thờ Lớn,St. Joseph's Cathedral Hanoi,224,224,a99234e4791d9e882d46324f6d6059ec,37161
Các nhà thờ lớn ở Hà Nội trang hoàng lung linh chào đón Giáng sinh.jpg,nha_tho_lon,5,Nhà Thờ Lớn,St. Joseph's Cathedral Hanoi,224,224,6b3ad4a709c317d50352172857aeded1,33186
Các nhà thờ ở Hà Nội trang hoàng đón Giáng sinh.jpg,nha_tho_lon,5,Nhà Thờ Lớn,St. Joseph's Cathedral Hanoi,224,224,6443adf229972c6ae9394b133f03be2a,26919
Cận cảnh Nhà thờ Lớn Hà Nội _thay áo mới_.jpg,nha_tho_lon,5,Nhà Thờ Lớn,St. Joseph's Cathedral Hanoi,224,224,65197341568fcd135c6d0a91f5ce4e64,28194
Cận cảnh nhà thờ tại Hà Nội có kiến trúc phỏng theo Nhà thờ Đức Bà Paris.jpg,nha_tho_lon,5,Nhà Thờ Lớn,St. Joseph's Cathedral Hanoi,224,224,9eed2cc6047c9e7225fd2fae00a52d0c,33894
Cận cảnh vẻ đẹp Nhà thờ Lớn Hà Nội sau khi trùng tu.jpg,nha_tho_lon,5,Nhà Thờ Lớn,St. Joseph's Cathedral Hanoi,224,224,6ed891be9fbf727a84dbe28af52dc265,23030
Chiêm ngưỡng những nhà thờ Công giáo đẹp nhất Việt Nam.jpg,nha_tho_lon,5,Nhà Thờ Lớn,St. Joseph's Cathedral Hanoi,224,224,4bb8f3601c56f2a6e2afc4fbaf106ea4,35722
Chùm ảnh_ Khám phá nhà thờ Lớn - nhà thờ cổ hoành tráng nhất Hà Nội -  Redsvn.net-001.jpg,nha_tho_lon,5,Nhà Thờ Lớn,St. Joseph's Cathedral Hanoi,224,224,9a1547365f9d7e9741a37f45377e53d1,35352
Chùm ảnh_ Khám phá nhà thờ Lớn - nhà thờ cổ hoành tráng nhất Hà Nội -  Redsvn.net.jpg,nha_tho_lon,5,Nhà Thờ Lớn,St. Joseph's Cathedral Hanoi,224,224,cbbc4cfa694e7235784d3b5efc06d68a,38177
Chụp Ảnh Nhà Thờ Lớn Hà Nội-001.jpg,nha_tho_lon,5,Nhà Thờ Lớn,St. Joseph's Cathedral Hanoi,224,224,ed77b2d56750f31dfb0d62994a0ee103,32303
Chụp Ảnh Nhà Thờ Lớn Hà Nội.jpg,nha_tho_lon,5,Nhà Thờ Lớn,St. Joseph's Cathedral Hanoi,224,224,9fd43397f7768ea08b8e006e3b390d55,35742
Dạo quanh nhà thờ có kiến trúc châu Âu giữa lòng Hà Nội-001.jpg,nha_tho_lon,5,Nhà Thờ Lớn,St. Joseph's Cathedral Hanoi,224,224,08101f3d0e062a08ae1441d7c9e01fce,33457
Dạo quanh nhà thờ có kiến trúc châu Âu giữa lòng Hà Nội.jpg,nha_tho_lon,5,Nhà Thờ Lớn,St. Joseph's Cathedral Hanoi,224,224,b9bc2642a240d3ab55db7f86273feabd,31593
Diện mạo Nhà thờ Lớn Hà Nội trước thềm Tết Nguyên đán 2022.jpg,nha_tho_lon,5,Nhà Thờ Lớn,St. Joseph's Cathedral Hanoi,224,224,a01c82a55053552361a6a9dbd1e43d18,36353
Diện mạo mới bất ngờ của Nhà thờ Lớn Hà Nội.jpg,nha_tho_lon,5,Nhà Thờ Lớn,St. Joseph's Cathedral Hanoi,224,224,183598f6e12fe02ea2cbed3178701b99,28557
Diện mạo mới của Nhà thờ lớn Hà Nội sau hơn một năm sửa chữa.jpg,nha_tho_lon,5,Nhà Thờ Lớn,St. Joseph's Cathedral Hanoi,224,224,9c663d7ab4b42c636198a6b3e98402d8,38729
Dòng người đổ về Nhà thờ Lớn Hà Nội trong đêm Giáng sinh 2022.jpg,nha_tho_lon,5,Nhà Thờ Lớn,St. Joseph's Cathedral Hanoi,224,224,159c4d6919fcd9bf11eba44dc56bb94c,39285
Du khách nước ngoài nườm nượp đổ về Nhà thờ Lớn Hà Nội đón không khí Noel  sớm.jpg,nha_tho_lon,5,Nhà Thờ Lớn,St. Joseph's Cathedral Hanoi,224,224,995d39afec3c532a98854f0adba76ed7,40702
Du khách đổ về Nhà thờ Lớn Hà Nội đón Giáng sinh sớm.jpg,nha_tho_lon,5,Nhà Thờ Lớn,St. Joseph's Cathedral Hanoi,224,224,d8674bee205883ae267a92214e2d8a1c,38227
"Du khách đổ xô đến Nhà thờ Lớn Hà Nội thưởng thức xôi cốm, check-in cháy  máy _ baotintuc.vn.jpg",nha_tho_lon,5,Nhà Thờ Lớn,St. Joseph's Cathedral Hanoi,224,224,fc5c5e6d64293aee20da869f3999e36e,39244
Giải mã ý nghĩa 5 quả chuông Nhà thờ Lớn Hà Nội.jpg,nha_tho_lon,5,Nhà Thờ Lớn,St. Joseph's Cathedral Hanoi,224,224,33293041e26eb9702a9c81153e97424a,38841
Giờ lễ Nhà thờ lớn - St. Joseph's Cathedral of Hanoi Mass times-001.jpg,nha_tho_lon,5,Nhà Thờ Lớn,St. Joseph's Cathedral Hanoi,224,224,3bf83b6fabd1118fbe8b57c3ff6a7a83,27280
Giờ lễ Nhà thờ lớn - St. Joseph's Cathedral of Hanoi Mass times.jpg,nha_tho_lon,5,Nhà Thờ Lớn,St. Joseph's Cathedral Hanoi,224,224,d60c59e174e31b5651d780e73e91647f,37850
"Giờ lễ Nhà thờ lớn Hà Nội, Thành phố Hà Nội - Giothanhle.net-001.jpg",nha_tho_lon,5,Nhà Thờ Lớn,St. Joseph's Cathedral Hanoi,224,224,c68a49e8d49635fc8e35fb5ed71f323e,32809
"Giờ lễ Nhà thờ lớn Hà Nội, Thành phố Hà Nội - Giothanhle.net.jpg",nha_tho_lon,5,Nhà Thờ Lớn,St. Joseph's Cathedral Hanoi,224,224,d71b2544e1fe80d843cb66d354cc11e9,29574
Giới trẻ tấp nập check-in với cây thông Noel ở Nhà thờ Lớn Hà Nội.jpg,nha_tho_lon,5,Nhà Thờ Lớn,St. Joseph's Cathedral Hanoi,224,224,e1a4b09380b157b61d9cca6c115f5200,37371
Giới trẻ đổ xô về Nhà thờ Lớn check-in trước thềm Giáng sinh.jpg,nha_tho_lon,5,Nhà Thờ Lớn,St. Joseph's Cathedral Hanoi,224,224,4c5b79d057ea0206585589b5ef5d60b8,35949
Góc ký họa_ Nhà thờ Lớn Hà Nội-001.jpg,nha_tho_lon,5,Nhà Thờ Lớn,St. Joseph's Cathedral Hanoi,224,224,230ec0a235578da0b76a382ca7027af5,30359
Góc ký họa_ Nhà thờ Lớn Hà Nội-002.jpg,nha_tho_lon,5,Nhà Thờ Lớn,St. Joseph's Cathedral Hanoi,224,224,5b7261ed8da521472c3e0fefbeb9b9a3,34264
Góc ký họa_ Nhà thờ Lớn Hà Nội.jpg,nha_tho_lon,5,Nhà Thờ Lớn,St. Joseph's Cathedral Hanoi,224,224,597cdf6b746ce3d777b97766dda68c26,35184
"Hanoi Big Church - Nhà Thờ Lớn Hà Nội_ Lịch Sử, Kiến Trúc & Kinh Nghiệm Du  Lịch - Hà Nội Đẹp.jpg",nha_tho_lon,5,Nhà Thờ Lớn,St. Joseph's Cathedral Hanoi,224,224,f43b4080c32343d51a323571ff49135c,33699
Hà Nội cấm xe ra vào khu vực nhà thờ Lớn từ chiều 24-12 để phục vụ lễ Giáng  sinh - Tuổi Trẻ Online.jpg,nha_tho_lon,5,Nhà Thờ Lớn,St. Joseph's Cathedral Hanoi,224,224,a613c8b69ec88f9fee343ea3ae288bad,33525
Hà Nội rạng rỡ sắc màu chào đón Giáng sinh 2025.jpg,nha_tho_lon,5,Nhà Thờ Lớn,St. Joseph's Cathedral Hanoi,224,224,7c3450f5820f66015ccf64a5d1331457,31484
Hà Nội_ Giới trẻ nô nức check-in tại Nhà thờ lớn trước thềm Giáng sinh.jpg,nha_tho_lon,5,Nhà Thờ Lớn,St. Joseph's Cathedral Hanoi,224,224,a67ac6b841ab3ad6e71be6b8d205d6d3,46568
Hà Nội_ Ngắm vẻ khác lạ của Nhà Thờ Lớn sau quá trình đại tu-001.jpg,nha_tho_lon,5,Nhà Thờ Lớn,St. Joseph's Cathedral Hanoi,224,224,116c58bfc319172ef6c1988c9df7638c,31999
Hà Nội_ Ngắm vẻ khác lạ của Nhà Thờ Lớn sau quá trình đại tu-002.jpg,nha_tho_lon,5,Nhà Thờ Lớn,St. Joseph's Cathedral Hanoi,224,224,21092d1b69f05dc5553f93b28db91ad6,28376
Hà Nội_ Ngắm vẻ khác lạ của Nhà Thờ Lớn sau quá trình đại tu.jpg,nha_tho_lon,5,Nhà Thờ Lớn,St. Joseph's Cathedral Hanoi,224,224,c142f386eb8f1cb9142163102b535429,37421
Hà Nội_ Rộn ràng không khí Giáng sinh sớm tại Nhà thờ Lớn.jpg,nha_tho_lon,5,Nhà Thờ Lớn,St. Joseph's Cathedral Hanoi,224,224,841f185a4d072004cc9c40606c9c352c,41817
Hà Nội_ Vẻ khác lạ của Nhà Thờ Lớn sau quá trình đại tu khiến nhiều người  xôn xao - Báo Phụ Nữ.jpg,nha_tho_lon,5,Nhà Thờ Lớn,St. Joseph's Cathedral Hanoi,224,224,f66c1312c8926e197d48bc428bb1daba,29895
Hàng nghìn người đổ về Nhà thờ Lớn Hà Nội để đón Giáng sinh _ Báo Pháp Luật  TP. Hồ Chí Minh.jpg,nha_tho_lon,5,Nhà Thờ Lớn,St. Joseph's Cathedral Hanoi,224,224,cf2f98258c865a648035dc949f88e539,34156
Hàng vạn người dân Hà Nội chào đón Giáng sinh 2025.jpg,nha_tho_lon,5,Nhà Thờ Lớn,St. Joseph's Cathedral Hanoi,224,224,cbd0ff2a9483d325a93449af5353b732,33071
Hiểu sâu hơn về nhà thờ Lớn Hà Nội – 100 năm thăng trầm của thời gian và  chiến tranh – Dacsan.com.jpg,nha_tho_lon,5,Nhà Thờ Lớn,St. Joseph's Cathedral Hanoi,224,224,4c44116fb9fc78997f47e993178243f1,39583
Hình ảnh Nhà thờ Lớn Hà Nội với lớp sơn màu ghi xám lạ mắt _ Báo Dân trí.jpg,nha_tho_lon,5,Nhà Thờ Lớn,St. Joseph's Cathedral Hanoi,224,224,2a35a74451a0683e19c31d3c87fc930a,29609
Khám Phá Nhà Thờ Lớn Hà Nội_ Biểu Tượng Lịch Sử Tại Trung Tâm Thủ Đô -  Khách sạn ATS Hà Nội.jpg,nha_tho_lon,5,Nhà Thờ Lớn,St. Joseph's Cathedral Hanoi,224,224,5e8263906bf4058364f666417df121fc,30414
Khám phá Nhà Thờ Lớn Hà Nội - Vẻ đẹp cổ kính giữa lòng Thủ đô.jpg,nha_tho_lon,5,Nhà Thờ Lớn,St. Joseph's Cathedral Hanoi,224,224,2fadde3cc54c2fa3f3e3a3ea586a5f47,33210
Khám phá Nhà Thờ Lớn Hà Nội biểu tượng kiến trúc Pháp giữa lòng Thủ Đô.jpg,nha_tho_lon,5,Nhà Thờ Lớn,St. Joseph's Cathedral Hanoi,224,224,4a80acce371126e86403517e4427769b,38460
Khám phá Nhà thờ Lớn Hà Nội - Địa điểm du lịch văn hóa nổi bật ở thủ đô -  BlogAnChoi.jpg,nha_tho_lon,5,Nhà Thờ Lớn,St. Joseph's Cathedral Hanoi,224,224,1c2c6614626c0ebe139ed9205de2acd6,31844
Khám phá nét kiến trúc độc đáo của nhà thờ lớn nhất Hà Nội.jpg,nha_tho_lon,5,Nhà Thờ Lớn,St. Joseph's Cathedral Hanoi,224,224,a6153499b986e0aca789bbe1e399335e,32696
Khám phá vẻ đẹp lộng lẫy của Nhà thờ lớn Hà Nội.jpg,nha_tho_lon,5,Nhà Thờ Lớn,St. Joseph's Cathedral Hanoi,224,224,6a960621b6df6d413c87773fb85e7353,31613
Không khí trước thềm Giáng sinh tại nhà thờ Lớn Hà Nội-001.jpg,nha_tho_lon,5,Nhà Thờ Lớn,St. Joseph's Cathedral Hanoi,224,224,3c180fd53758834ac471109950133f43,43055
Không khí trước thềm Giáng sinh tại nhà thờ Lớn Hà Nội.jpg,nha_tho_lon,5,Nhà Thờ Lớn,St. Joseph's Cathedral Hanoi,224,224,a6a704a351714e45163eba2eab63f386,32426
Kiến trúc độc đáo Nhà thờ lớn Hà Nội _ Tạp chí điện tử Thế giới Di sản-001.jpg,nha_tho_lon,5,Nhà Thờ Lớn,St. Joseph's Cathedral Hanoi,224,224,38ab8d449e00a2396bea519bc5b526e4,27257
Kiến trúc độc đáo Nhà thờ lớn Hà Nội _ Tạp chí điện tử Thế giới Di sản-002.jpg,nha_tho_lon,5,Nhà Thờ Lớn,St. Joseph's Cathedral Hanoi,224,224,00920008d5504f9eadb8068d7e7d341f,34724
Kiến trúc độc đáo Nhà thờ lớn Hà Nội _ Tạp chí điện tử Thế giới Di sản.jpg,nha_tho_lon,5,Nhà Thờ Lớn,St. Joseph's Cathedral Hanoi,224,224,05271a7f0d0a321e1826833015897c7b,32110
Lịch lễ nhà thờ lớn Hà Nội [Cập nhật 2025].jpg,nha_tho_lon,5,Nhà Thờ Lớn,St. Joseph's Cathedral Hanoi,224,224,b73ea5041e8c94e8f81d0371f28f7de4,31751
Lịch phụng vụ Tam Nhật Vượt Qua tại Nhà thờ Chính tòa Hà Nội _ Tổng Giáo  Phận Hà Nội.jpg,nha_tho_lon,5,Nhà Thờ Lớn,St. Joseph's Cathedral Hanoi,224,224,963328bd0053f290f88f43eb1dd077f1,20931
Lịch sử nhà thờ lớn Hà Nội.jpg,nha_tho_lon,5,Nhà Thờ Lớn,St. Joseph's Cathedral Hanoi,224,224,110135fc42353bbe76f7db4cd829cc0e,36050
Màu sơn hiện tại của nhà thờ Lớn Hà Nội chỉ là tạm thời - Báo Công giáo và  Dân tộc.jpg,nha_tho_lon,5,Nhà Thờ Lớn,St. Joseph's Cathedral Hanoi,224,224,380e3cff049b8c7d1a91d3398f8a75a2,30582
Mỹ thuật Việt Nam.jpg,nha_tho_lon,5,Nhà Thờ Lớn,St. Joseph's Cathedral Hanoi,224,224,c5af9221924e8f016f2699506f5b6d33,35018
NGẤT NGÂY với album “chụp ảnh cưới ở nhà thờ Lớn Hà Nội” của cặp đôi Hà  Thành.jpg,nha_tho_lon,5,Nhà Thờ Lớn,St. Joseph's Cathedral Hanoi,224,224,f259767e9ea9d3207003aa5d55c50686,34488
Ngỡ ngàng diện mạo khác lạ của Nhà thờ Lớn Hà Nội sau nhiều tháng đại tu-001.jpg,nha_tho_lon,5,Nhà Thờ Lớn,St. Joseph's Cathedral Hanoi,224,224,27a617a65517c37a24f39d408dac28b0,29864
Ngỡ ngàng diện mạo khác lạ của Nhà thờ Lớn Hà Nội sau nhiều tháng đại tu.jpg,nha_tho_lon,5,Nhà Thờ Lớn,St. Joseph's Cathedral Hanoi,224,224,c6daf2b22d69b27b412af312f9343bc2,29202
Người Hà Nội hân hoan chiêm ngưỡng Nhà thờ Lớn trước Giáng sinh.jpg,nha_tho_lon,5,Nhà Thờ Lớn,St. Joseph's Cathedral Hanoi,224,224,1d6718a0f06860fa2f278a93242688b1,40306
Nhà Thờ Chính Tòa Hà Nội (St. Joseph's Cathedral of Hanoi) - Nhà Thờ Lớn Hà  Nội - Giáo xứ Chính Tòa Hà Nội (Nhà thờ Chính Tòa Hà Nội)-001.jpg,nha_tho_lon,5,Nhà Thờ Lớn,St. Joseph's Cathedral Hanoi,224,224,9afb8efa96cbd72a84af5dc5b0e26b62,27606
Nhà Thờ Chính Tòa Hà Nội (St. Joseph's Cathedral of Hanoi) - Nhà Thờ Lớn Hà  Nội - Giáo xứ Chính Tòa Hà Nội (Nhà thờ Chính Tòa Hà Nội).jpg,nha_tho_lon,5,Nhà Thờ Lớn,St. Joseph's Cathedral Hanoi,224,224,db5802fe074f8f5fcd6b47407c01bdb5,42547
Nhà Thờ Lớn - Kiến Trúc Châu Âu Giữa Lòng Hà Nội.jpg,nha_tho_lon,5,Nhà Thờ Lớn,St. Joseph's Cathedral Hanoi,224,224,bfc60a33ae1c3239f40a50cee78c8c33,42963
Nhà Thờ Lớn Hà Nội - Công trình kiến trúc lớn nhất Hà Nội cuối thế kỷ 19 -  Tạp chí Việt Nam - RFI-001.jpg,nha_tho_lon,5,Nhà Thờ Lớn,St. Joseph's Cathedral Hanoi,224,224,94224fba370e69a4285608eacbe04766,28556
Nhà Thờ Lớn Hà Nội - St Joseph's Cathedral kiến trúc cổ _ ZaiTri - YouTube.jpg,nha_tho_lon,5,Nhà Thờ Lớn,St. Joseph's Cathedral Hanoi,224,224,a726e08308b26c15ec03521d1991308c,36763
Nhà Thờ Lớn Hà Nội _ Biểu tượng du lịch văn hóa của Hà Thành.jpg,nha_tho_lon,5,Nhà Thờ Lớn,St. Joseph's Cathedral Hanoi,224,224,55498c198c518b8ce0831582a153c294,35518
Nhà Thờ Lớn Hà Nội nằm ở đường nào _ Viet Fun Travel.jpg,nha_tho_lon,5,Nhà Thờ Lớn,St. Joseph's Cathedral Hanoi,224,224,4fe7a15f7a16b4b279d263399f50af9a,37923
Nhà Thờ Lớn Hà Nội – Điểm check-in mang đậm nét hoài cổ-001.jpg,nha_tho_lon,5,Nhà Thờ Lớn,St. Joseph's Cathedral Hanoi,224,224,9a03bbb1287b8d4bf4ed782e00c07484,34616
Nhà Thờ Lớn Hà Nội.jpg,nha_tho_lon,5,Nhà Thờ Lớn,St. Joseph's Cathedral Hanoi,224,224,c0d6662d37d221675c92cc1a75d265ca,37155
"Nhà Thờ Lớn Hà Nội_ Địa Chỉ, Lịch Sử & Điểm Đến Văn Hóa Nổi Tiếng - Khu du  lịch Bửu Long.jpg",nha_tho_lon,5,Nhà Thờ Lớn,St. Joseph's Cathedral Hanoi,224,224,1cc25b3bcfea87a0560747020306a5a0,31026
Nhà Thờ Lớn Hà Nội🎄☃️🎄⛄️🎁🎊 - YouTube.jpg,nha_tho_lon,5,Nhà Thờ Lớn,St. Joseph's Cathedral Hanoi,224,224,b61ea54031849a6d32cfd61ecb541cec,31433
Nhà Thờ Lớn_ Nét thu Hà Nội qua ly trà chanh và xôi cốm.jpg,nha_tho_lon,5,Nhà Thờ Lớn,St. Joseph's Cathedral Hanoi,224,224,6d1fd86ed9418a4645f13733941160b2,39146
Nhà Thờ lớn Hà Nội 'ken đặc' người dân trong đêm Giáng sinh.jpg,nha_tho_lon,5,Nhà Thờ Lớn,St. Joseph's Cathedral Hanoi,224,224,29adc52e7882a1da4ae47e8b35a35fdb,35488
Nhà Thờ lớn ở Hà Nội 'thay áo mới' đón Tết Nguyên đán 2022 _ baotintuc.vn-001.jpg,nha_tho_lon,5,Nhà Thờ Lớn,St. Joseph's Cathedral Hanoi,224,224,cd04027d42f8166eef8af022cc1146d8,43307
Nhà Thờ lớn ở Hà Nội 'thay áo mới' đón Tết Nguyên đán 2022 _ baotintuc.vn.jpg,nha_tho_lon,5,Nhà Thờ Lớn,St. Joseph's Cathedral Hanoi,224,224,03df208b8985abed55bb0105cc838225,36984
Nhà sách Công Giáo ở Hà Nội – NSCG ở Miền Bắc – Bàn Thờ Chúa Beconi.jpg,nha_tho_lon,5,Nhà Thờ Lớn,St. Joseph's Cathedral Hanoi,224,224,5b0008f3ef1d818cf65f37c17e33c03f,35293
Nhà sách Nhà Thờ Lớn Hà Nội – Dòng Phaolo Thiện Bản – Bàn Thờ Chúa Beconi-001.jpg,nha_tho_lon,5,Nhà Thờ Lớn,St. Joseph's Cathedral Hanoi,224,224,e8505fcbca9671c0bae48bade3d0a368,39484
Nhà sách Nhà Thờ Lớn Hà Nội – Dòng Phaolo Thiện Bản – Bàn Thờ Chúa Beconi.jpg,nha_tho_lon,5,Nhà Thờ Lớn,St. Joseph's Cathedral Hanoi,224,224,1ee3dcaba2e6da425e1c5292092d9e6f,37641
Nhà thờ Lớn - Hà Nội.jpg,nha_tho_lon,5,Nhà Thờ Lớn,St. Joseph's Cathedral Hanoi,224,224,4206cefc2ce8b1f0b953eb5ddc5f2aac,30320
Nhà thờ Lớn - khoảng lặng trong lòng đô thị.jpg,nha_tho_lon,5,Nhà Thờ Lớn,St. Joseph's Cathedral Hanoi,224,224,69f1e08a39e49f4ff0fb76f048b7d0ab,32512
Nhà thờ Lớn Hà Nội - Khám phá điểm check-in cực chất-001.jpg,nha_tho_lon,5,Nhà Thờ Lớn,St. Joseph's Cathedral Hanoi,224,224,0143a9b7935cf6cf26214b600292bbf7,35539
Nhà thờ Lớn Hà Nội - Khám phá điểm check-in cực chất.jpg,nha_tho_lon,5,Nhà Thờ Lớn,St. Joseph's Cathedral Hanoi,224,224,4524b2b6ba27223bb92c8fcf81f8c95d,36969
Nhà thờ Lớn Hà Nội - Nhà thờ chính tòa Thánh Giuse.jpg,nha_tho_lon,5,Nhà Thờ Lớn,St. Joseph's Cathedral Hanoi,224,224,45b29c7d9ba883ca03fc441c242594dc,39710
Nhà thờ Lớn Hà Nội - Tạp chí Kiến Trúc-001.jpg,nha_tho_lon,5,Nhà Thờ Lớn,St. Joseph's Cathedral Hanoi,224,224,3467bac73583fd1e895084c7ea2ebbc5,28652
Nhà thờ Lớn Hà Nội - Tạp chí Kiến Trúc.jpg,nha_tho_lon,5,Nhà Thờ Lớn,St. Joseph's Cathedral Hanoi,224,224,629e4938e2645f3547eab335accf6660,31571
"Nhà thờ Lớn Hà Nội - Thông tin, địa điểm và các góc ảnh đẹp-001.jpg",nha_tho_lon,5,Nhà Thờ Lớn,St. Joseph's Cathedral Hanoi,224,224,f820655875682ddcd190ea88368d4202,40435
"Nhà thờ Lớn Hà Nội - Thông tin, địa điểm và các góc ảnh đẹp-002.jpg",nha_tho_lon,5,Nhà Thờ Lớn,St. Joseph's Cathedral Hanoi,224,224,7642e13276eaf7e86a80754ea91f92f3,27091
"Nhà thờ Lớn Hà Nội - Thông tin, địa điểm và các góc ảnh đẹp.jpg",nha_tho_lon,5,Nhà Thờ Lớn,St. Joseph's Cathedral Hanoi,224,224,8123241901e56afa87c82601245a9059,32614
Nhà thờ Lớn Hà Nội - nét Tây phương cổ kính giữa lòng Thủ đô-001.jpg,nha_tho_lon,5,Nhà Thờ Lớn,St. Joseph's Cathedral Hanoi,224,224,5daeb201c129898e41805f8009163fc1,36177
Nhà thờ Lớn Hà Nội - nét Tây phương cổ kính giữa lòng Thủ đô-002.jpg,nha_tho_lon,5,Nhà Thờ Lớn,St. Joseph's Cathedral Hanoi,224,224,779d4a0714e202aa5c1177ec956b408a,28692
Nhà thờ Lớn Hà Nội - nét Tây phương cổ kính giữa lòng Thủ đô-003.jpg,nha_tho_lon,5,Nhà Thờ Lớn,St. Joseph's Cathedral Hanoi,224,224,e6f9544ec0ef841f3ef4d6227f9bf985,37247
Nhà thờ Lớn Hà Nội - nét Tây phương cổ kính giữa lòng Thủ đô.jpg,nha_tho_lon,5,Nhà Thờ Lớn,St. Joseph's Cathedral Hanoi,224,224,88521b0825c1ae85f92509ee57bf9ff1,35021
Nhà thờ Lớn Hà Nội - Địa điểm check in cực hot với giới trẻ-001.jpg,nha_tho_lon,5,Nhà Thờ Lớn,St. Joseph's Cathedral Hanoi,224,224,f13d0b9b16d460c91033689a1edba2d8,30103
Nhà thờ Lớn Hà Nội - Địa điểm check in cực hot với giới trẻ.jpg,nha_tho_lon,5,Nhà Thờ Lớn,St. Joseph's Cathedral Hanoi,224,224,db655f287d8d545fd1bad2a416263a5b,32258
Nhà thờ Lớn Hà Nội - điểm check in ấn tượng dịp Lễ Giáng sinh không nên bỏ  qua-001.jpg,nha_tho_lon,5,Nhà Thờ Lớn,St. Joseph's Cathedral Hanoi,224,224,edbaa5ae3e2293258774c31d0efc5bb7,25637
Nhà thờ Lớn Hà Nội - điểm check in ấn tượng dịp Lễ Giáng sinh không nên bỏ  qua.jpg,nha_tho_lon,5,Nhà Thờ Lớn,St. Joseph's Cathedral Hanoi,224,224,96bee1852b9b73c30f017fb77420ca36,35302
Nhà thờ Lớn Hà Nội _ Justfly.vn-001.jpg,nha_tho_lon,5,Nhà Thờ Lớn,St. Joseph's Cathedral Hanoi,224,224,cec132a4cd40cffb7ddb723af1da802e,32768
Nhà thờ Lớn Hà Nội _ Justfly.vn-002.jpg,nha_tho_lon,5,Nhà Thờ Lớn,St. Joseph's Cathedral Hanoi,224,224,2c79a56c907eeed9ab2dcac047e30c33,36658
Nhà thờ Lớn Hà Nội _ Justfly.vn-003.jpg,nha_tho_lon,5,Nhà Thờ Lớn,St. Joseph's Cathedral Hanoi,224,224,93b2eba515dda39bbe630b0ff12e0d4a,31819
Nhà thờ Lớn Hà Nội _ Justfly.vn-004.jpg,nha_tho_lon,5,Nhà Thờ Lớn,St. Joseph's Cathedral Hanoi,224,224,a0f9dc5601d89aa72687421ca88fb0d0,22149
Nhà thờ Lớn Hà Nội _ Justfly.vn-005.jpg,nha_tho_lon,5,Nhà Thờ Lớn,St. Joseph's Cathedral Hanoi,224,224,4bf55bae5fc4d2ad6aa7d0288763ef2c,33044
Nhà thờ Lớn Hà Nội _ Justfly.vn.jpg,nha_tho_lon,5,Nhà Thờ Lớn,St. Joseph's Cathedral Hanoi,224,224,04e8e60cadd6f67bf6f04ef0d8d72460,36933
Nhà thờ Lớn Hà Nội chuẩn bị cho lễ Giáng sinh - Báo VnExpress.jpg,nha_tho_lon,5,Nhà Thờ Lớn,St. Joseph's Cathedral Hanoi,224,224,6348d2dd544cde3312cd4dcb8176f0ef,35387
"Nhà thờ Lớn Hà Nội hoàn thiện 'lớp áo' mới, vẹn nguyên vẻ đẹp cổ kính, rêu  phong-001.jpg",nha_tho_lon,5,Nhà Thờ Lớn,St. Joseph's Cathedral Hanoi,224,224,7ffa0a004643e8c0838015544f3adf26,32948
"Nhà thờ Lớn Hà Nội hoàn thiện 'lớp áo' mới, vẹn nguyên vẻ đẹp cổ kính, rêu  phong.jpg",nha_tho_lon,5,Nhà Thờ Lớn,St. Joseph's Cathedral Hanoi,224,224,1664a432b0e5453acfd83f6be90b9d9e,34742
"Nhà thờ Lớn Hà Nội lung linh trước đêm Giáng Sinh, thu hút du khách đến  chiêm ngưỡng-001.jpg",nha_tho_lon,5,Nhà Thờ Lớn,St. Joseph's Cathedral Hanoi,224,224,80c0c6c7c9e4c32b81cdfc1bc89684e4,24688
"Nhà thờ Lớn Hà Nội lung linh trước đêm Giáng Sinh, thu hút du khách đến  chiêm ngưỡng.jpg",nha_tho_lon,5,Nhà Thờ Lớn,St. Joseph's Cathedral Hanoi,224,224,d8a873453ea6093bea8c3cad4957640f,37586
"Nhà thờ Lớn Hà Nội lung linh trước đêm Giáng Sinh, thu hút đông đảo du  khách đến chiêm ngưỡng.jpg",nha_tho_lon,5,Nhà Thờ Lớn,St. Joseph's Cathedral Hanoi,224,224,ec807c6325418ad98be0ace04a8b9e33,42082
"Nhà thờ Lớn Hà Nội lung linh, tấp nập trước đêm Giáng Sinh.jpg",nha_tho_lon,5,Nhà Thờ Lớn,St. Joseph's Cathedral Hanoi,224,224,34f05024daee40a6869309fb31a8fdb8,33298
Nhà thờ Lớn Hà Nội tại Phố Cổ _ Expedia-001.jpg,nha_tho_lon,5,Nhà Thờ Lớn,St. Joseph's Cathedral Hanoi,224,224,d474ac6b256807dbe7c08ae19d6f58dd,30580
Nhà thờ Lớn Hà Nội tại Phố Cổ _ Expedia-002.jpg,nha_tho_lon,5,Nhà Thờ Lớn,St. Joseph's Cathedral Hanoi,224,224,76903b62a56c41f94f595b6837334210,34005
"Nhà thờ Lớn Hà Nội trang hoàng lộng lẫy, du khách check-in từ sáng đến đêm.jpg",nha_tho_lon,5,Nhà Thờ Lớn,St. Joseph's Cathedral Hanoi,224,224,0c20cd3e4f49b99c8a2fd4d877eebc73,41760
Nhà thờ Lớn Hà Nội trở lại dáng vẻ cổ kính vốn có.jpg,nha_tho_lon,5,Nhà Thờ Lớn,St. Joseph's Cathedral Hanoi,224,224,e19f92635a71f2497a8b9961a26ad452,22594
Nhà thờ Lớn Hà Nội trở về nét cổ kính sau thời gian dài tu sửa-001.jpg,nha_tho_lon,5,Nhà Thờ Lớn,St. Joseph's Cathedral Hanoi,224,224,203ff79c4e50b7e3bfb604437cdd3d7d,34510
Nhà thờ Lớn Hà Nội trở về nét cổ kính sau thời gian dài tu sửa.jpg,nha_tho_lon,5,Nhà Thờ Lớn,St. Joseph's Cathedral Hanoi,224,224,c2fe1792f3ecb427ebc82bf884471a17,33329
Nhà thờ Lớn Hà Nội trùng tu - Báo Công giáo và Dân tộc.jpg,nha_tho_lon,5,Nhà Thờ Lớn,St. Joseph's Cathedral Hanoi,224,224,5020f8698600455ea44ee57a6d799f26,29618
Nhà thờ Lớn Hà Nội trước ngày 'khoác áo mới'-001.jpg,nha_tho_lon,5,Nhà Thờ Lớn,St. Joseph's Cathedral Hanoi,224,224,d4f503b9077e4b9bcb45feea76e3b945,37744
Nhà thờ Lớn Hà Nội trước ngày 'khoác áo mới'-002.jpg,nha_tho_lon,5,Nhà Thờ Lớn,St. Joseph's Cathedral Hanoi,224,224,8586fdfffc3cc7e25e710038cb3b2606,30116
Nhà thờ Lớn Hà Nội trước ngày 'khoác áo mới'.jpg,nha_tho_lon,5,Nhà Thờ Lớn,St. Joseph's Cathedral Hanoi,224,224,02e7b86d820a724b014acbb1469b816f,34930
Nhà thờ Lớn Hà Nội đón không khí Giáng Sinh 2024 #merrychristmas #noel  #travel - YouTube.jpg,nha_tho_lon,5,Nhà Thờ Lớn,St. Joseph's Cathedral Hanoi,224,224,e993880a6c497d36edd836292aafcb38,37295
"Nhà thờ Lớn Hà Nội được tu sửa hết khoảng 10 tỷ đồng, sắp hoàn thiện.jpg",nha_tho_lon,5,Nhà Thờ Lớn,St. Joseph's Cathedral Hanoi,224,224,357a96ce4cfa3584b4dcbb2430d56b14,33928
Nhà thờ Lớn Hà Nội – Wikipedia tiếng Việt.jpg,nha_tho_lon,5,Nhà Thờ Lớn,St. Joseph's Cathedral Hanoi,224,224,3a4ff2b1b1d2b6764b782208eef0e718,37407
Nhà thờ Lớn Hà Nội – Điểm nhấn kiến trúc ở khu phố cổ.jpg,nha_tho_lon,5,Nhà Thờ Lớn,St. Joseph's Cathedral Hanoi,224,224,99a575e8b315f97870c49d31c0422f7b,26976
Nhà thờ Lớn Hà Nội – Điểm đến xuyên 3 thế kỷ-001.jpg,nha_tho_lon,5,Nhà Thờ Lớn,St. Joseph's Cathedral Hanoi,224,224,c54c3eddb37383d8343d47901fa9513d,34915
Nhà thờ Lớn Hà Nội – Điểm đến xuyên 3 thế kỷ.jpg,nha_tho_lon,5,Nhà Thờ Lớn,St. Joseph's Cathedral Hanoi,224,224,6128f67b0a68487c4b4ec894fdb6f8b7,34738
Nhà thờ Lớn Hà Nội_ Khám phá nhà thờ cổ đẹp nhất thủ đô-001.jpg,nha_tho_lon,5,Nhà Thờ Lớn,St. Joseph's Cathedral Hanoi,224,224,a2dc4037276ed91bd967955162afc3b2,28328
Nhà thờ Lớn Hà Nội_ Khám phá nhà thờ cổ đẹp nhất thủ đô-002.jpg,nha_tho_lon,5,Nhà Thờ Lớn,St. Joseph's Cathedral Hanoi,224,224,e3e50282416e9df139983fb114046029,35218
Nhà thờ Lớn Hà Nội_ Khám phá nhà thờ cổ đẹp nhất thủ đô-003.jpg,nha_tho_lon,5,Nhà Thờ Lớn,St. Joseph's Cathedral Hanoi,224,224,03682ead5ad9f15f1d4a52ccf90776b9,30873
Nhà thờ Lớn Hà Nội_ Khám phá nhà thờ cổ đẹp nhất thủ đô-004.jpg,nha_tho_lon,5,Nhà Thờ Lớn,St. Joseph's Cathedral Hanoi,224,224,5763ad0518bcf1f4967778642be68760,36132
Nhà thờ Lớn Hà Nội_ Khám phá nhà thờ cổ đẹp nhất thủ đô.jpg,nha_tho_lon,5,Nhà Thờ Lớn,St. Joseph's Cathedral Hanoi,224,224,3d77f65cce1f87cf1b7558acf2d193c6,32101
Nhà thờ Lớn Hà Nội_ Trải nghiệm mùa thu độc đáo giữa phố cổ.jpg,nha_tho_lon,5,Nhà Thờ Lớn,St. Joseph's Cathedral Hanoi,224,224,fc3a0b8de6816a528955dca6ab66e895,48195
"Nhà thờ Lớn Hà Nội_ lịch sử, kiến trúc, 1 biểu tượng vững chắc - Hà Nội  Review.jpg",nha_tho_lon,5,Nhà Thờ Lớn,St. Joseph's Cathedral Hanoi,224,224,c7f1fae4df2ffe749bcc2b6ef6d5c013,28480
Nhà thờ Lớn Hà Nội_ Điểm đi chơi Noel đón Giáng sinh an lành và ấm áp.jpg,nha_tho_lon,5,Nhà Thờ Lớn,St. Joseph's Cathedral Hanoi,224,224,e72f49ef9438c9c3710be860098db84d,33287
Nhà thờ Lớn Hà Nội_ Địa điểm tham quan đẹp giữa lòng Thủ Đô _ Green SM-001.jpg,nha_tho_lon,5,Nhà Thờ Lớn,St. Joseph's Cathedral Hanoi,224,224,8209a255cd39a8f71ce5297f560583fc,32245
Nhà thờ Lớn Hà Nội_ Địa điểm tham quan đẹp giữa lòng Thủ Đô _ Green SM-002.jpg,nha_tho_lon,5,Nhà Thờ Lớn,St. Joseph's Cathedral Hanoi,224,224,1975d5abe7cda7261b1897414b089be0,34276
Nhà thờ Lớn Hà Nội_ Địa điểm tham quan đẹp giữa lòng Thủ Đô _ Green SM.jpg,nha_tho_lon,5,Nhà Thờ Lớn,St. Joseph's Cathedral Hanoi,224,224,8d03f5c87539247468da39f76f55fad6,39340
"Nhà thờ Lớn lung linh, sạch đẹp trước lễ Giáng sinh.jpg",nha_tho_lon,5,Nhà Thờ Lớn,St. Joseph's Cathedral Hanoi,224,224,48caf2a34cb77787d8532cc2d721203b,30898
Nhà thờ Lớn ở Hà Nội bất ngờ thay _áo mới_ khiến nhiều người ngỡ ngàng.jpg,nha_tho_lon,5,Nhà Thờ Lớn,St. Joseph's Cathedral Hanoi,224,224,4b4c79ff02945a077f3937ce06f2db15,33359
"Nhà thờ lớn Hà Nội (St. Joseph's Cathedral, Hanoi) – HANOI PLACES.jpg",nha_tho_lon,5,Nhà Thờ Lớn,St. Joseph's Cathedral Hanoi,224,224,75bebd173ecf7775cda88ccfa9c0e21f,31085
Nhà thờ lớn Hà Nội - Cẩm nang tham quan tiết kiệm.jpg,nha_tho_lon,5,Nhà Thờ Lớn,St. Joseph's Cathedral Hanoi,224,224,cf95898ec185321494ca096e83882edf,35474
Nhà thờ lớn Hà Nội - VNTRIP.VN-001.jpg,nha_tho_lon,5,Nhà Thờ Lớn,St. Joseph's Cathedral Hanoi,224,224,eabb78fa4ff6a379c417ca5ad085dde6,35764
Nhà thờ lớn Hà Nội - VNTRIP.VN-002.jpg,nha_tho_lon,5,Nhà Thờ Lớn,St. Joseph's Cathedral Hanoi,224,224,fc28bf1745ac1778b9885c042cbc4854,33175
Nhà thờ lớn Hà Nội - VNTRIP.VN.jpg,nha_tho_lon,5,Nhà Thờ Lớn,St. Joseph's Cathedral Hanoi,224,224,6d2ecef5b50257a0b815de7e4a21f158,42000
Nhà thờ lớn Hà Nội - Điểm đến - Cục Du lịch Quốc gia Việt Nam.jpg,nha_tho_lon,5,Nhà Thờ Lớn,St. Joseph's Cathedral Hanoi,224,224,5823caabde61cb31206d744fb0c3d4f3,35004
Nhà thờ lớn Hà Nội mang diện mạo mới trong kỳ nghỉ lễ-001.jpg,nha_tho_lon,5,Nhà Thờ Lớn,St. Joseph's Cathedral Hanoi,224,224,7c54d00f95cfd7404f7cddeb99ed528c,36316
Nhà thờ lớn Hà Nội mang diện mạo mới trong kỳ nghỉ lễ-002.jpg,nha_tho_lon,5,Nhà Thờ Lớn,St. Joseph's Cathedral Hanoi,224,224,cd2850109fa0446eb695edbaeda569a2,34698
Nhà thờ lớn Hà Nội mang diện mạo mới trong kỳ nghỉ lễ.jpg,nha_tho_lon,5,Nhà Thờ Lớn,St. Joseph's Cathedral Hanoi,224,224,40c80ba3e92b2e8537d721b3d86a38f7,34749
"Nhà thờ lớn Hà Nội sơn sửa, không tổ chức Giáng sinh năm 2021.jpg",nha_tho_lon,5,Nhà Thờ Lớn,St. Joseph's Cathedral Hanoi,224,224,6f0cc784451cb06615d7081e69c76102,28551
Nhà thờ lớn Hà Nội với kiến trúc Gothic nổi bật giữa lòng thủ đô.jpg,nha_tho_lon,5,Nhà Thờ Lớn,St. Joseph's Cathedral Hanoi,224,224,de750610a611af0aeb47489cb2470bd7,28860
Nhà thờ lớn Hà Nội – điểm check in không thể thiếu của giới trẻ I Digiticket-001.jpg,nha_tho_lon,5,Nhà Thờ Lớn,St. Joseph's Cathedral Hanoi,224,224,ba890277e6efd5f388fb65fae843e7e6,37928
Nhà thờ lớn Hà Nội – điểm check in không thể thiếu của giới trẻ I Digiticket-002.jpg,nha_tho_lon,5,Nhà Thờ Lớn,St. Joseph's Cathedral Hanoi,224,224,3835e56f90b940368ef117f7ee9cb3e8,40137
Nhà thờ lớn Hà Nội – điểm check in không thể thiếu của giới trẻ I Digiticket-003.jpg,nha_tho_lon,5,Nhà Thờ Lớn,St. Joseph's Cathedral Hanoi,224,224,58f4ce2cd42859afff76eff9de8533ab,31746
Nhà thờ lớn Hà Nội – điểm check in không thể thiếu của giới trẻ I Digiticket.jpg,nha_tho_lon,5,Nhà Thờ Lớn,St. Joseph's Cathedral Hanoi,224,224,89ff8e41092e5521adee9ea0cf9b6fa4,32548
"Nhà thờ lớn Hà Nội-Giá trị kiến trúc,cảnh quan của nhà thờ Công Giáo.jpg",nha_tho_lon,5,Nhà Thờ Lớn,St. Joseph's Cathedral Hanoi,224,224,16e61b7269c6b8384558d92e1cfc2aa1,33691
Nhà thờ lớn Hà Nội_ Lưu luyến những hình ảnh cuối cùng trước ngày _thay áo  mới_.jpg,nha_tho_lon,5,Nhà Thờ Lớn,St. Joseph's Cathedral Hanoi,224,224,4baa4cd9386885b45fcf8fb7794395ad,33196
Nhà thờ lớn hà nội - cách hồ hoàn kiếm chỉ 5 phút đi bộ.jpg,nha_tho_lon,5,Nhà Thờ Lớn,St. Joseph's Cathedral Hanoi,224,224,bcab3978fb3894015ee2d89e8e62656e,31801
Nhà thờ tại Hà Nội trang hoàng chuẩn bị đón Giáng sinh.jpg,nha_tho_lon,5,Nhà Thờ Lớn,St. Joseph's Cathedral Hanoi,224,224,1694614fa0edd2deb156bee81854a801,38981
"Những hình ảnh cuối cùng của Nhà thờ lớn Hà Nội trước ngày _khoác áo mới_ -  Báo và Phát thanh, Truyền hình Lạng Sơn.jpg",nha_tho_lon,5,Nhà Thờ Lớn,St. Joseph's Cathedral Hanoi,224,224,1a50b229f857485a544c4f4ac1202e6f,33028
Những nhà thờ cổ kính tại Hà Nội.jpg,nha_tho_lon,5,Nhà Thờ Lớn,St. Joseph's Cathedral Hanoi,224,224,8627ff80cce0228bb69bbc817a1612da,33950
Những nhà thờ ở Hà Nội nên đến trong lễ Giáng Sinh _ baotintuc.vn.jpg,nha_tho_lon,5,Nhà Thờ Lớn,St. Joseph's Cathedral Hanoi,224,224,a715e4bef5f170755046da30771546d7,34087
Noel ấm áp giữa lòng Thủ đô tại Nhà thờ Lớn Hà Nội-001.jpg,nha_tho_lon,5,Nhà Thờ Lớn,St. Joseph's Cathedral Hanoi,224,224,bd182c300ba5a3ec3aac42bce138f67e,39507
Noel ấm áp giữa lòng Thủ đô tại Nhà thờ Lớn Hà Nội.jpg,nha_tho_lon,5,Nhà Thờ Lớn,St. Joseph's Cathedral Hanoi,224,224,d3c9a0bad6b0010d0901bd92eaac82be,38162
Phố Nhà Thờ Hà Nội_ Tọa độ ĂN CHƠI - check in hot 2026.jpg,nha_tho_lon,5,Nhà Thờ Lớn,St. Joseph's Cathedral Hanoi,224,224,0eaa7fe1bc19eccd8c039032f38e0cee,34224
Quanh Nhà thờ Lớn Hà Nội_ Ăn gì từ sáng đến tối_.jpg,nha_tho_lon,5,Nhà Thờ Lớn,St. Joseph's Cathedral Hanoi,224,224,44f3d56aae635e76717ca85fb89e6daa,35377
Quá trình thay lớp áo mới của Nhà thờ lớn Hà Nội-001.jpg,nha_tho_lon,5,Nhà Thờ Lớn,St. Joseph's Cathedral Hanoi,224,224,8d096753ab0f472dc800b7c409e4e49a,35463
Quá trình thay lớp áo mới của Nhà thờ lớn Hà Nội-002.jpg,nha_tho_lon,5,Nhà Thờ Lớn,St. Joseph's Cathedral Hanoi,224,224,08e88187726da6b374995bd8147ccc6a,24318
Quá trình thay lớp áo mới của Nhà thờ lớn Hà Nội.jpg,nha_tho_lon,5,Nhà Thờ Lớn,St. Joseph's Cathedral Hanoi,224,224,e11338451b41756322c1cd815b8462fc,29778
Quét Laser Scan 3D Nhà Thờ Lớn Hà Nội – Lưu giữ số liệu bảo tồn di tíc.jpg,nha_tho_lon,5,Nhà Thờ Lớn,St. Joseph's Cathedral Hanoi,224,224,1ef3bb2dc20876bf7f50aca72491144a,11803
So sánh hình ảnh Nhà Thờ Lớn Hà Nội trước và sau khi trùng tu sửa chữa _  Báo Dân trí.jpg,nha_tho_lon,5,Nhà Thờ Lớn,St. Joseph's Cathedral Hanoi,224,224,53a8c10aaa64a0b00b94e84fe1871dd9,37567
"St. Joseph's Cathedral (Vietnamese_ Nhà thờ Lớn Hà Nội, Nhà thờ Chính tòa  Thánh Giuse) - Ảnh của Phố Cổ Hà Nội, Hà Nội - Tripadvisor.jpg",nha_tho_lon,5,Nhà Thờ Lớn,St. Joseph's Cathedral Hanoi,224,224,9fadbcdb9050e17667048459834479eb,26525
Sự giao thoa kiến trúc Á - Âu thông qua đặc điểm và giá trị kiến trúc của nhà  thờ Lớn Hà Nội - Tạp chí Kiến Trúc-001.jpg,nha_tho_lon,5,Nhà Thờ Lớn,St. Joseph's Cathedral Hanoi,224,224,821d532cfb6182cb79bf451c2741dd4b,20305
Sự giao thoa kiến trúc Á - Âu thông qua đặc điểm và giá trị kiến trúc của nhà  thờ Lớn Hà Nội - Tạp chí Kiến Trúc.jpg,nha_tho_lon,5,Nhà Thờ Lớn,St. Joseph's Cathedral Hanoi,224,224,e0462b322d5dd3c49903da3834dbc445,37435
Tham Quan Nhà Thờ Lớn Hà Nội và Quang Cảnh Phố Cổ Hà Nội Về Đêm - YouTube.jpg,nha_tho_lon,5,Nhà Thờ Lớn,St. Joseph's Cathedral Hanoi,224,224,d5da9a8970cc303bbd479a2a9a2a3b07,38574
Tham Quan Những Nhà Thờ Công giáo Nổi Tiếng ở Hà Nội.jpg,nha_tho_lon,5,Nhà Thờ Lớn,St. Joseph's Cathedral Hanoi,224,224,3ffca6cf4da0a5103f645f26708e0181,33901
Tham dự Lễ giáng sinh tại nhà thờ Lớn Hà Nội 2017.jpg,nha_tho_lon,5,Nhà Thờ Lớn,St. Joseph's Cathedral Hanoi,224,224,95bf3166ddd7414c53e99523ad2a6a51,31085
"Thiên đường ẩm thực' quanh Nhà thờ Lớn Hà Nội, níu chân khách từ sáng đến  tối - Sở Du Lịch Hà Nội.jpg",nha_tho_lon,5,Nhà Thờ Lớn,St. Joseph's Cathedral Hanoi,224,224,4210efa734028049b298b854d7d31e7f,44540
"Tin tức, hình ảnh, video clip mới nhất về Nhà thờ Lớn Hà Nội.jpg",nha_tho_lon,5,Nhà Thờ Lớn,St. Joseph's Cathedral Hanoi,224,224,ee48d146cdd2a77408864da5eeec0993,34361
"Toàn cảnh Nhà Thờ Lớn - biểu tượng check-in của Hà Nội sau khi _thay áo  mới_, giới trẻ bắt đầu rủ nhau đến chụp ảnh tưng bừng.jpg",nha_tho_lon,5,Nhà Thờ Lớn,St. Joseph's Cathedral Hanoi,224,224,57911d532f51a4480d04c8f7fe7b2078,34073
"Top 3 nhà thờ trang trí lộng lẫy nhất Hà Nội, bạn phải ghé qua dịp Noel này.jpg",nha_tho_lon,5,Nhà Thờ Lớn,St. Joseph's Cathedral Hanoi,224,224,2a0427c1eb6a9a3ae8afb5572db21d32,34210
"Vector Nhà Thờ Lớn Hà Nội, Hình Phác Họa, Hình Vẽ - Free.Vector6.com.jpg",nha_tho_lon,5,Nhà Thờ Lớn,St. Joseph's Cathedral Hanoi,224,224,c3595382dffbb4ddd9df06cb434e9696,24300
"Vẽ ký họa nhà thờ lớn Hà Nội Việt Nam, Quan Art Drawing.jpg",nha_tho_lon,5,Nhà Thờ Lớn,St. Joseph's Cathedral Hanoi,224,224,4f133b2f4871e5f107b73e7f184a9821,37843
ảnh] Nhà thờ Lớn Hà Nội trở lại vẻ cổ kính vốn có sau nhiều lần quét sơn  mới _ VOV2.VN-001.jpg,nha_tho_lon,5,Nhà Thờ Lớn,St. Joseph's Cathedral Hanoi,224,224,1714f7df87f4371c441b443d56978652,32916
ảnh] Nhà thờ Lớn Hà Nội trở lại vẻ cổ kính vốn có sau nhiều lần quét sơn  mới _ VOV2.VN.jpg,nha_tho_lon,5,Nhà Thờ Lớn,St. Joseph's Cathedral Hanoi,224,224,ad906a09d052ee310b13fd5cb00d3339,29459
"la cathédrale d'Hanoï - Ảnh của Nhà Thờ Lớn, Hà Nội - Tripadvisor.jpg",nha_tho_lon,5,Nhà Thờ Lớn,St. Joseph's Cathedral Hanoi,224,224,9fea905428f81a3be13b81070c6a177f,19734
nha_tho_lon_0001.jpg,nha_tho_lon,5,Nhà Thờ Lớn,St. Joseph's Cathedral Hanoi,224,224,e2ec973f5f0d63a583a70d87ee609128,37290
nha_tho_lon_0006.jpg,nha_tho_lon,5,Nhà Thờ Lớn,St. Joseph's Cathedral Hanoi,224,224,3b73b22b8ac1c016339d8f5bed962c2f,40933
nha_tho_lon_0007.jpg,nha_tho_lon,5,Nhà Thờ Lớn,St. Joseph's Cathedral Hanoi,224,224,c4bb69bf963bbc7d1acf21bc1b6f4189,35268
nha_tho_lon_0008.jpg,nha_tho_lon,5,Nhà Thờ Lớn,St. Joseph's Cathedral Hanoi,224,224,b1c0c3bc64abd29210bdf707904f947b,34806
nha_tho_lon_0009.jpg,nha_tho_lon,5,Nhà Thờ Lớn,St. Joseph's Cathedral Hanoi,224,224,879e50494df9e708e1a3a965116b40a9,31038
nha_tho_lon_0010.jpg,nha_tho_lon,5,Nhà Thờ Lớn,St. Joseph's Cathedral Hanoi,224,224,fe714cfd122dc1844b0bf9222559e249,36731
nha_tho_lon_0012.jpg,nha_tho_lon,5,Nhà Thờ Lớn,St. Joseph's Cathedral Hanoi,224,224,23ef0b3df276738e46726e7002842c72,35857
nha_tho_lon_0013.jpg,nha_tho_lon,5,Nhà Thờ Lớn,St. Joseph's Cathedral Hanoi,224,224,134326c4b489e6396687f6a4e322ded5,36521
nha_tho_lon_0014.jpg,nha_tho_lon,5,Nhà Thờ Lớn,St. Joseph's Cathedral Hanoi,224,224,3411631ffd0efb2769c9d70076096f2a,39678
nha_tho_lon_0017.jpg,nha_tho_lon,5,Nhà Thờ Lớn,St. Joseph's Cathedral Hanoi,224,224,652d9569f118435b873643f07133ea2f,24841
nha_tho_lon_0019.jpg,nha_tho_lon,5,Nhà Thờ Lớn,St. Joseph's Cathedral Hanoi,224,224,e00f9bb988a115ce1e9b1e9c6f3cf031,31583
nha_tho_lon_0020.jpg,nha_tho_lon,5,Nhà Thờ Lớn,St. Joseph's Cathedral Hanoi,224,224,138af1f14f1eeeff620600c1bcaf6887,33908
nha_tho_lon_0021.jpg,nha_tho_lon,5,Nhà Thờ Lớn,St. Joseph's Cathedral Hanoi,224,224,030f2ce23f0e358901a37984107d778c,32043
nha_tho_lon_0022.jpg,nha_tho_lon,5,Nhà Thờ Lớn,St. Joseph's Cathedral Hanoi,224,224,8e09facc965d377a889d41b0bc334d9f,36868
nha_tho_lon_0023.jpg,nha_tho_lon,5,Nhà Thờ Lớn,St. Joseph's Cathedral Hanoi,224,224,4df7dca69e8970e5bbd48b46ac7e5002,39559
nha_tho_lon_0024.jpg,nha_tho_lon,5,Nhà Thờ Lớn,St. Joseph's Cathedral Hanoi,224,224,f4f6c62fbba317f9791ab07d08d032fc,31615
nha_tho_lon_0025.jpg,nha_tho_lon,5,Nhà Thờ Lớn,St. Joseph's Cathedral Hanoi,224,224,8fceddee153cd8d8a2aa366c9bf16b5a,30763
nha_tho_lon_0026.jpg,nha_tho_lon,5,Nhà Thờ Lớn,St. Joseph's Cathedral Hanoi,224,224,632ff70309a88f847e3423c063aa04b0,36226
nha_tho_lon_0027.jpg,nha_tho_lon,5,Nhà Thờ Lớn,St. Joseph's Cathedral Hanoi,224,224,f72d8096e698c583a8778baaffe21873,28351
nha_tho_lon_0029.jpg,nha_tho_lon,5,Nhà Thờ Lớn,St. Joseph's Cathedral Hanoi,224,224,a38473e581decc99af340f6884f39412,27034
nha_tho_lon_0030.jpg,nha_tho_lon,5,Nhà Thờ Lớn,St. Joseph's Cathedral Hanoi,224,224,b2e8d1da7868022a5e6254a209d8e634,33384
nha_tho_lon_0031.jpg,nha_tho_lon,5,Nhà Thờ Lớn,St. Joseph's Cathedral Hanoi,224,224,d571c70ea8a79517a73fda50ac9a53b5,33558
nha_tho_lon_0032.jpg,nha_tho_lon,5,Nhà Thờ Lớn,St. Joseph's Cathedral Hanoi,224,224,72072e624da2e9bbdc38828ccc775b2e,25605
nha_tho_lon_0033.jpg,nha_tho_lon,5,Nhà Thờ Lớn,St. Joseph's Cathedral Hanoi,224,224,f910c9445146e1ef90c3e0d7fdee8d4a,28370
nha_tho_lon_0034.jpg,nha_tho_lon,5,Nhà Thờ Lớn,St. Joseph's Cathedral Hanoi,224,224,d4337a48b671614310e23719536771c9,29762
nha_tho_lon_0035.jpg,nha_tho_lon,5,Nhà Thờ Lớn,St. Joseph's Cathedral Hanoi,224,224,abb35a3a818d20dc7fe42089ff6c031c,32751
nha_tho_lon_0036.jpg,nha_tho_lon,5,Nhà Thờ Lớn,St. Joseph's Cathedral Hanoi,224,224,81e6be213c38e8c2dcc3b566d8784ca8,36470
nha_tho_lon_0037.jpg,nha_tho_lon,5,Nhà Thờ Lớn,St. Joseph's Cathedral Hanoi,224,224,3a553fd9141df76674c7b25f7afb4c4e,37389
nha_tho_lon_0038.jpg,nha_tho_lon,5,Nhà Thờ Lớn,St. Joseph's Cathedral Hanoi,224,224,321713a80071dcceb6ec5fb2b350ca8b,34140
nha_tho_lon_0039.jpg,nha_tho_lon,5,Nhà Thờ Lớn,St. Joseph's Cathedral Hanoi,224,224,965d63ce3ece421ad0bb6fb20d4ed172,32098
nha_tho_lon_0041.jpg,nha_tho_lon,5,Nhà Thờ Lớn,St. Joseph's Cathedral Hanoi,224,224,d840c7fa52f4d6069f6c7a46665f429c,31035
nha_tho_lon_0042.jpg,nha_tho_lon,5,Nhà Thờ Lớn,St. Joseph's Cathedral Hanoi,224,224,da22eb161c192d9a4a6f677273e213ac,35207
nha_tho_lon_0044.jpg,nha_tho_lon,5,Nhà Thờ Lớn,St. Joseph's Cathedral Hanoi,224,224,bb414bb69a61f6ee89770e0a0da9bbdb,38978
nha_tho_lon_0045.jpg,nha_tho_lon,5,Nhà Thờ Lớn,St. Joseph's Cathedral Hanoi,224,224,fb3218df56a79b20dacdd8e980df06dc,35018
nha_tho_lon_0049.jpg,nha_tho_lon,5,Nhà Thờ Lớn,St. Joseph's Cathedral Hanoi,224,224,e75247e900085cfa70075ccde607c6fb,38426
nha_tho_lon_0050.jpg,nha_tho_lon,5,Nhà Thờ Lớn,St. Joseph's Cathedral Hanoi,224,224,1d93df50b68d47078b42e1ba6d125e3e,30863
nha_tho_lon_0052.jpg,nha_tho_lon,5,Nhà Thờ Lớn,St. Joseph's Cathedral Hanoi,224,224,5e112c2d089ee5c3a12a8d37201ee7a2,32910
nha_tho_lon_0053.jpg,nha_tho_lon,5,Nhà Thờ Lớn,St. Joseph's Cathedral Hanoi,224,224,4a37876366d31d355ccc4e3a284cd89a,32080
nha_tho_lon_0055.jpg,nha_tho_lon,5,Nhà Thờ Lớn,St. Joseph's Cathedral Hanoi,224,224,31af4143633f7cce5083e9437e0e44af,31630
nha_tho_lon_0056.jpg,nha_tho_lon,5,Nhà Thờ Lớn,St. Joseph's Cathedral Hanoi,224,224,4066de974e8f8f1666eaf5a435c361a1,27372
nha_tho_lon_0057.jpg,nha_tho_lon,5,Nhà Thờ Lớn,St. Joseph's Cathedral Hanoi,224,224,b0e19660d97271d63e7b0342f3186015,22201
nha_tho_lon_0060.jpg,nha_tho_lon,5,Nhà Thờ Lớn,St. Joseph's Cathedral Hanoi,224,224,0d123338883be3ae4293f9c2876515a0,34129
nha_tho_lon_0083.jpg,nha_tho_lon,5,Nhà Thờ Lớn,St. Joseph's Cathedral Hanoi,224,224,e5b733e0502aa433c35865cfafb9d505,31972
nha_tho_lon_0098.jpg,nha_tho_lon,5,Nhà Thờ Lớn,St. Joseph's Cathedral Hanoi,224,224,cad1cc39009c31e8f9c3ffa636a4e9e4,35038
nha_tho_lon_0102.jpg,nha_tho_lon,5,Nhà Thờ Lớn,St. Joseph's Cathedral Hanoi,224,224,4e9f4ef9c66818503c736226187fe3d9,31716
nha_tho_lon_0124.jpg,nha_tho_lon,5,Nhà Thờ Lớn,St. Joseph's Cathedral Hanoi,224,224,e0ae030057e949c2693b0ddb82f002b9,30486
nha_tho_lon_0137.jpg,nha_tho_lon,5,Nhà Thờ Lớn,St. Joseph's Cathedral Hanoi,224,224,6028de0b0ddc7cdf83c6354b69617093,31474
nha_tho_lon_0151.jpg,nha_tho_lon,5,Nhà Thờ Lớn,St. Joseph's Cathedral Hanoi,224,224,4f5fc053810808dca6c4959ca82ddabd,30345
nha_tho_lon_0561.jpg,nha_tho_lon,5,Nhà Thờ Lớn,St. Joseph's Cathedral Hanoi,224,224,3edcf0deead462c18f780f8dc9142b44,33202
nha_tho_lon_0563.jpg,nha_tho_lon,5,Nhà Thờ Lớn,St. Joseph's Cathedral Hanoi,224,224,cc6e6c410ef15aba5c9173af78cbb0eb,23193
nha_tho_lon_0564.jpg,nha_tho_lon,5,Nhà Thờ Lớn,St. Joseph's Cathedral Hanoi,224,224,64632ce0b5af48479775e7c354fb39a2,24203
nha_tho_lon_0566.jpg,nha_tho_lon,5,Nhà Thờ Lớn,St. Joseph's Cathedral Hanoi,224,224,bd1f7d7c6e212c7f901db1ce8ade8bb8,37322
nha_tho_lon_0568.jpg,nha_tho_lon,5,Nhà Thờ Lớn,St. Joseph's Cathedral Hanoi,224,224,67a3d0316ceca012c43d6fd9a1cafd2a,34459
nha_tho_lon_0574.jpg,nha_tho_lon,5,Nhà Thờ Lớn,St. Joseph's Cathedral Hanoi,224,224,e95a2d538fa804a5d785821347cc1560,41412
nha_tho_lon_0584.jpg,nha_tho_lon,5,Nhà Thờ Lớn,St. Joseph's Cathedral Hanoi,224,224,37a61533b0f56e99e99f4c402228eaf1,29591
nha_tho_lon_0605.jpg,nha_tho_lon,5,Nhà Thờ Lớn,St. Joseph's Cathedral Hanoi,224,224,d3aad07a1337a267cd561b34cad6dd41,31284
nha_tho_lon_0619.jpg,nha_tho_lon,5,Nhà Thờ Lớn,St. Joseph's Cathedral Hanoi,224,224,036bb785d9c1a6905c03597fde02a350,25517
nha_tho_lon_0867.jpg,nha_tho_lon,5,Nhà Thờ Lớn,St. Joseph's Cathedral Hanoi,224,224,b5d3af60997fe33d3d7401a57c40b313,29305
nha_tho_lon_0868.jpg,nha_tho_lon,5,Nhà Thờ Lớn,St. Joseph's Cathedral Hanoi,224,224,ff6efc407c6bf6b3804f543c9471a97d,27961
nha_tho_lon_0869.jpg,nha_tho_lon,5,Nhà Thờ Lớn,St. Joseph's Cathedral Hanoi,224,224,6d45f2e743c9d30f545e3c1770dd6dff,31992
nha_tho_lon_0870.jpg,nha_tho_lon,5,Nhà Thờ Lớn,St. Joseph's Cathedral Hanoi,224,224,4a860af5598676a7c20174775ec27c10,35005
nha_tho_lon_0871.jpg,nha_tho_lon,5,Nhà Thờ Lớn,St. Joseph's Cathedral Hanoi,224,224,78b28e4a65a60c1e4863ab993d58c4cb,24889
nha_tho_lon_0877.jpg,nha_tho_lon,5,Nhà Thờ Lớn,St. Joseph's Cathedral Hanoi,224,224,a1447f180c4016a5809290f27409e85b,30310
nha_tho_lon_aug_00280.jpg,nha_tho_lon,5,Nhà Thờ Lớn,St. Joseph's Cathedral Hanoi,224,224,a6840e0de7ed831d6a57259decc20eb0,19258
nha_tho_lon_aug_00281.jpg,nha_tho_lon,5,Nhà Thờ Lớn,St. Joseph's Cathedral Hanoi,224,224,12890c6041d1460d4b386cc8c4a3eca4,35007
nha_tho_lon_aug_00282.jpg,nha_tho_lon,5,Nhà Thờ Lớn,St. Joseph's Cathedral Hanoi,224,224,690f52b706eb67441c64f44dec6968db,23542
nha_tho_lon_aug_00283.jpg,nha_tho_lon,5,Nhà Thờ Lớn,St. Joseph's Cathedral Hanoi,224,224,0993f250c09d96ad6d38cd06a0a8c8ae,26245
nha_tho_lon_aug_00284.jpg,nha_tho_lon,5,Nhà Thờ Lớn,St. Joseph's Cathedral Hanoi,224,224,11285b97c87111ad7de1b6f0429b3c8a,27338
nha_tho_lon_aug_00285.jpg,nha_tho_lon,5,Nhà Thờ Lớn,St. Joseph's Cathedral Hanoi,224,224,5365148d80badd2b88c35ec7e2527493,39527
nha_tho_lon_aug_00286.jpg,nha_tho_lon,5,Nhà Thờ Lớn,St. Joseph's Cathedral Hanoi,224,224,75e679e7633dae78dd5fd27d959a9ca0,35672
nha_tho_lon_aug_00287.jpg,nha_tho_lon,5,Nhà Thờ Lớn,St. Joseph's Cathedral Hanoi,224,224,4315a32f01e861a2ed1444d8a079be68,19646
nha_tho_lon_aug_00288.jpg,nha_tho_lon,5,Nhà Thờ Lớn,St. Joseph's Cathedral Hanoi,224,224,6d13250e97c73c02cf564799ae8d0a82,16861
nha_tho_lon_aug_00289.jpg,nha_tho_lon,5,Nhà Thờ Lớn,St. Joseph's Cathedral Hanoi,224,224,d200f1bb5ee64588ea9d1930c94234d0,30959
nha_tho_lon_aug_00290.jpg,nha_tho_lon,5,Nhà Thờ Lớn,St. Joseph's Cathedral Hanoi,224,224,0dca8f083340395fadcdd7b5032671d3,22536
nha_tho_lon_aug_00291.jpg,nha_tho_lon,5,Nhà Thờ Lớn,St. Joseph's Cathedral Hanoi,224,224,79a9d8c3b9852db3310ba21cecf9e1e5,20617
nha_tho_lon_aug_00292.jpg,nha_tho_lon,5,Nhà Thờ Lớn,St. Joseph's Cathedral Hanoi,224,224,782bf9f05109ef57cfa380d07c19bb6f,26964
nha_tho_lon_aug_00293.jpg,nha_tho_lon,5,Nhà Thờ Lớn,St. Joseph's Cathedral Hanoi,224,224,9d878c7fbc5dedbf974a6f24cedf58df,21918
nha_tho_lon_aug_00294.jpg,nha_tho_lon,5,Nhà Thờ Lớn,St. Joseph's Cathedral Hanoi,224,224,8ea653499b4304b7fb61b2ec0b22908c,27780
nha_tho_lon_aug_00295.jpg,nha_tho_lon,5,Nhà Thờ Lớn,St. Joseph's Cathedral Hanoi,224,224,b38e76b70c24309fb39a4cb1189946b4,24908
nha_tho_lon_aug_00296.jpg,nha_tho_lon,5,Nhà Thờ Lớn,St. Joseph's Cathedral Hanoi,224,224,93c0d4fca5fafa5345dd887eae117b62,29544
nha_tho_lon_aug_00297.jpg,nha_tho_lon,5,Nhà Thờ Lớn,St. Joseph's Cathedral Hanoi,224,224,02510af9d959af34642b9cfa5a94fc05,29329
nha_tho_lon_aug_00298.jpg,nha_tho_lon,5,Nhà Thờ Lớn,St. Joseph's Cathedral Hanoi,224,224,647fd182004e48d3d127cdb8bb6fc85b,23021
nha_tho_lon_aug_00299.jpg,nha_tho_lon,5,Nhà Thờ Lớn,St. Joseph's Cathedral Hanoi,224,224,de9fa3f050b1e4fc042636c9146a0dd7,22630
nha_tho_lon_aug_00300.jpg,nha_tho_lon,5,Nhà Thờ Lớn,St. Joseph's Cathedral Hanoi,224,224,338da79f2d0ff8ecf07b161224c96738,32507
nha_tho_lon_aug_00301.jpg,nha_tho_lon,5,Nhà Thờ Lớn,St. Joseph's Cathedral Hanoi,224,224,54f971288173b2a83f14e679530e5660,29677
nha_tho_lon_aug_00302.jpg,nha_tho_lon,5,Nhà Thờ Lớn,St. Joseph's Cathedral Hanoi,224,224,42cd90f488c8efa926d1bee65be14472,17233
nha_tho_lon_aug_00303.jpg,nha_tho_lon,5,Nhà Thờ Lớn,St. Joseph's Cathedral Hanoi,224,224,9eef840ff4e0d075ade12d4e92e124e6,36401
nha_tho_lon_aug_00304.jpg,nha_tho_lon,5,Nhà Thờ Lớn,St. Joseph's Cathedral Hanoi,224,224,78432e3dfc393e6efaf5541445dfcb70,45561
nha_tho_lon_aug_00305.jpg,nha_tho_lon,5,Nhà Thờ Lớn,St. Joseph's Cathedral Hanoi,224,224,486fb4c8f4336855ff34b1be6f00a55a,22695
nha_tho_lon_aug_00306.jpg,nha_tho_lon,5,Nhà Thờ Lớn,St. Joseph's Cathedral Hanoi,224,224,d36d4b241157ac92afea3b388a919d2d,17289
nha_tho_lon_aug_00307.jpg,nha_tho_lon,5,Nhà Thờ Lớn,St. Joseph's Cathedral Hanoi,224,224,3af0a1b71022a42309305b4d0a8d5ee4,26516
nha_tho_lon_aug_00308.jpg,nha_tho_lon,5,Nhà Thờ Lớn,St. Joseph's Cathedral Hanoi,224,224,ad6927360245e34f90c43a4440dac35c,30614
nha_tho_lon_aug_00309.jpg,nha_tho_lon,5,Nhà Thờ Lớn,St. Joseph's Cathedral Hanoi,224,224,7659fd8f5dd324a450d8fe0d6f6fbd74,21279
nha_tho_lon_aug_00310.jpg,nha_tho_lon,5,Nhà Thờ Lớn,St. Joseph's Cathedral Hanoi,224,224,e72276c6204431eda2ec840044ab01ac,18742
nha_tho_lon_aug_00311.jpg,nha_tho_lon,5,Nhà Thờ Lớn,St. Joseph's Cathedral Hanoi,224,224,bfcdce3d4372d3e817959b5c05ca0a2b,16011
nha_tho_lon_aug_00312.jpg,nha_tho_lon,5,Nhà Thờ Lớn,St. Joseph's Cathedral Hanoi,224,224,dfce66dacad284886c3e344f03779025,23209
nha_tho_lon_aug_00313.jpg,nha_tho_lon,5,Nhà Thờ Lớn,St. Joseph's Cathedral Hanoi,224,224,bb35b10b661bd338889976e623ab5b3a,17029
nha_tho_lon_aug_00314.jpg,nha_tho_lon,5,Nhà Thờ Lớn,St. Joseph's Cathedral Hanoi,224,224,2434bf2954c2604f8c0073c3f331dde5,17789
nha_tho_lon_aug_00315.jpg,nha_tho_lon,5,Nhà Thờ Lớn,St. Joseph's Cathedral Hanoi,224,224,634e75f05f3b45305f0ebdb9440f355f,35048
nha_tho_lon_aug_00316.jpg,nha_tho_lon,5,Nhà Thờ Lớn,St. Joseph's Cathedral Hanoi,224,224,11a3d3a5daca5dce3f4d7403d74cbeff,18992
nha_tho_lon_aug_00317.jpg,nha_tho_lon,5,Nhà Thờ Lớn,St. Joseph's Cathedral Hanoi,224,224,886339e48c9f4d99a16a939360c0b2c9,42074
nha_tho_lon_aug_00318.jpg,nha_tho_lon,5,Nhà Thờ Lớn,St. Joseph's Cathedral Hanoi,224,224,330b634a1e2d3ecd6e5ca8eadd676eb8,34686
nha_tho_lon_aug_00319.jpg,nha_tho_lon,5,Nhà Thờ Lớn,St. Joseph's Cathedral Hanoi,224,224,db1325ab97dad9a100a6e39cc9b4f603,25075
nha_tho_lon_aug_00320.jpg,nha_tho_lon,5,Nhà Thờ Lớn,St. Joseph's Cathedral Hanoi,224,224,3b0df271cf170232bc84f5b24433b3b6,27771
nha_tho_lon_aug_00321.jpg,nha_tho_lon,5,Nhà Thờ Lớn,St. Joseph's Cathedral Hanoi,224,224,ec7fb6c8ff39ff4fc99d5b580cf17afd,26046
nha_tho_lon_aug_00322.jpg,nha_tho_lon,5,Nhà Thờ Lớn,St. Joseph's Cathedral Hanoi,224,224,6f6b4535ea91eaa3f61c6efe20ecf7bd,19867
nha_tho_lon_aug_00323.jpg,nha_tho_lon,5,Nhà Thờ Lớn,St. Joseph's Cathedral Hanoi,224,224,d88bf0c5ef94d68a798e6d2e2298ae7c,30153
nha_tho_lon_aug_00324.jpg,nha_tho_lon,5,Nhà Thờ Lớn,St. Joseph's Cathedral Hanoi,224,224,966fe7b14babb125da61b50c1b7dcb88,19298
nha_tho_lon_aug_00325.jpg,nha_tho_lon,5,Nhà Thờ Lớn,St. Joseph's Cathedral Hanoi,224,224,8f4b7471c093e4afe457c39e551321d8,43015
nha_tho_lon_aug_00326.jpg,nha_tho_lon,5,Nhà Thờ Lớn,St. Joseph's Cathedral Hanoi,224,224,874bde68323428f8d132d9c2f71e2a26,21218
nha_tho_lon_aug_00327.jpg,nha_tho_lon,5,Nhà Thờ Lớn,St. Joseph's Cathedral Hanoi,224,224,64c7ffa78613bec2c124f247a6692436,23649
nha_tho_lon_aug_00328.jpg,nha_tho_lon,5,Nhà Thờ Lớn,St. Joseph's Cathedral Hanoi,224,224,52b7daa386b069ebc59f9bd271d4d022,26324
nha_tho_lon_aug_00329.jpg,nha_tho_lon,5,Nhà Thờ Lớn,St. Joseph's Cathedral Hanoi,224,224,d99363df8e9725d0289fcfc649f61b8f,17161
nha_tho_lon_aug_00330.jpg,nha_tho_lon,5,Nhà Thờ Lớn,St. Joseph's Cathedral Hanoi,224,224,8c21b2c63fff533d08a8ad245cd7ad7e,31344
nha_tho_lon_aug_00331.jpg,nha_tho_lon,5,Nhà Thờ Lớn,St. Joseph's Cathedral Hanoi,224,224,3fea23ac14754eacff79440fb3e259e5,43165
nha_tho_lon_aug_00332.jpg,nha_tho_lon,5,Nhà Thờ Lớn,St. Joseph's Cathedral Hanoi,224,224,c27f14f446e69175d8137990f83a4167,25561
nha_tho_lon_aug_00333.jpg,nha_tho_lon,5,Nhà Thờ Lớn,St. Joseph's Cathedral Hanoi,224,224,b76aa6d197a1662fa7890a5936757aff,18770
nha_tho_lon_aug_00334.jpg,nha_tho_lon,5,Nhà Thờ Lớn,St. Joseph's Cathedral Hanoi,224,224,650c0991238d7e531a1232d968dc2758,22721
nha_tho_lon_aug_00335.jpg,nha_tho_lon,5,Nhà Thờ Lớn,St. Joseph's Cathedral Hanoi,224,224,eaa1272e8d1989702edbca86503b7d20,17875
nha_tho_lon_aug_00336.jpg,nha_tho_lon,5,Nhà Thờ Lớn,St. Joseph's Cathedral Hanoi,224,224,1451ca23c5dbfe4fd74da52f8ab433e2,22631
nha_tho_lon_aug_00337.jpg,nha_tho_lon,5,Nhà Thờ Lớn,St. Joseph's Cathedral Hanoi,224,224,4ca23ffd1878fa1d87324e98a67425cc,33988
nha_tho_lon_aug_00338.jpg,nha_tho_lon,5,Nhà Thờ Lớn,St. Joseph's Cathedral Hanoi,224,224,f7cffde2f63453451ec99c0999b42b12,27851
nha_tho_lon_aug_00339.jpg,nha_tho_lon,5,Nhà Thờ Lớn,St. Joseph's Cathedral Hanoi,224,224,62f63c0b7648b3d69c0dada91089d880,35991
nha_tho_lon_aug_00340.jpg,nha_tho_lon,5,Nhà Thờ Lớn,St. Joseph's Cathedral Hanoi,224,224,8d8cf2ccf252b556bdee12d97cdeef04,30762
nha_tho_lon_aug_00341.jpg,nha_tho_lon,5,Nhà Thờ Lớn,St. Joseph's Cathedral Hanoi,224,224,826f4b092331a3e97506d6e061b06676,18813
nha_tho_lon_aug_00342.jpg,nha_tho_lon,5,Nhà Thờ Lớn,St. Joseph's Cathedral Hanoi,224,224,03f8ca43ddfae3ecb700740b96a333de,26871
nha_tho_lon_aug_00343.jpg,nha_tho_lon,5,Nhà Thờ Lớn,St. Joseph's Cathedral Hanoi,224,224,69ffe67b7e4cc0e7775584dc7373c369,25982
nha_tho_lon_aug_00344.jpg,nha_tho_lon,5,Nhà Thờ Lớn,St. Joseph's Cathedral Hanoi,224,224,4558aff8f61729ed16f0f6124d0cdf59,15601
nha_tho_lon_aug_00345.jpg,nha_tho_lon,5,Nhà Thờ Lớn,St. Joseph's Cathedral Hanoi,224,224,ee46610ebc69ed6c1dd284a63dfb8c5a,18265
nha_tho_lon_aug_00346.jpg,nha_tho_lon,5,Nhà Thờ Lớn,St. Joseph's Cathedral Hanoi,224,224,3d4794e7aa1465f942d6034f0b30ff3a,42736
nha_tho_lon_aug_00347.jpg,nha_tho_lon,5,Nhà Thờ Lớn,St. Joseph's Cathedral Hanoi,224,224,333f578157ebb095106c3d878c340213,23437
nha_tho_lon_aug_00348.jpg,nha_tho_lon,5,Nhà Thờ Lớn,St. Joseph's Cathedral Hanoi,224,224,b966c25e37305e4c18e78283066cfa9a,33077
nha_tho_lon_aug_00349.jpg,nha_tho_lon,5,Nhà Thờ Lớn,St. Joseph's Cathedral Hanoi,224,224,a3ac9b1b1a9246173d40503737c700c4,25058
nha_tho_lon_aug_00350.jpg,nha_tho_lon,5,Nhà Thờ Lớn,St. Joseph's Cathedral Hanoi,224,224,036113cf2e3b7f4142315f5ad3317bdc,22596
nha_tho_lon_aug_00351.jpg,nha_tho_lon,5,Nhà Thờ Lớn,St. Joseph's Cathedral Hanoi,224,224,1ce7cbdd6be9fe6e3c0fe05d00d11d22,16338
nha_tho_lon_aug_00352.jpg,nha_tho_lon,5,Nhà Thờ Lớn,St. Joseph's Cathedral Hanoi,224,224,581dbec6b7c7459c4cdec25abca56f62,24547
nha_tho_lon_aug_00353.jpg,nha_tho_lon,5,Nhà Thờ Lớn,St. Joseph's Cathedral Hanoi,224,224,6ee2bf446c59eabe73a1a54a065cf3e3,21823
nha_tho_lon_aug_00354.jpg,nha_tho_lon,5,Nhà Thờ Lớn,St. Joseph's Cathedral Hanoi,224,224,460bb6a76367a8759741efdb3dc52306,37506
nha_tho_lon_aug_00355.jpg,nha_tho_lon,5,Nhà Thờ Lớn,St. Joseph's Cathedral Hanoi,224,224,d348fea4797b980b37629afc8a0401e7,17777
nha_tho_lon_aug_00356.jpg,nha_tho_lon,5,Nhà Thờ Lớn,St. Joseph's Cathedral Hanoi,224,224,b4800d527f477dba0a4553190715bd07,35146
nha_tho_lon_aug_00357.jpg,nha_tho_lon,5,Nhà Thờ Lớn,St. Joseph's Cathedral Hanoi,224,224,0b1048df40e091134b8c74b1b61396fd,23870
nha_tho_lon_aug_00358.jpg,nha_tho_lon,5,Nhà Thờ Lớn,St. Joseph's Cathedral Hanoi,224,224,bca23599bfeb150998ed1661407fe93d,29941
nha_tho_lon_aug_00359.jpg,nha_tho_lon,5,Nhà Thờ Lớn,St. Joseph's Cathedral Hanoi,224,224,c02b05d9ac8a05d4ab7db2a3b4f8c5e3,27065
nha_tho_lon_aug_00360.jpg,nha_tho_lon,5,Nhà Thờ Lớn,St. Joseph's Cathedral Hanoi,224,224,a1a4e02f809cd9e65f10d8cc65bbd136,26492
nha_tho_lon_aug_00361.jpg,nha_tho_lon,5,Nhà Thờ Lớn,St. Joseph's Cathedral Hanoi,224,224,a7b6602932f104945685d39fef7d5097,32590
nha_tho_lon_aug_00362.jpg,nha_tho_lon,5,Nhà Thờ Lớn,St. Joseph's Cathedral Hanoi,224,224,c3710530cb9fa74939e68283ae935aa9,23772
nha_tho_lon_aug_00363.jpg,nha_tho_lon,5,Nhà Thờ Lớn,St. Joseph's Cathedral Hanoi,224,224,aca74eda179ed4ca6ef3d1c1f9ea1beb,20703
nha_tho_lon_aug_00364.jpg,nha_tho_lon,5,Nhà Thờ Lớn,St. Joseph's Cathedral Hanoi,224,224,2ed29787348051548c61a66f1bb886f6,22500
nha_tho_lon_aug_00365.jpg,nha_tho_lon,5,Nhà Thờ Lớn,St. Joseph's Cathedral Hanoi,224,224,8a95bc56985b8c769595f758abd27852,27465
nha_tho_lon_aug_00366.jpg,nha_tho_lon,5,Nhà Thờ Lớn,St. Joseph's Cathedral Hanoi,224,224,dbf11758282bca251c663fd986bc2735,25843
nha_tho_lon_aug_00367.jpg,nha_tho_lon,5,Nhà Thờ Lớn,St. Joseph's Cathedral Hanoi,224,224,b047c62b2bbd14d03468157493cd4074,31107
nha_tho_lon_aug_00368.jpg,nha_tho_lon,5,Nhà Thờ Lớn,St. Joseph's Cathedral Hanoi,224,224,98aacfa4e77a45f3c252af404c27c053,19345
nha_tho_lon_aug_00369.jpg,nha_tho_lon,5,Nhà Thờ Lớn,St. Joseph's Cathedral Hanoi,224,224,8a7b2ff9cc5d63d052e89fac88492c2b,15488
nha_tho_lon_aug_00370.jpg,nha_tho_lon,5,Nhà Thờ Lớn,St. Joseph's Cathedral Hanoi,224,224,5248787a027c6ff96350ae68828f3df7,14349
nha_tho_lon_aug_00371.jpg,nha_tho_lon,5,Nhà Thờ Lớn,St. Joseph's Cathedral Hanoi,224,224,ae8c0cb75f1972241c9d7e0a9348eeee,33046
nha_tho_lon_aug_00372.jpg,nha_tho_lon,5,Nhà Thờ Lớn,St. Joseph's Cathedral Hanoi,224,224,7bd834774760fcce3951f9e4fd4a3fdd,22158
nha_tho_lon_aug_00373.jpg,nha_tho_lon,5,Nhà Thờ Lớn,St. Joseph's Cathedral Hanoi,224,224,59bdb606db0edd0f29a8dbc6e4d2dd3b,34109
nha_tho_lon_aug_00374.jpg,nha_tho_lon,5,Nhà Thờ Lớn,St. Joseph's Cathedral Hanoi,224,224,56e1619c82d6aa83612a7921727dde11,38582
nha_tho_lon_aug_00375.jpg,nha_tho_lon,5,Nhà Thờ Lớn,St. Joseph's Cathedral Hanoi,224,224,2ec89b03911c04984e0e4684ad74e447,23445
nha_tho_lon_aug_00376.jpg,nha_tho_lon,5,Nhà Thờ Lớn,St. Joseph's Cathedral Hanoi,224,224,fb417c43a2a5201fcec08ba7c54d7f7b,22961
nha_tho_lon_aug_00377.jpg,nha_tho_lon,5,Nhà Thờ Lớn,St. Joseph's Cathedral Hanoi,224,224,db25c3fb4a61d536b9eeff4ffc4abb52,21912
nha_tho_lon_aug_00378.jpg,nha_tho_lon,5,Nhà Thờ Lớn,St. Joseph's Cathedral Hanoi,224,224,65d096734db605915dd180661a9eeb20,28152
nha_tho_lon_aug_00379.jpg,nha_tho_lon,5,Nhà Thờ Lớn,St. Joseph's Cathedral Hanoi,224,224,b18df9bc87ea7bf42115745fe7e50caf,36216
nha_tho_lon_aug_00380.jpg,nha_tho_lon,5,Nhà Thờ Lớn,St. Joseph's Cathedral Hanoi,224,224,b6e17a51d3bd0908c29e6ee9184f392c,30763
nha_tho_lon_aug_00381.jpg,nha_tho_lon,5,Nhà Thờ Lớn,St. Joseph's Cathedral Hanoi,224,224,6b259b0e61c863bdfa6ed45d0f25e710,32808
nha_tho_lon_aug_00382.jpg,nha_tho_lon,5,Nhà Thờ Lớn,St. Joseph's Cathedral Hanoi,224,224,fed4c74e17f74b9bef397cbbddc517ba,18452
nha_tho_lon_aug_00383.jpg,nha_tho_lon,5,Nhà Thờ Lớn,St. Joseph's Cathedral Hanoi,224,224,1e1f834fbc598b14fd169d4416a8b45a,20849
nha_tho_lon_aug_00384.jpg,nha_tho_lon,5,Nhà Thờ Lớn,St. Joseph's Cathedral Hanoi,224,224,96490014a407be1b8868b962ed8d31ac,17586
nha_tho_lon_aug_00385.jpg,nha_tho_lon,5,Nhà Thờ Lớn,St. Joseph's Cathedral Hanoi,224,224,cd1dfc577b600b0b91a7466300346999,31071
nha_tho_lon_aug_00386.jpg,nha_tho_lon,5,Nhà Thờ Lớn,St. Joseph's Cathedral Hanoi,224,224,002837d6c32052f756a1304bb4c4bcb9,37105
nha_tho_lon_aug_00387.jpg,nha_tho_lon,5,Nhà Thờ Lớn,St. Joseph's Cathedral Hanoi,224,224,41d06737b76929e963aa5c97a96fd510,24783
nha_tho_lon_aug_00388.jpg,nha_tho_lon,5,Nhà Thờ Lớn,St. Joseph's Cathedral Hanoi,224,224,59b0e3fb19c64e356036ec7f32b32ab9,48478
nha_tho_lon_aug_00389.jpg,nha_tho_lon,5,Nhà Thờ Lớn,St. Joseph's Cathedral Hanoi,224,224,dd0c2448e92ad494da295e85389cd3d5,28800
nha_tho_lon_aug_00390.jpg,nha_tho_lon,5,Nhà Thờ Lớn,St. Joseph's Cathedral Hanoi,224,224,21ed829ead533e9252519543139aecc8,18940
nha_tho_lon_aug_00391.jpg,nha_tho_lon,5,Nhà Thờ Lớn,St. Joseph's Cathedral Hanoi,224,224,7def6a03c7be19ee87126afe69ad3036,35041
nha_tho_lon_aug_00392.jpg,nha_tho_lon,5,Nhà Thờ Lớn,St. Joseph's Cathedral Hanoi,224,224,ad5a509e99d5d4dc78cc88538a611a14,41620
nha_tho_lon_aug_00393.jpg,nha_tho_lon,5,Nhà Thờ Lớn,St. Joseph's Cathedral Hanoi,224,224,7ae5705141afacd8128e776dec2a870c,27541
nha_tho_lon_aug_00394.jpg,nha_tho_lon,5,Nhà Thờ Lớn,St. Joseph's Cathedral Hanoi,224,224,295829294a345261e883b29a8184c796,18791
nha_tho_lon_aug_00395.jpg,nha_tho_lon,5,Nhà Thờ Lớn,St. Joseph's Cathedral Hanoi,224,224,ac5b18be70a5b5d696df3b9f1029b1e3,24786
nha_tho_lon_aug_00396.jpg,nha_tho_lon,5,Nhà Thờ Lớn,St. Joseph's Cathedral Hanoi,224,224,8214921d96c23279cf539d85d7131668,28569
nha_tho_lon_aug_00397.jpg,nha_tho_lon,5,Nhà Thờ Lớn,St. Joseph's Cathedral Hanoi,224,224,0ca91d4b6f8afe24267e151d8603ea1c,29890
nha_tho_lon_aug_00398.jpg,nha_tho_lon,5,Nhà Thờ Lớn,St. Joseph's Cathedral Hanoi,224,224,1a3aa1dc2a0b957e3cf6781de8cea7d3,15484
nha_tho_lon_aug_00399.jpg,nha_tho_lon,5,Nhà Thờ Lớn,St. Joseph's Cathedral Hanoi,224,224,58a9f315602192faf295168320c7906f,23177
nha_tho_lon_aug_00400.jpg,nha_tho_lon,5,Nhà Thờ Lớn,St. Joseph's Cathedral Hanoi,224,224,3578538572f8968f1be82e1bd96d18be,32693
nha_tho_lon_aug_00401.jpg,nha_tho_lon,5,Nhà Thờ Lớn,St. Joseph's Cathedral Hanoi,224,224,c2bfbfd38091044303750b6fc3c841bd,14276
nha_tho_lon_aug_00402.jpg,nha_tho_lon,5,Nhà Thờ Lớn,St. Joseph's Cathedral Hanoi,224,224,f4fed086b643ad25c4b41f857b577bf1,30157
nha_tho_lon_aug_00403.jpg,nha_tho_lon,5,Nhà Thờ Lớn,St. Joseph's Cathedral Hanoi,224,224,4930d3202f404b3b946dcee79436fae3,30385
nha_tho_lon_aug_00404.jpg,nha_tho_lon,5,Nhà Thờ Lớn,St. Joseph's Cathedral Hanoi,224,224,0a0fa28c6dfdf9ebfe1b206f5b5f823e,17362
nha_tho_lon_aug_00405.jpg,nha_tho_lon,5,Nhà Thờ Lớn,St. Joseph's Cathedral Hanoi,224,224,3ff09027db653832ebfd05d9734c3353,20789
nha_tho_lon_aug_00406.jpg,nha_tho_lon,5,Nhà Thờ Lớn,St. Joseph's Cathedral Hanoi,224,224,eb82e8f1dbb0c5bf62875a2fc35d4b81,22367
nha_tho_lon_aug_00407.jpg,nha_tho_lon,5,Nhà Thờ Lớn,St. Joseph's Cathedral Hanoi,224,224,7951e31f80a75378beaadd5ed1ae5f1e,38948
nha_tho_lon_aug_00408.jpg,nha_tho_lon,5,Nhà Thờ Lớn,St. Joseph's Cathedral Hanoi,224,224,215af3df28414dae959ee53266d83c6f,21685
nha_tho_lon_aug_00409.jpg,nha_tho_lon,5,Nhà Thờ Lớn,St. Joseph's Cathedral Hanoi,224,224,06af7a431b8c3ae0f6577b7dca70ead2,21184
nha_tho_lon_aug_00410.jpg,nha_tho_lon,5,Nhà Thờ Lớn,St. Joseph's Cathedral Hanoi,224,224,93e8ab252ebc22e2a3ff65bbac021c5d,34646
nha_tho_lon_aug_00411.jpg,nha_tho_lon,5,Nhà Thờ Lớn,St. Joseph's Cathedral Hanoi,224,224,a8c2e8c3ac10c8c77982fc9c49fa00dc,16103
nha_tho_lon_aug_00412.jpg,nha_tho_lon,5,Nhà Thờ Lớn,St. Joseph's Cathedral Hanoi,224,224,e3ec0f57cc951d92b78d629063f09667,37430
nha_tho_lon_aug_00413.jpg,nha_tho_lon,5,Nhà Thờ Lớn,St. Joseph's Cathedral Hanoi,224,224,f174c04c5053a3a4eed123b26a14bbff,23158
nha_tho_lon_aug_00414.jpg,nha_tho_lon,5,Nhà Thờ Lớn,St. Joseph's Cathedral Hanoi,224,224,ac81b265e16a79aec98b4175a188e44d,32045
nha_tho_lon_aug_00415.jpg,nha_tho_lon,5,Nhà Thờ Lớn,St. Joseph's Cathedral Hanoi,224,224,98c695abbbbe38de8deb6f564a0fd6bd,29224
nha_tho_lon_aug_00416.jpg,nha_tho_lon,5,Nhà Thờ Lớn,St. Joseph's Cathedral Hanoi,224,224,035cf47f6a145ec490f3138f098b87b0,21964
nha_tho_lon_aug_00417.jpg,nha_tho_lon,5,Nhà Thờ Lớn,St. Joseph's Cathedral Hanoi,224,224,52d3dc1a851718d50f3a0cdffc621c08,35054
nha_tho_lon_aug_00418.jpg,nha_tho_lon,5,Nhà Thờ Lớn,St. Joseph's Cathedral Hanoi,224,224,1722d6cf3a83c9eb1d8f1b22bee3f853,29407
nha_tho_lon_aug_00419.jpg,nha_tho_lon,5,Nhà Thờ Lớn,St. Joseph's Cathedral Hanoi,224,224,063e790d6babccc290d854d0762a5b19,32395
nha_tho_lon_aug_00420.jpg,nha_tho_lon,5,Nhà Thờ Lớn,St. Joseph's Cathedral Hanoi,224,224,48203c4450f6446bb7bbf649ec6a3ab7,33458
nha_tho_lon_aug_00421.jpg,nha_tho_lon,5,Nhà Thờ Lớn,St. Joseph's Cathedral Hanoi,224,224,670d7107c54782cd44af3b4cec777236,18874
nha_tho_lon_aug_00422.jpg,nha_tho_lon,5,Nhà Thờ Lớn,St. Joseph's Cathedral Hanoi,224,224,64f7a30ab68c7c77fed8ad808a9e7bc4,27055
nha_tho_lon_aug_00423.jpg,nha_tho_lon,5,Nhà Thờ Lớn,St. Joseph's Cathedral Hanoi,224,224,b9fbf0fb7fb94734b23088b3a099abcd,37034
nha_tho_lon_aug_00424.jpg,nha_tho_lon,5,Nhà Thờ Lớn,St. Joseph's Cathedral Hanoi,224,224,80933a20a5b9df8c55345c74a44233f8,27018
nha_tho_lon_aug_00425.jpg,nha_tho_lon,5,Nhà Thờ Lớn,St. Joseph's Cathedral Hanoi,224,224,5447aaf7779955b64a844e6ebabbc231,26752
nha_tho_lon_aug_00426.jpg,nha_tho_lon,5,Nhà Thờ Lớn,St. Joseph's Cathedral Hanoi,224,224,ac0f6fea5af5a1cd0697fad2d607952f,24608
nha_tho_lon_aug_00427.jpg,nha_tho_lon,5,Nhà Thờ Lớn,St. Joseph's Cathedral Hanoi,224,224,db1b8eda7750e7aa9fa2d0486880d0ec,20318
nha_tho_lon_aug_00428.jpg,nha_tho_lon,5,Nhà Thờ Lớn,St. Joseph's Cathedral Hanoi,224,224,92473bd4c2750feb1a8406723d1e00b8,38954
nha_tho_lon_aug_00429.jpg,nha_tho_lon,5,Nhà Thờ Lớn,St. Joseph's Cathedral Hanoi,224,224,98ec003496308ea0267398acf471c0d2,35661
nha_tho_lon_aug_00430.jpg,nha_tho_lon,5,Nhà Thờ Lớn,St. Joseph's Cathedral Hanoi,224,224,76d2bd3db08713bce98cd75e6693f4e2,29995
nha_tho_lon_aug_00431.jpg,nha_tho_lon,5,Nhà Thờ Lớn,St. Joseph's Cathedral Hanoi,224,224,84dafe5e560ebc72b710b52333829182,38506
nha_tho_lon_aug_00432.jpg,nha_tho_lon,5,Nhà Thờ Lớn,St. Joseph's Cathedral Hanoi,224,224,6e13ddfe277b7af9c8fde4f3efe42983,14835
nha_tho_lon_aug_00433.jpg,nha_tho_lon,5,Nhà Thờ Lớn,St. Joseph's Cathedral Hanoi,224,224,a577e1be6c563f1df76b6b6437831b74,32982
nha_tho_lon_aug_00434.jpg,nha_tho_lon,5,Nhà Thờ Lớn,St. Joseph's Cathedral Hanoi,224,224,f14d6a57f6d4e69d3434615da7c4acbe,38779
nha_tho_lon_aug_00435.jpg,nha_tho_lon,5,Nhà Thờ Lớn,St. Joseph's Cathedral Hanoi,224,224,e4d0c265ad49ea750d8c1877e15a3397,20964
nha_tho_lon_aug_00436.jpg,nha_tho_lon,5,Nhà Thờ Lớn,St. Joseph's Cathedral Hanoi,224,224,fc0105b9ca6d1504730f4fc4c2dd95d0,42720
nha_tho_lon_aug_00437.jpg,nha_tho_lon,5,Nhà Thờ Lớn,St. Joseph's Cathedral Hanoi,224,224,7181fa3ab29ceb04e9920a013bc2e21c,17506
nha_tho_lon_aug_00438.jpg,nha_tho_lon,5,Nhà Thờ Lớn,St. Joseph's Cathedral Hanoi,224,224,692d1cc0edc49d6fb9eb9694c2fa581a,25739
nha_tho_lon_aug_00439.jpg,nha_tho_lon,5,Nhà Thờ Lớn,St. Joseph's Cathedral Hanoi,224,224,f71e54907f1955508c1491fd83121a3f,25884
nha_tho_lon_aug_00440.jpg,nha_tho_lon,5,Nhà Thờ Lớn,St. Joseph's Cathedral Hanoi,224,224,838dcd898c710dedb878221bee1c28b5,19793
nha_tho_lon_aug_00441.jpg,nha_tho_lon,5,Nhà Thờ Lớn,St. Joseph's Cathedral Hanoi,224,224,0a933d052b8bf36ba7c9b70d67686c57,41522
nha_tho_lon_aug_00442.jpg,nha_tho_lon,5,Nhà Thờ Lớn,St. Joseph's Cathedral Hanoi,224,224,5db1b0d89fc4f1c567652a75f1be09a2,37521
nha_tho_lon_aug_00443.jpg,nha_tho_lon,5,Nhà Thờ Lớn,St. Joseph's Cathedral Hanoi,224,224,f37a411958d322b8ac5eaeecebd04212,16805
nha_tho_lon_aug_00444.jpg,nha_tho_lon,5,Nhà Thờ Lớn,St. Joseph's Cathedral Hanoi,224,224,f900c7306e57265a23425154d562f391,31869
nha_tho_lon_aug_00445.jpg,nha_tho_lon,5,Nhà Thờ Lớn,St. Joseph's Cathedral Hanoi,224,224,a856d5bc248c181af13df02623db7136,15474
nha_tho_lon_aug_00446.jpg,nha_tho_lon,5,Nhà Thờ Lớn,St. Joseph's Cathedral Hanoi,224,224,74c96c31f2bee0d9be68774d0b22c57a,41035
nha_tho_lon_aug_00447.jpg,nha_tho_lon,5,Nhà Thờ Lớn,St. Joseph's Cathedral Hanoi,224,224,6532b80d167dc74caf3f74cdacf0e692,38233
nha_tho_lon_aug_00448.jpg,nha_tho_lon,5,Nhà Thờ Lớn,St. Joseph's Cathedral Hanoi,224,224,61c6960e3f76cc542e91f9ddb935cf5b,35448
nha_tho_lon_aug_00449.jpg,nha_tho_lon,5,Nhà Thờ Lớn,St. Joseph's Cathedral Hanoi,224,224,6931dccb62d5626340df93ccef4ea2fd,15116
nha_tho_lon_aug_00450.jpg,nha_tho_lon,5,Nhà Thờ Lớn,St. Joseph's Cathedral Hanoi,224,224,31404f2db619a3f2625b28751914b422,27568
nha_tho_lon_aug_00451.jpg,nha_tho_lon,5,Nhà Thờ Lớn,St. Joseph's Cathedral Hanoi,224,224,afee56389f6faefb6675b4cd5f16a08c,32771
nha_tho_lon_aug_00452.jpg,nha_tho_lon,5,Nhà Thờ Lớn,St. Joseph's Cathedral Hanoi,224,224,a00221f1378cda4a8d48ed40e3ad7086,36866
nha_tho_lon_aug_00453.jpg,nha_tho_lon,5,Nhà Thờ Lớn,St. Joseph's Cathedral Hanoi,224,224,efe3e56c0a746a050bd26c9607a4906e,24156
nha_tho_lon_aug_00454.jpg,nha_tho_lon,5,Nhà Thờ Lớn,St. Joseph's Cathedral Hanoi,224,224,5bab9711675780d703e1b4d83d42b0c2,25349
nha_tho_lon_aug_00455.jpg,nha_tho_lon,5,Nhà Thờ Lớn,St. Joseph's Cathedral Hanoi,224,224,235ea749489ffd7ee952c69b227c31a0,28036
nha_tho_lon_aug_00456.jpg,nha_tho_lon,5,Nhà Thờ Lớn,St. Joseph's Cathedral Hanoi,224,224,98645a008a7034ce6578242023ce88ba,25329
nha_tho_lon_aug_00457.jpg,nha_tho_lon,5,Nhà Thờ Lớn,St. Joseph's Cathedral Hanoi,224,224,f89bae73c28431aab1b96fb23a04df63,18433
nha_tho_lon_aug_00458.jpg,nha_tho_lon,5,Nhà Thờ Lớn,St. Joseph's Cathedral Hanoi,224,224,6b8a3248f602c420b663a14834dd4ce2,25173
nha_tho_lon_aug_00459.jpg,nha_tho_lon,5,Nhà Thờ Lớn,St. Joseph's Cathedral Hanoi,224,224,27ec4a71982c4d2caab1c1f7c281a12f,31999
nha_tho_lon_aug_00460.jpg,nha_tho_lon,5,Nhà Thờ Lớn,St. Joseph's Cathedral Hanoi,224,224,9ab84e67603bf7907c907a358887b9d5,31628
nha_tho_lon_aug_00461.jpg,nha_tho_lon,5,Nhà Thờ Lớn,St. Joseph's Cathedral Hanoi,224,224,ea4393ce3b632cc665e2a4df8b47b6e0,28189
nha_tho_lon_aug_00462.jpg,nha_tho_lon,5,Nhà Thờ Lớn,St. Joseph's Cathedral Hanoi,224,224,0d8b32859841636d30bcc565c9d0e163,17185
nha_tho_lon_aug_00463.jpg,nha_tho_lon,5,Nhà Thờ Lớn,St. Joseph's Cathedral Hanoi,224,224,3b804a2e7ad5c4f99235fc35f81c659d,36718
nha_tho_lon_aug_00464.jpg,nha_tho_lon,5,Nhà Thờ Lớn,St. Joseph's Cathedral Hanoi,224,224,c1652df28b141007934fcddf67ceaf9f,28462
nha_tho_lon_aug_00465.jpg,nha_tho_lon,5,Nhà Thờ Lớn,St. Joseph's Cathedral Hanoi,224,224,9d510ca028edc31f2e0e8b98d63255e7,17650
nha_tho_lon_aug_00466.jpg,nha_tho_lon,5,Nhà Thờ Lớn,St. Joseph's Cathedral Hanoi,224,224,d9a0f6f5af55a643d208c7f1acfa86f3,19969
nha_tho_lon_aug_00467.jpg,nha_tho_lon,5,Nhà Thờ Lớn,St. Joseph's Cathedral Hanoi,224,224,339649492c2fc7a314d8083cb2345a1f,30027
nha_tho_lon_aug_00468.jpg,nha_tho_lon,5,Nhà Thờ Lớn,St. Joseph's Cathedral Hanoi,224,224,2b2ffff34d7e4ea47b3b6c53c9959c96,35328
nha_tho_lon_aug_00469.jpg,nha_tho_lon,5,Nhà Thờ Lớn,St. Joseph's Cathedral Hanoi,224,224,97105dd45be44602a584ca91bd07ba2b,34889
nha_tho_lon_aug_00470.jpg,nha_tho_lon,5,Nhà Thờ Lớn,St. Joseph's Cathedral Hanoi,224,224,090644e4b3259c11f59597ae7a59b054,32238
nha_tho_lon_aug_00471.jpg,nha_tho_lon,5,Nhà Thờ Lớn,St. Joseph's Cathedral Hanoi,224,224,599d3bc35af7e502ecc4f0d0d223ebdb,26877
nha_tho_lon_aug_00472.jpg,nha_tho_lon,5,Nhà Thờ Lớn,St. Joseph's Cathedral Hanoi,224,224,1e480200933c14f648bfa6f31a42adc8,24020
nha_tho_lon_aug_00473.jpg,nha_tho_lon,5,Nhà Thờ Lớn,St. Joseph's Cathedral Hanoi,224,224,f3cba548ba9ff02900acaca1cd90df19,27773
nha_tho_lon_aug_00474.jpg,nha_tho_lon,5,Nhà Thờ Lớn,St. Joseph's Cathedral Hanoi,224,224,e6e9589c646aa55d73484729702990f5,37019
nha_tho_lon_aug_00475.jpg,nha_tho_lon,5,Nhà Thờ Lớn,St. Joseph's Cathedral Hanoi,224,224,73b9e5fa1b7771a92de6e97c48012135,31141
nha_tho_lon_aug_00476.jpg,nha_tho_lon,5,Nhà Thờ Lớn,St. Joseph's Cathedral Hanoi,224,224,f8a27baeedd1159a004b5b50208fc013,31160
nha_tho_lon_aug_00477.jpg,nha_tho_lon,5,Nhà Thờ Lớn,St. Joseph's Cathedral Hanoi,224,224,b558c697d22fe15b97e27c2ed28e2311,23561
nha_tho_lon_aug_00478.jpg,nha_tho_lon,5,Nhà Thờ Lớn,St. Joseph's Cathedral Hanoi,224,224,3d28a528ff527b85c6708774061ebf61,23433
nha_tho_lon_aug_00479.jpg,nha_tho_lon,5,Nhà Thờ Lớn,St. Joseph's Cathedral Hanoi,224,224,aa44dc1da94857e909f227bab516d06a,7477
nha_tho_lon_aug_00480.jpg,nha_tho_lon,5,Nhà Thờ Lớn,St. Joseph's Cathedral Hanoi,224,224,0e91795b572e00cb859c83fe7fc2168f,30728
nha_tho_lon_aug_00481.jpg,nha_tho_lon,5,Nhà Thờ Lớn,St. Joseph's Cathedral Hanoi,224,224,f3443d78664e5e6dbad2f9a9fa34424d,22590
nha_tho_lon_aug_00482.jpg,nha_tho_lon,5,Nhà Thờ Lớn,St. Joseph's Cathedral Hanoi,224,224,2c58ee86cdf31ed10940f0f2da65b477,32799
nha_tho_lon_aug_00483.jpg,nha_tho_lon,5,Nhà Thờ Lớn,St. Joseph's Cathedral Hanoi,224,224,e69c5f463bd70effc7166d9215b4d18d,30773
nha_tho_lon_aug_00484.jpg,nha_tho_lon,5,Nhà Thờ Lớn,St. Joseph's Cathedral Hanoi,224,224,ecdb1347a667f88df422ad5de476fb59,29203
nha_tho_lon_aug_00485.jpg,nha_tho_lon,5,Nhà Thờ Lớn,St. Joseph's Cathedral Hanoi,224,224,3f71f47916a6120c8601af4086589d27,19622
nha_tho_lon_aug_00486.jpg,nha_tho_lon,5,Nhà Thờ Lớn,St. Joseph's Cathedral Hanoi,224,224,ee20aad16f4a9683ce3b09767742b562,30634
nha_tho_lon_aug_00487.jpg,nha_tho_lon,5,Nhà Thờ Lớn,St. Joseph's Cathedral Hanoi,224,224,6e49347c75e9c201016c428c2608c247,37687
nha_tho_lon_aug_00488.jpg,nha_tho_lon,5,Nhà Thờ Lớn,St. Joseph's Cathedral Hanoi,224,224,848118844d58b3ac986aa670bf44b879,21944
nha_tho_lon_aug_00489.jpg,nha_tho_lon,5,Nhà Thờ Lớn,St. Joseph's Cathedral Hanoi,224,224,e073690636fb59bae4adfbfd0aa07520,32819
nha_tho_lon_aug_00490.jpg,nha_tho_lon,5,Nhà Thờ Lớn,St. Joseph's Cathedral Hanoi,224,224,cb1f06a7cbba6928f164cb8286eaba25,29117
nha_tho_lon_aug_00491.jpg,nha_tho_lon,5,Nhà Thờ Lớn,St. Joseph's Cathedral Hanoi,224,224,d6194233ddb5c10dc6b8f28076dc134a,22054
nha_tho_lon_aug_00492.jpg,nha_tho_lon,5,Nhà Thờ Lớn,St. Joseph's Cathedral Hanoi,224,224,8a04d4170c739e84ff6476f51886612d,29148
nha_tho_lon_aug_00493.jpg,nha_tho_lon,5,Nhà Thờ Lớn,St. Joseph's Cathedral Hanoi,224,224,bffc5fdca7274f583064d5d3f7f11ad2,27721
nha_tho_lon_aug_00494.jpg,nha_tho_lon,5,Nhà Thờ Lớn,St. Joseph's Cathedral Hanoi,224,224,87e1886a39fc0305862ba25f08065980,27200
nha_tho_lon_aug_00495.jpg,nha_tho_lon,5,Nhà Thờ Lớn,St. Joseph's Cathedral Hanoi,224,224,4b65c981b1a31dfd83b863beda3b22eb,25010
nha_tho_lon_aug_00496.jpg,nha_tho_lon,5,Nhà Thờ Lớn,St. Joseph's Cathedral Hanoi,224,224,802171fdfd10d39937a4fd3c7447cbfd,19357
nha_tho_lon_aug_00497.jpg,nha_tho_lon,5,Nhà Thờ Lớn,St. Joseph's Cathedral Hanoi,224,224,46218843d81131c8f0634b02157545fc,20264
nha_tho_lon_aug_00498.jpg,nha_tho_lon,5,Nhà Thờ Lớn,St. Joseph's Cathedral Hanoi,224,224,6a6d0de64b4a4f7110cbc102fbbfe291,29072
nha_tho_lon_aug_00499.jpg,nha_tho_lon,5,Nhà Thờ Lớn,St. Joseph's Cathedral Hanoi,224,224,c534e0e579b3c5fd3b343a367f772892,29722
nha_tho_lon_aug_00500.jpg,nha_tho_lon,5,Nhà Thờ Lớn,St. Joseph's Cathedral Hanoi,224,224,e560d81661db8db8ccf537550888fc44,28725
nha_tho_lon_aug_00501.jpg,nha_tho_lon,5,Nhà Thờ Lớn,St. Joseph's Cathedral Hanoi,224,224,21552d0c74257ddaa47c745ccc595530,26020
nha_tho_lon_aug_00502.jpg,nha_tho_lon,5,Nhà Thờ Lớn,St. Joseph's Cathedral Hanoi,224,224,4696bdded4eef7cc37e15ff1fb1751b3,29267
nha_tho_lon_aug_00503.jpg,nha_tho_lon,5,Nhà Thờ Lớn,St. Joseph's Cathedral Hanoi,224,224,98e4ce6cb6a8bc0b117d7b027c922bef,19227
nha_tho_lon_aug_00504.jpg,nha_tho_lon,5,Nhà Thờ Lớn,St. Joseph's Cathedral Hanoi,224,224,a3c0941c0dea2f46ca21f4de7b1f5790,20204
nha_tho_lon_aug_00505.jpg,nha_tho_lon,5,Nhà Thờ Lớn,St. Joseph's Cathedral Hanoi,224,224,d37eed53a889ca836d89d722ccec53d1,19587
nha_tho_lon_aug_00506.jpg,nha_tho_lon,5,Nhà Thờ Lớn,St. Joseph's Cathedral Hanoi,224,224,8b6255e0a2c1de17cbaed333805a0fd3,25357
nha_tho_lon_aug_00507.jpg,nha_tho_lon,5,Nhà Thờ Lớn,St. Joseph's Cathedral Hanoi,224,224,4569a3bdc19ae6482b28a9f9a288713b,31000
nha_tho_lon_aug_00508.jpg,nha_tho_lon,5,Nhà Thờ Lớn,St. Joseph's Cathedral Hanoi,224,224,fee5c4f297c0c636fa057e5855566ebf,15385
nha_tho_lon_aug_00509.jpg,nha_tho_lon,5,Nhà Thờ Lớn,St. Joseph's Cathedral Hanoi,224,224,0beb033ed4543d14fc9dde12fa3cdda5,17817
nha_tho_lon_aug_00510.jpg,nha_tho_lon,5,Nhà Thờ Lớn,St. Joseph's Cathedral Hanoi,224,224,15a02a669e27509169f46641cc796dde,23936
nha_tho_lon_aug_00511.jpg,nha_tho_lon,5,Nhà Thờ Lớn,St. Joseph's Cathedral Hanoi,224,224,473a78c820b8f104647d2120a8d6f802,20438
nha_tho_lon_aug_00512.jpg,nha_tho_lon,5,Nhà Thờ Lớn,St. Joseph's Cathedral Hanoi,224,224,43b9ec0fb49013e7d2d92f3ce868202a,23516
nha_tho_lon_aug_00513.jpg,nha_tho_lon,5,Nhà Thờ Lớn,St. Joseph's Cathedral Hanoi,224,224,b5a986228f3b358f3becb5b665447474,39558
nha_tho_lon_aug_00514.jpg,nha_tho_lon,5,Nhà Thờ Lớn,St. Joseph's Cathedral Hanoi,224,224,ebdc49cb3043c83c33cb91a51ceefd03,25843
nha_tho_lon_aug_00515.jpg,nha_tho_lon,5,Nhà Thờ Lớn,St. Joseph's Cathedral Hanoi,224,224,a5bf8da499f4b20e3325dcb51fa1fb8a,32452
nha_tho_lon_aug_00516.jpg,nha_tho_lon,5,Nhà Thờ Lớn,St. Joseph's Cathedral Hanoi,224,224,5acd8cd1ac0099774f99bd6576fedf17,25940
nha_tho_lon_aug_00517.jpg,nha_tho_lon,5,Nhà Thờ Lớn,St. Joseph's Cathedral Hanoi,224,224,1394d66fff9135a7ffe42b4b20ee5f80,24670
nha_tho_lon_aug_00518.jpg,nha_tho_lon,5,Nhà Thờ Lớn,St. Joseph's Cathedral Hanoi,224,224,1280be08c7e4dec5907db0f6eafa494a,16527
nha_tho_lon_aug_00519.jpg,nha_tho_lon,5,Nhà Thờ Lớn,St. Joseph's Cathedral Hanoi,224,224,97d77426cfaba06a8f95cf9980afea58,34394
nha_tho_lon_aug_00520.jpg,nha_tho_lon,5,Nhà Thờ Lớn,St. Joseph's Cathedral Hanoi,224,224,0422d873f36bd5f8270cc73d2b34a177,19179
nha_tho_lon_aug_00521.jpg,nha_tho_lon,5,Nhà Thờ Lớn,St. Joseph's Cathedral Hanoi,224,224,47bdace4300f2d840beaa58db5e45347,23625
nha_tho_lon_aug_00522.jpg,nha_tho_lon,5,Nhà Thờ Lớn,St. Joseph's Cathedral Hanoi,224,224,6fcf673dba8473bb09c3551ce6f3ca79,29015
nha_tho_lon_aug_00523.jpg,nha_tho_lon,5,Nhà Thờ Lớn,St. Joseph's Cathedral Hanoi,224,224,90d0fa47994e971508a3493c4a0b4204,29939
nha_tho_lon_aug_00524.jpg,nha_tho_lon,5,Nhà Thờ Lớn,St. Joseph's Cathedral Hanoi,224,224,0099578d825ea9751890650b1aa28ab3,27818
nha_tho_lon_aug_00525.jpg,nha_tho_lon,5,Nhà Thờ Lớn,St. Joseph's Cathedral Hanoi,224,224,f14297049c43d25f907313d4d2c1e74c,21313
nha_tho_lon_aug_00526.jpg,nha_tho_lon,5,Nhà Thờ Lớn,St. Joseph's Cathedral Hanoi,224,224,167b9e570c018968bb3117f4a0943c80,17849
nha_tho_lon_aug_00527.jpg,nha_tho_lon,5,Nhà Thờ Lớn,St. Joseph's Cathedral Hanoi,224,224,055eff12df2ec5dcdb91c1285ac60e75,30334
nha_tho_lon_aug_00528.jpg,nha_tho_lon,5,Nhà Thờ Lớn,St. Joseph's Cathedral Hanoi,224,224,28a6459e777d3230176fb147cd96f741,23942
nha_tho_lon_aug_00529.jpg,nha_tho_lon,5,Nhà Thờ Lớn,St. Joseph's Cathedral Hanoi,224,224,82a56b029df88ca22b6e0e8518cc3e89,18727
nha_tho_lon_aug_00530.jpg,nha_tho_lon,5,Nhà Thờ Lớn,St. Joseph's Cathedral Hanoi,224,224,75a7e49e4f4ceeea358ae0c80a873c30,20805
nha_tho_lon_aug_00531.jpg,nha_tho_lon,5,Nhà Thờ Lớn,St. Joseph's Cathedral Hanoi,224,224,226abefcab9491383ea0b09a849f2cef,19419
nha_tho_lon_aug_00532.jpg,nha_tho_lon,5,Nhà Thờ Lớn,St. Joseph's Cathedral Hanoi,224,224,cb6e957bd4277f04e59651b2cd2974a0,28240
nha_tho_lon_aug_00533.jpg,nha_tho_lon,5,Nhà Thờ Lớn,St. Joseph's Cathedral Hanoi,224,224,0c7d2322a7686e9956732b23141d3749,30121
nha_tho_lon_aug_00534.jpg,nha_tho_lon,5,Nhà Thờ Lớn,St. Joseph's Cathedral Hanoi,224,224,517115bf2d3dc3a8962be13e1e0c7dbf,27973
nha_tho_lon_aug_00535.jpg,nha_tho_lon,5,Nhà Thờ Lớn,St. Joseph's Cathedral Hanoi,224,224,176b6762a6c2692e7207594a4b278612,16673
nha_tho_lon_aug_00536.jpg,nha_tho_lon,5,Nhà Thờ Lớn,St. Joseph's Cathedral Hanoi,224,224,3b4ecb6afd195aab89639c98f8b205d0,27261
nha_tho_lon_aug_00537.jpg,nha_tho_lon,5,Nhà Thờ Lớn,St. Joseph's Cathedral Hanoi,224,224,3e593907428f88011b151db8986b2b2f,27451
nha_tho_lon_aug_00538.jpg,nha_tho_lon,5,Nhà Thờ Lớn,St. Joseph's Cathedral Hanoi,224,224,fdbc7422d6436dd95d99ce6ca98cdb0c,16933
nha_tho_lon_aug_00539.jpg,nha_tho_lon,5,Nhà Thờ Lớn,St. Joseph's Cathedral Hanoi,224,224,9a33d87262a542a72b9433c66c1b1b72,26052
nha_tho_lon_aug_00540.jpg,nha_tho_lon,5,Nhà Thờ Lớn,St. Joseph's Cathedral Hanoi,224,224,dbc4aa26a89bb97a097cc31803b98e46,40118
nha_tho_lon_aug_00541.jpg,nha_tho_lon,5,Nhà Thờ Lớn,St. Joseph's Cathedral Hanoi,224,224,1a7e89848e44b0e3c9a510f322502314,32541
nha_tho_lon_aug_00542.jpg,nha_tho_lon,5,Nhà Thờ Lớn,St. Joseph's Cathedral Hanoi,224,224,f141cbed46ba1789cf41045d4e297174,21800
nha_tho_lon_aug_00543.jpg,nha_tho_lon,5,Nhà Thờ Lớn,St. Joseph's Cathedral Hanoi,224,224,11a747550625570216fbd40deb30d769,14239
nha_tho_lon_aug_00544.jpg,nha_tho_lon,5,Nhà Thờ Lớn,St. Joseph's Cathedral Hanoi,224,224,3c05c882dafafce743865a548cff7a8f,39402
nha_tho_lon_aug_00545.jpg,nha_tho_lon,5,Nhà Thờ Lớn,St. Joseph's Cathedral Hanoi,224,224,b1d7120cedd0431202e669fae9e36643,14593
nha_tho_lon_aug_00546.jpg,nha_tho_lon,5,Nhà Thờ Lớn,St. Joseph's Cathedral Hanoi,224,224,7c94fdf74359654031d2cafd85c510b0,18352
nha_tho_lon_aug_00547.jpg,nha_tho_lon,5,Nhà Thờ Lớn,St. Joseph's Cathedral Hanoi,224,224,39559326840407518aa60c0550232859,39998
nha_tho_lon_aug_00548.jpg,nha_tho_lon,5,Nhà Thờ Lớn,St. Joseph's Cathedral Hanoi,224,224,35da1d06bf4857144a904f453f79f807,29522
nha_tho_lon_aug_00549.jpg,nha_tho_lon,5,Nhà Thờ Lớn,St. Joseph's Cathedral Hanoi,224,224,d51afc7fb74935794d58dfca0fe872a9,28237
nha_tho_lon_aug_00550.jpg,nha_tho_lon,5,Nhà Thờ Lớn,St. Joseph's Cathedral Hanoi,224,224,de0f113eaa88350269b13c91d26ed243,17706
nha_tho_lon_aug_00551.jpg,nha_tho_lon,5,Nhà Thờ Lớn,St. Joseph's Cathedral Hanoi,224,224,69a3d1eb878d8091154d5b62f28e05e8,28924
nha_tho_lon_aug_00552.jpg,nha_tho_lon,5,Nhà Thờ Lớn,St. Joseph's Cathedral Hanoi,224,224,6403fe169862f724f383731950f57784,27219
nha_tho_lon_aug_00553.jpg,nha_tho_lon,5,Nhà Thờ Lớn,St. Joseph's Cathedral Hanoi,224,224,01240fae9eceb3c24e429e6894b251c9,20527
nha_tho_lon_aug_00554.jpg,nha_tho_lon,5,Nhà Thờ Lớn,St. Joseph's Cathedral Hanoi,224,224,10a219c914802fca5451090b5a967e4d,36355
nha_tho_lon_aug_00555.jpg,nha_tho_lon,5,Nhà Thờ Lớn,St. Joseph's Cathedral Hanoi,224,224,320367d8b9483818f2ce8be7806f4ccc,20135
nha_tho_lon_aug_00556.jpg,nha_tho_lon,5,Nhà Thờ Lớn,St. Joseph's Cathedral Hanoi,224,224,c6d9ff3db621dff559ff808afb49dccf,30937
nha_tho_lon_aug_00557.jpg,nha_tho_lon,5,Nhà Thờ Lớn,St. Joseph's Cathedral Hanoi,224,224,87beedba0d2b740c0f3e83a9d56d9fef,17010
nha_tho_lon_aug_00558.jpg,nha_tho_lon,5,Nhà Thờ Lớn,St. Joseph's Cathedral Hanoi,224,224,ffc27884e015752f923f00cd3b37ab8c,25435
nha_tho_lon_aug_00559.jpg,nha_tho_lon,5,Nhà Thờ Lớn,St. Joseph's Cathedral Hanoi,224,224,72d57146510cf88823fd052903a08b16,26961
nha_tho_lon_aug_00560.jpg,nha_tho_lon,5,Nhà Thờ Lớn,St. Joseph's Cathedral Hanoi,224,224,a74970efcb25668d59c6aae583056fba,12818
nha_tho_lon_aug_00561.jpg,nha_tho_lon,5,Nhà Thờ Lớn,St. Joseph's Cathedral Hanoi,224,224,1c95909c0ad5455a5607128193d901c6,25628
nha_tho_lon_aug_00562.jpg,nha_tho_lon,5,Nhà Thờ Lớn,St. Joseph's Cathedral Hanoi,224,224,3f2a0f02ba836cb939ea39b2b5232a3d,22319
nha_tho_lon_aug_00563.jpg,nha_tho_lon,5,Nhà Thờ Lớn,St. Joseph's Cathedral Hanoi,224,224,2dcd1dbb5de6256934b7d64d5743cecd,35774
nha_tho_lon_aug_00564.jpg,nha_tho_lon,5,Nhà Thờ Lớn,St. Joseph's Cathedral Hanoi,224,224,10ea332dbd37de25bb793601eedea0ea,35797
nha_tho_lon_aug_00565.jpg,nha_tho_lon,5,Nhà Thờ Lớn,St. Joseph's Cathedral Hanoi,224,224,5d58d29b8451fa2b34f10798309f1d48,29187
nha_tho_lon_aug_00566.jpg,nha_tho_lon,5,Nhà Thờ Lớn,St. Joseph's Cathedral Hanoi,224,224,1de34965bf4cd239cc2830ae863a346a,31115
nha_tho_lon_aug_00567.jpg,nha_tho_lon,5,Nhà Thờ Lớn,St. Joseph's Cathedral Hanoi,224,224,5fa19eb98b1978e24bff19565550ef53,31043
nha_tho_lon_aug_00568.jpg,nha_tho_lon,5,Nhà Thờ Lớn,St. Joseph's Cathedral Hanoi,224,224,c0373d1610959578b8f4384c5f5853be,38327
nha_tho_lon_aug_00569.jpg,nha_tho_lon,5,Nhà Thờ Lớn,St. Joseph's Cathedral Hanoi,224,224,bfa643b5670b72078724ddba3efc6284,23957
nha_tho_lon_aug_00570.jpg,nha_tho_lon,5,Nhà Thờ Lớn,St. Joseph's Cathedral Hanoi,224,224,a83e0fe14fdadf9d633608a04e1703b4,30086
nha_tho_lon_aug_00571.jpg,nha_tho_lon,5,Nhà Thờ Lớn,St. Joseph's Cathedral Hanoi,224,224,5494b05d2a5d1cb0483c69a1ad066b95,32822
nha_tho_lon_aug_00572.jpg,nha_tho_lon,5,Nhà Thờ Lớn,St. Joseph's Cathedral Hanoi,224,224,bbb042857ba206a70a2722f305254aee,39396
nha_tho_lon_aug_00573.jpg,nha_tho_lon,5,Nhà Thờ Lớn,St. Joseph's Cathedral Hanoi,224,224,ca51834c7214972e03c08be7b0498aef,25876
nha_tho_lon_aug_00574.jpg,nha_tho_lon,5,Nhà Thờ Lớn,St. Joseph's Cathedral Hanoi,224,224,27a5abd4e3d82ee5a31ba065ef99191c,38061
nha_tho_lon_aug_00575.jpg,nha_tho_lon,5,Nhà Thờ Lớn,St. Joseph's Cathedral Hanoi,224,224,413bef80daf9c823aa702707c3110dbf,13749
nha_tho_lon_aug_00576.jpg,nha_tho_lon,5,Nhà Thờ Lớn,St. Joseph's Cathedral Hanoi,224,224,ae925b7e71648105bb963e9bbc9985c2,22980
nha_tho_lon_aug_00577.jpg,nha_tho_lon,5,Nhà Thờ Lớn,St. Joseph's Cathedral Hanoi,224,224,85ba26c133bc4b773dbb08c5dc131c33,22304
nha_tho_lon_aug_00578.jpg,nha_tho_lon,5,Nhà Thờ Lớn,St. Joseph's Cathedral Hanoi,224,224,1a79c1e7760bafa83c2f19b6af437c09,35190
nha_tho_lon_aug_00579.jpg,nha_tho_lon,5,Nhà Thờ Lớn,St. Joseph's Cathedral Hanoi,224,224,e1c8b4050ccdc4fc0022d2c23bfbbcb8,33208
nha_tho_lon_aug_00580.jpg,nha_tho_lon,5,Nhà Thờ Lớn,St. Joseph's Cathedral Hanoi,224,224,2e23034bcef4798c6555c86d043ab110,36379
nha_tho_lon_aug_00581.jpg,nha_tho_lon,5,Nhà Thờ Lớn,St. Joseph's Cathedral Hanoi,224,224,90df80b3f2e3c9815290fb3b41af7517,16009
nha_tho_lon_aug_00582.jpg,nha_tho_lon,5,Nhà Thờ Lớn,St. Joseph's Cathedral Hanoi,224,224,d429ecd6f6411d054329ac53cb8b0d1c,36344
nha_tho_lon_aug_00583.jpg,nha_tho_lon,5,Nhà Thờ Lớn,St. Joseph's Cathedral Hanoi,224,224,b5001a8b714a0ca6c9de6e1e48125ed9,28134
nha_tho_lon_aug_00584.jpg,nha_tho_lon,5,Nhà Thờ Lớn,St. Joseph's Cathedral Hanoi,224,224,6aeca3bfca89b1d406dc44514c662e10,38415
nha_tho_lon_aug_00585.jpg,nha_tho_lon,5,Nhà Thờ Lớn,St. Joseph's Cathedral Hanoi,224,224,462366a6baae5236ab90b72481618ebc,39886
nha_tho_lon_aug_00586.jpg,nha_tho_lon,5,Nhà Thờ Lớn,St. Joseph's Cathedral Hanoi,224,224,980fd9939bcc10012db324425f2499ab,17249
nha_tho_lon_aug_00587.jpg,nha_tho_lon,5,Nhà Thờ Lớn,St. Joseph's Cathedral Hanoi,224,224,55cffe4606346421ad6f50d08aab3d79,27199
nha_tho_lon_aug_00588.jpg,nha_tho_lon,5,Nhà Thờ Lớn,St. Joseph's Cathedral Hanoi,224,224,20a7ce60f78833f568dac2d80cf0cc4c,20341
nha_tho_lon_aug_00589.jpg,nha_tho_lon,5,Nhà Thờ Lớn,St. Joseph's Cathedral Hanoi,224,224,88d1adb10c9a35d9072fab8aaf47bc2b,29312
nha_tho_lon_aug_00590.jpg,nha_tho_lon,5,Nhà Thờ Lớn,St. Joseph's Cathedral Hanoi,224,224,8e1dddd2ef611762eddc1284386d16d3,18097
nha_tho_lon_aug_00591.jpg,nha_tho_lon,5,Nhà Thờ Lớn,St. Joseph's Cathedral Hanoi,224,224,6d1d35aa4651ceb9d0c244153cd6276f,22211
nha_tho_lon_aug_00592.jpg,nha_tho_lon,5,Nhà Thờ Lớn,St. Joseph's Cathedral Hanoi,224,224,9e4267786e7db234cae8a175f59b2392,25249
nha_tho_lon_aug_00593.jpg,nha_tho_lon,5,Nhà Thờ Lớn,St. Joseph's Cathedral Hanoi,224,224,229e0fcd00095e21104146ff5968eead,16389
nha_tho_lon_aug_00594.jpg,nha_tho_lon,5,Nhà Thờ Lớn,St. Joseph's Cathedral Hanoi,224,224,d422b545b7827f675645616aee901c8b,21530
nha_tho_lon_aug_00595.jpg,nha_tho_lon,5,Nhà Thờ Lớn,St. Joseph's Cathedral Hanoi,224,224,7755f7edc0adb14bfbb68fad42b99afd,36438
nha_tho_lon_aug_00596.jpg,nha_tho_lon,5,Nhà Thờ Lớn,St. Joseph's Cathedral Hanoi,224,224,83f5683f043d95616381bca236515fe0,34995
nha_tho_lon_aug_00597.jpg,nha_tho_lon,5,Nhà Thờ Lớn,St. Joseph's Cathedral Hanoi,224,224,f3184bde007a98ddeab2aac9fcbac059,35395
nha_tho_lon_aug_00598.jpg,nha_tho_lon,5,Nhà Thờ Lớn,St. Joseph's Cathedral Hanoi,224,224,fd2af0dc6b2815cae567e56eaf91d564,30310
nha_tho_lon_aug_00599.jpg,nha_tho_lon,5,Nhà Thờ Lớn,St. Joseph's Cathedral Hanoi,224,224,ccae8889228d8c75d61a830dd13f9b96,22188
Đức Mẹ nhà thờ Lớn Hà Nội.jpg,nha_tho_lon,5,Nhà Thờ Lớn,St. Joseph's Cathedral Hanoi,224,224,bfc309fba1f5715d838baf9ba899ce83,28110
Bán Tràng Tiền Plaza cho tư nhân_ Sợ người mua không có tâm tốt.jpg,trang_tien_plaza,6,Tràng Tiền Plaza,Trang Tien Plaza,224,224,38886ba242bf918ed9b8ecc662c8db9f,23379
Bên trong 'canh bạc' Tràng Tiền Plaza của bố chồng Hà Tăng.jpg,trang_tien_plaza,6,Tràng Tiền Plaza,Trang Tien Plaza,224,224,550c2ac17780ae1e7fb6be27d012a256,21574
Bố chồng Hà Tăng có phải là chủ thực sự của Tràng Tiền Plaza _.jpg,trang_tien_plaza,6,Tràng Tiền Plaza,Trang Tien Plaza,224,224,cc24f2fc6b8bd325153eca232592d7f5,21747
Bố chồng Tăng Thanh Hà và 'canh bạc' Tràng Tiền Plaza.jpg,trang_tien_plaza,6,Tràng Tiền Plaza,Trang Tien Plaza,224,224,eb156512d04418dcd55bb26754f4a483,31494
"Bỏ 400 tỷ đồng nâng cấp, Tràng Tiền Plaza vẫn ế ẩm không ngờ.jpg",trang_tien_plaza,6,Tràng Tiền Plaza,Trang Tien Plaza,224,224,a05cfb4182f127d2196a6ec511f2b643,26395
Chuyện kinh doanh trăm năm ở Tràng Tiền Plaza - Báo VnExpress Kinh doanh.jpg,trang_tien_plaza,6,Tràng Tiền Plaza,Trang Tien Plaza,224,224,5cd783e1c924692ecb7a3f83861d1564,25876
Chuyện kinh doanh trăm năm ở Tràng Tiền Plaza _ Vietstock.jpg,trang_tien_plaza,6,Tràng Tiền Plaza,Trang Tien Plaza,224,224,c99390b9b46453dce8486694a78edb38,26368
"Chủ đất vàng Tràng Tiền Plaza, ông là ai_.jpg",trang_tien_plaza,6,Tràng Tiền Plaza,Trang Tien Plaza,224,224,704557101bbfe8459563d2acbe6741b8,29505
Có “cửa” nào cho Tràng Tiền Plaza_ _ Tin nhanh chứng khoán.jpg,trang_tien_plaza,6,Tràng Tiền Plaza,Trang Tien Plaza,224,224,c710d06e4521da74b4c9a5fd0ef09b74,28897
"Diện mạo mới hiện đại, tráng lệ của Tràng Tiền Plaza-001.jpg",trang_tien_plaza,6,Tràng Tiền Plaza,Trang Tien Plaza,224,224,19f8037fcb8aa7ecf23d47c0056edc5c,33380
"Diện mạo mới hiện đại, tráng lệ của Tràng Tiền Plaza.jpg",trang_tien_plaza,6,Tràng Tiền Plaza,Trang Tien Plaza,224,224,b7889cbbb6c97e3c9a516625a49afd97,31949
"Elegant Trang Tien Plaza in Hanoi, Vietnam · Free Stock Photo-001.jpg",trang_tien_plaza,6,Tràng Tiền Plaza,Trang Tien Plaza,224,224,60fb7f940cf8bb394171edea6ba40262,32607
"Elegant Trang Tien Plaza in Hanoi, Vietnam · Free Stock Photo.jpg",trang_tien_plaza,6,Tràng Tiền Plaza,Trang Tien Plaza,224,224,4274a2a53e0e700b50e3a32260668077,27135
Giá thuê trung bình trung tâm thương mại Hà Nội tăng do Tràng Tiền Plaza mở  cửa trở lại.jpg,trang_tien_plaza,6,Tràng Tiền Plaza,Trang Tien Plaza,224,224,db2bedc70984b7776a0fe86782173901,25930
"Màn hình LED quảng cáo tại Tràng Tiền Plaza, Hoàn Kiếm, Hà Nội.jpg",trang_tien_plaza,6,Tràng Tiền Plaza,Trang Tien Plaza,224,224,835111f63dd3e93640ef932a46919df3,30884
"Màn hình Led tại Tràng Tiền Plaza, Hà Nội - SIXTH SENSE MEDIA-001.jpg",trang_tien_plaza,6,Tràng Tiền Plaza,Trang Tien Plaza,224,224,f78899e3d4762163c8e8f2896a9aebd5,25096
"Màn hình Led tại Tràng Tiền Plaza, Hà Nội - SIXTH SENSE MEDIA.jpg",trang_tien_plaza,6,Tràng Tiền Plaza,Trang Tien Plaza,224,224,610858bb4b15a5260e8b5d74df538043,29946
Mở cửa hàng miễn thuế tại Tràng Tiền Plaza để thu hút khách du lịch.jpg,trang_tien_plaza,6,Tràng Tiền Plaza,Trang Tien Plaza,224,224,072f7fff7d01357a619f06a603d2befa,28730
"Ngày 15_3, Tràng Tiền Plaza chính thức mở cửa _ Tin nhanh chứng khoán.jpg",trang_tien_plaza,6,Tràng Tiền Plaza,Trang Tien Plaza,224,224,36b0290fa31e57ef7913a2f563671872,23784
Ngắm nhìn không gian Tràng Tiền Plaza rực rỡ dịp Tết Quý Mão.jpg,trang_tien_plaza,6,Tràng Tiền Plaza,Trang Tien Plaza,224,224,9a2e2b1778c21f080a282baec40781ab,31458
One Day At Trang Tien Plaza - Một ngày trải nghiệm mua sắm đẳng cấp tại Tràng  Tiền Plaza - YouTube.jpg,trang_tien_plaza,6,Tràng Tiền Plaza,Trang Tien Plaza,224,224,b71a4622a2625515d01dd7ab368757c3,25958
Review_ Tràng Tiền Plaza I Tràng Tiền I Hà Nội I Vietnam I Thang Vu -  YouTube.jpg,trang_tien_plaza,6,Tràng Tiền Plaza,Trang Tien Plaza,224,224,9009ce4c909dc71915c6debcb027a44b,28577
TRANG TIEN PLAZA _ Bmm.vn.jpg,trang_tien_plaza,6,Tràng Tiền Plaza,Trang Tien Plaza,224,224,d505142c9f17e0d9dff8101b2b04d3c2,28035
"TRANG TIEN PLAZA – HANOI, VIETNAM - APP - Project and Construction  Management.jpg",trang_tien_plaza,6,Tràng Tiền Plaza,Trang Tien Plaza,224,224,47340022d7b2130360cb307c7bcfc1e5,30745
"TRUNG TÂM THƯƠNG MẠI TRÀNG TIỀN PLAZA _ Tin tuc CẬP NHẬT , trung tam thuong  mai trang tien plaza _ Báo Người lao động.jpg",trang_tien_plaza,6,Tràng Tiền Plaza,Trang Tien Plaza,224,224,76a13e5fa8f433c6889721c412bccb83,37289
Tái hiện Bách hóa Tràng Tiền.jpg,trang_tien_plaza,6,Tràng Tiền Plaza,Trang Tien Plaza,224,224,e57c30ccf92e8b515a6c89fd8c880460,21836
Tham quan Tràng Tiền Plaza - Trung tâm mua sắm sang chảnh bậc nhất Hà Nội -  YouTube.jpg,trang_tien_plaza,6,Tràng Tiền Plaza,Trang Tien Plaza,224,224,b729860520927fcd1c4f5e39ec42b51b,27642
The image shows the trang tien plaza in vietnam. photo – Free Green Image  on Unsplash.jpg,trang_tien_plaza,6,Tràng Tiền Plaza,Trang Tien Plaza,224,224,19f48ac7b949fcf7352efc5d8fd88a39,34768
Thoái toàn bộ vốn nhà nước tại Tràng Tiền Plaza_.jpg,trang_tien_plaza,6,Tràng Tiền Plaza,Trang Tien Plaza,224,224,7180a58a22af0bfd7957ab23812e54ad,28248
Tiffany & Co chính thức khai trương cửa hàng đầu tiên tại Hà Nội.jpg,trang_tien_plaza,6,Tràng Tiền Plaza,Trang Tien Plaza,224,224,bebf46bc644f2c2eb4c753d5485af3d2,27307
"Tin tức, hình ảnh, video clip mới nhất về Tràng Tiền Plaza.jpg",trang_tien_plaza,6,Tràng Tiền Plaza,Trang Tien Plaza,224,224,b696a81cc163adc96d71628e5858bac0,27301
Trang Tien Plaza - A historic mark on Trang Tien commercial street-001.jpg,trang_tien_plaza,6,Tràng Tiền Plaza,Trang Tien Plaza,224,224,ed1c706be1347b80f2b198bd63344a3e,24318
Trang Tien Plaza - A historic mark on Trang Tien commercial street.jpg,trang_tien_plaza,6,Tràng Tiền Plaza,Trang Tien Plaza,224,224,3a2f74a0998dbb354bf7aed65ac91885,30607
Trang Tien Plaza - Hanoi.jpg,trang_tien_plaza,6,Tràng Tiền Plaza,Trang Tien Plaza,224,224,077566b5483262bef848d5f08d6fbee7,29074
Trang Tien Plaza - The First Luxury Shopping Center In Hanoi-001.jpg,trang_tien_plaza,6,Tràng Tiền Plaza,Trang Tien Plaza,224,224,20738bfb3d47efbc7d00e8e195a6a80f,31823
Trang Tien Plaza - The First Luxury Shopping Center In Hanoi.jpg,trang_tien_plaza,6,Tràng Tiền Plaza,Trang Tien Plaza,224,224,12bd6d87b3b0e15d1988e63bc176fc06,33325
Trang Tien Plaza - Wikipedia.jpg,trang_tien_plaza,6,Tràng Tiền Plaza,Trang Tien Plaza,224,224,0d99e68b04a760a0508c8fb2ae60ec96,29867
Trang Tien Plaza Hanoi _ Discover the Most Luxurious Shopping Center in  Vietnam - YouTube.jpg,trang_tien_plaza,6,Tràng Tiền Plaza,Trang Tien Plaza,224,224,4e3ced869f9b729bb5dfc80c938735fb,37631
Trang Tien Plaza Stock Photo - Alamy.jpg,trang_tien_plaza,6,Tràng Tiền Plaza,Trang Tien Plaza,224,224,ca03015c9b3194be5bb15752ee3f55c7,29341
Trang tien plaza hi-res stock photography and images - Alamy-001.jpg,trang_tien_plaza,6,Tràng Tiền Plaza,Trang Tien Plaza,224,224,2a1b1e98ffcdb909d056a00e432e1d9b,31836
Trang tien plaza hi-res stock photography and images - Alamy.jpg,trang_tien_plaza,6,Tràng Tiền Plaza,Trang Tien Plaza,224,224,bd4fc9ef1fec4ec426ff68990426647e,30759
Trang trí noel tràng tiền plaza-001.jpg,trang_tien_plaza,6,Tràng Tiền Plaza,Trang Tien Plaza,224,224,21f9f6e154aa16c5caffbf5b7d95235e,37343
Trang trí noel tràng tiền plaza.jpg,trang_tien_plaza,6,Tràng Tiền Plaza,Trang Tien Plaza,224,224,07e52862d11b0c78805ebd67473b84e5,34893
"Tràng Tiền Plaza (Hà Nội, Việt Nam) - Đánh giá - Tripadvisor.jpg",trang_tien_plaza,6,Tràng Tiền Plaza,Trang Tien Plaza,224,224,5b977c11b989d3134b75d322631ce4b0,29448
Tràng Tiền Plaza - Tin Tức về Tràng Tiền Plaza.jpg,trang_tien_plaza,6,Tràng Tiền Plaza,Trang Tien Plaza,224,224,bf0b547650b57267d36c6b78ddaa3a4f,26373
"Tràng Tiền Plaza - các bài viết về Tràng Tiền Plaza, tin tức Tràng Tiền  Plaza.jpg",trang_tien_plaza,6,Tràng Tiền Plaza,Trang Tien Plaza,224,224,9de41b534d33315890aeb3f2932ee6ff,35212
Tràng Tiền Plaza -Thiên đường không của riêng ai.jpg,trang_tien_plaza,6,Tràng Tiền Plaza,Trang Tien Plaza,224,224,047254217a08febf97f63ff8bfb0ea4b,28237
Tràng Tiền Plaza Hà Nội - San Pham Noel-001.jpg,trang_tien_plaza,6,Tràng Tiền Plaza,Trang Tien Plaza,224,224,1ba5b9e5c6e6ee6c34ca9b848e0a6aca,25855
Tràng Tiền Plaza Hà Nội - San Pham Noel.jpg,trang_tien_plaza,6,Tràng Tiền Plaza,Trang Tien Plaza,224,224,0c009e701bb94ca11d16b5bde4d23210,26813
Tràng Tiền Plaza Hà Nội.jpg,trang_tien_plaza,6,Tràng Tiền Plaza,Trang Tien Plaza,224,224,67cce9220aa3a009d2863f37f6b84bcd,30104
Tràng Tiền Plaza _ Ghé thăm trung tâm mua sắm hàng đầu Hà thành-001.jpg,trang_tien_plaza,6,Tràng Tiền Plaza,Trang Tien Plaza,224,224,ef999bcc0da726ad5f56b78599607579,26360
Tràng Tiền Plaza _ Ghé thăm trung tâm mua sắm hàng đầu Hà thành.jpg,trang_tien_plaza,6,Tràng Tiền Plaza,Trang Tien Plaza,224,224,df8429629ddc364ab347ed0b914d86a4,26919
Tràng Tiền Plaza khoe diện mạo mới trị giá hơn 10 triệu USD _ Báo Dân trí.jpg,trang_tien_plaza,6,Tràng Tiền Plaza,Trang Tien Plaza,224,224,0b6ad4f967f9831aa7a4c4e400a941a6,33077
Tràng Tiền Plaza kỷ niệm sinh nhật 3 năm - ELLE.VN.jpg,trang_tien_plaza,6,Tràng Tiền Plaza,Trang Tien Plaza,224,224,b749f50862b43c7904495660fa70e019,29359
Tràng Tiền Plaza ở Hà Nội _ Foody.vn.jpg,trang_tien_plaza,6,Tràng Tiền Plaza,Trang Tien Plaza,224,224,008d56c5cf0ad0098af5d629247a314b,28255
Tràng Tiền Plaza trang trí đón Xuân _ Hà Nội đẹp và chưa đẹp - YouTube.jpg,trang_tien_plaza,6,Tràng Tiền Plaza,Trang Tien Plaza,224,224,3032bd788aee297da354a368c9d4a109,31030
Tràng Tiền Plaza tưng bừng ngày khai trương.jpg,trang_tien_plaza,6,Tràng Tiền Plaza,Trang Tien Plaza,224,224,5848955bffe88b7188302f5056097376,22210
Tràng Tiền Plaza – Wikipedia tiếng Việt.jpg,trang_tien_plaza,6,Tràng Tiền Plaza,Trang Tien Plaza,224,224,29ed42268e142d6eeb3426187dde75d9,33524
"Tràng Tiền Plaza, canh bạc của bố chồng Hà Tăng hay thị trường_.jpg",trang_tien_plaza,6,Tràng Tiền Plaza,Trang Tien Plaza,224,224,29910b7eb48b9af8c6c479bba0100d12,22554
"Tràng Tiền Plaza, thủ phủ hàng hiệu của bố chồng Hà Tăng thời Covid-19-001.jpg",trang_tien_plaza,6,Tràng Tiền Plaza,Trang Tien Plaza,224,224,c7a99a41acedbabdeade3493ce1cfeaa,19020
"Tràng Tiền Plaza, thủ phủ hàng hiệu của bố chồng Hà Tăng thời Covid-19.jpg",trang_tien_plaza,6,Tràng Tiền Plaza,Trang Tien Plaza,224,224,e6d49f8973780ea8a128c96bfe572115,20443
"Tràng Tiền Plaza, trung tâm mua sắm sầm uất bậc nhất Hà Nội.jpg",trang_tien_plaza,6,Tràng Tiền Plaza,Trang Tien Plaza,224,224,3c0023fa25d1a0f614451f0f591d3b06,29656
Tràng Tiền Plaza-001.jpg,trang_tien_plaza,6,Tràng Tiền Plaza,Trang Tien Plaza,224,224,ac2fde64562c0a23f10c9703475cb19f,25601
Tràng Tiền Plaza.jpg,trang_tien_plaza,6,Tràng Tiền Plaza,Trang Tien Plaza,224,224,30835cf758aff89a6817810eae335914,30258
"Tràng Tiền Plaza_ tin tức, hình ảnh, video, bình luận mới nhất.jpg",trang_tien_plaza,6,Tràng Tiền Plaza,Trang Tien Plaza,224,224,7709618e1402ccc3bcc8cfba9f05de28,37551
Trung Tâm Thương Mại Tràng Tiền Plaza.jpg,trang_tien_plaza,6,Tràng Tiền Plaza,Trang Tien Plaza,224,224,2ca4259759975fbe6fae2a86dc7a6b2b,25584
"Trung tâm thương mại Hà Nội trang trí Giáng sinh bắt mắt, hút khách tham  quan.jpg",trang_tien_plaza,6,Tràng Tiền Plaza,Trang Tien Plaza,224,224,c9a7aa0ad141df4a23bcdc20e9b25f82,29168
"Trung tâm thương mại Tràng Tiền Plaza _ Hoàn Kiếm, Hà Nội✓-001.jpg",trang_tien_plaza,6,Tràng Tiền Plaza,Trang Tien Plaza,224,224,80efc2b0418c0243acd460222f469f32,35542
"Trung tâm thương mại Tràng Tiền Plaza _ Hoàn Kiếm, Hà Nội✓-002.jpg",trang_tien_plaza,6,Tràng Tiền Plaza,Trang Tien Plaza,224,224,76376c2c1f5bbb2ce2895d425a89cdfd,36637
"Trung tâm thương mại Tràng Tiền Plaza _ Hoàn Kiếm, Hà Nội✓.jpg",trang_tien_plaza,6,Tràng Tiền Plaza,Trang Tien Plaza,224,224,45fbfcb03db0c0485c8395953316206d,32034
Trung tâm thương mại Tràng Tiền Plaza tuyển dụng _ Tin tức mới nhất 24h -  Đọc Báo Lao Động online - Laodong.vn.jpg,trang_tien_plaza,6,Tràng Tiền Plaza,Trang Tien Plaza,224,224,0f94e4c714f8599c12248dc4a063606d,29575
Trung tâm thương mại Tràng Tiền hoạt động trở lại.jpg,trang_tien_plaza,6,Tràng Tiền Plaza,Trang Tien Plaza,224,224,44fb649cc3cab6a30ac4d92ee6a60569,23518
Vì sao Tràng Tiền Plaza phải đóng cửa tạm thời_ _ Znews.vn.jpg,trang_tien_plaza,6,Tràng Tiền Plaza,Trang Tien Plaza,224,224,729c70c9514bd7258ec26d3455295617,23064
WOWTIMES- Top 100 Đơn vị 100 tuổi] (P.69) Tràng Tiền Plaza- Dấu ấn biểu  tượng thương mai của Hà Nội xưa (1901- 2022) - Niên lịch.jpg,trang_tien_plaza,6,Tràng Tiền Plaza,Trang Tien Plaza,224,224,6c0b79df016b50a695ccb69f016e86b0,23695
trang_tien_plaza_0002.jpg,trang_tien_plaza,6,Tràng Tiền Plaza,Trang Tien Plaza,224,224,02f84ee6eea07c0dac3c74c1e23c337d,38287
trang_tien_plaza_0006.jpg,trang_tien_plaza,6,Tràng Tiền Plaza,Trang Tien Plaza,224,224,de227de49020c018018e2199273d43d8,24599
trang_tien_plaza_0008.jpg,trang_tien_plaza,6,Tràng Tiền Plaza,Trang Tien Plaza,224,224,b27f5803b4663caea100fabcff1fce34,33075
trang_tien_plaza_0009.jpg,trang_tien_plaza,6,Tràng Tiền Plaza,Trang Tien Plaza,224,224,85d7beefda2b9f0848adb5709b3f6ea8,28180
trang_tien_plaza_0011.jpg,trang_tien_plaza,6,Tràng Tiền Plaza,Trang Tien Plaza,224,224,b138ccd5f9d649021c9166aa1188157b,39655
trang_tien_plaza_0013.jpg,trang_tien_plaza,6,Tràng Tiền Plaza,Trang Tien Plaza,224,224,929eb9dd118719e334cb8e48bd630c44,22892
trang_tien_plaza_0015.jpg,trang_tien_plaza,6,Tràng Tiền Plaza,Trang Tien Plaza,224,224,107de3daba0537b3477550bd5a6fff55,35147
trang_tien_plaza_0016.jpg,trang_tien_plaza,6,Tràng Tiền Plaza,Trang Tien Plaza,224,224,a3f18aea79e3cb8c835d4fed2051a5bd,23609
trang_tien_plaza_0019.jpg,trang_tien_plaza,6,Tràng Tiền Plaza,Trang Tien Plaza,224,224,190538c7fb7fb35ef22ade57387289c7,37160
trang_tien_plaza_0020.jpg,trang_tien_plaza,6,Tràng Tiền Plaza,Trang Tien Plaza,224,224,3bda847ee65cab048d8813de7055a016,28366
trang_tien_plaza_0022.jpg,trang_tien_plaza,6,Tràng Tiền Plaza,Trang Tien Plaza,224,224,c0a18991bee1b251ac9cf5c7bc68406a,30641
trang_tien_plaza_0023.jpg,trang_tien_plaza,6,Tràng Tiền Plaza,Trang Tien Plaza,224,224,ddf2dc3864512da83d0a44551a6921eb,27355
trang_tien_plaza_0024.jpg,trang_tien_plaza,6,Tràng Tiền Plaza,Trang Tien Plaza,224,224,946d39e5c2cbf3340c2906c3d0051d28,31942
trang_tien_plaza_0028.jpg,trang_tien_plaza,6,Tràng Tiền Plaza,Trang Tien Plaza,224,224,0940e0aead3e8c6ebd0284b20c08653a,23869
trang_tien_plaza_0031.jpg,trang_tien_plaza,6,Tràng Tiền Plaza,Trang Tien Plaza,224,224,edbf75cc63897d6647735a426971a654,32495
trang_tien_plaza_0032.jpg,trang_tien_plaza,6,Tràng Tiền Plaza,Trang Tien Plaza,224,224,826da858a13f61cdde9f876efe90ef99,27819
trang_tien_plaza_aug_00090.jpg,trang_tien_plaza,6,Tràng Tiền Plaza,Trang Tien Plaza,224,224,c801e49e2bcd89c0c1ea271a4649d5b0,37410
trang_tien_plaza_aug_00091.jpg,trang_tien_plaza,6,Tràng Tiền Plaza,Trang Tien Plaza,224,224,4248331ec6341c7466b11f13a159f887,14033
trang_tien_plaza_aug_00092.jpg,trang_tien_plaza,6,Tràng Tiền Plaza,Trang Tien Plaza,224,224,3740bf514b39323f4107f4649183c204,18471
trang_tien_plaza_aug_00093.jpg,trang_tien_plaza,6,Tràng Tiền Plaza,Trang Tien Plaza,224,224,031f294cf17c2a586b2ae697901f6355,18940
trang_tien_plaza_aug_00094.jpg,trang_tien_plaza,6,Tràng Tiền Plaza,Trang Tien Plaza,224,224,dc038375bb9e3b71609e57418322cf0f,18904
trang_tien_plaza_aug_00095.jpg,trang_tien_plaza,6,Tràng Tiền Plaza,Trang Tien Plaza,224,224,734e6aae8d7b3fd146e130327c49efec,26218
trang_tien_plaza_aug_00096.jpg,trang_tien_plaza,6,Tràng Tiền Plaza,Trang Tien Plaza,224,224,692d61e610e18034f6880fe9657449f5,21871
trang_tien_plaza_aug_00097.jpg,trang_tien_plaza,6,Tràng Tiền Plaza,Trang Tien Plaza,224,224,7d5cf01503384ab69cc7243e8b14bd3f,21998
trang_tien_plaza_aug_00098.jpg,trang_tien_plaza,6,Tràng Tiền Plaza,Trang Tien Plaza,224,224,870cbe9f94e2e3b4a59a07203fe9ef66,28909
trang_tien_plaza_aug_00099.jpg,trang_tien_plaza,6,Tràng Tiền Plaza,Trang Tien Plaza,224,224,92da833ef390af43a98ecf8d2e404868,37259
trang_tien_plaza_aug_00100.jpg,trang_tien_plaza,6,Tràng Tiền Plaza,Trang Tien Plaza,224,224,ed8429a168ff186aacc97e04fb1e8c91,17869
trang_tien_plaza_aug_00101.jpg,trang_tien_plaza,6,Tràng Tiền Plaza,Trang Tien Plaza,224,224,f6aab473431c20ae28684fd785533928,35621
trang_tien_plaza_aug_00102.jpg,trang_tien_plaza,6,Tràng Tiền Plaza,Trang Tien Plaza,224,224,60e93672129873eaa9260da40cf516a1,29874
trang_tien_plaza_aug_00103.jpg,trang_tien_plaza,6,Tràng Tiền Plaza,Trang Tien Plaza,224,224,0aa35344a7c6b76f667971754b4b4ab4,19259
trang_tien_plaza_aug_00104.jpg,trang_tien_plaza,6,Tràng Tiền Plaza,Trang Tien Plaza,224,224,a0db1b0f58d620afd74b556a09803a37,22603
trang_tien_plaza_aug_00105.jpg,trang_tien_plaza,6,Tràng Tiền Plaza,Trang Tien Plaza,224,224,19789af2c7345b6078f569a87630c12e,34197
trang_tien_plaza_aug_00106.jpg,trang_tien_plaza,6,Tràng Tiền Plaza,Trang Tien Plaza,224,224,70e6596b2a78fe2c3f1e27242c9ad416,19535
trang_tien_plaza_aug_00107.jpg,trang_tien_plaza,6,Tràng Tiền Plaza,Trang Tien Plaza,224,224,1ddb8d91986c6271d6c833a55265333e,18590
trang_tien_plaza_aug_00108.jpg,trang_tien_plaza,6,Tràng Tiền Plaza,Trang Tien Plaza,224,224,ea693e1df57b9f124c5d0c98f0edfaa1,31094
trang_tien_plaza_aug_00109.jpg,trang_tien_plaza,6,Tràng Tiền Plaza,Trang Tien Plaza,224,224,96f27584ef39d167b0f52d9572cd63ad,17344
trang_tien_plaza_aug_00110.jpg,trang_tien_plaza,6,Tràng Tiền Plaza,Trang Tien Plaza,224,224,3396a10192255b395c91d9efdea179a2,14469
trang_tien_plaza_aug_00111.jpg,trang_tien_plaza,6,Tràng Tiền Plaza,Trang Tien Plaza,224,224,f2e47cb9fdd36ef4c891c86762fffc42,20974
trang_tien_plaza_aug_00112.jpg,trang_tien_plaza,6,Tràng Tiền Plaza,Trang Tien Plaza,224,224,8b3a9f7fd814bd90c4ffaea0cc1d1ed1,19174
trang_tien_plaza_aug_00113.jpg,trang_tien_plaza,6,Tràng Tiền Plaza,Trang Tien Plaza,224,224,a831b36685359dc054f6fa08177b74cd,15641
trang_tien_plaza_aug_00114.jpg,trang_tien_plaza,6,Tràng Tiền Plaza,Trang Tien Plaza,224,224,58cb0aa1a7641c5412499f384f6c8494,26520
trang_tien_plaza_aug_00115.jpg,trang_tien_plaza,6,Tràng Tiền Plaza,Trang Tien Plaza,224,224,66a6d84af84fe376591410eb5edecc3e,16432
trang_tien_plaza_aug_00116.jpg,trang_tien_plaza,6,Tràng Tiền Plaza,Trang Tien Plaza,224,224,c6cc2e1274b23d57873427162e41c314,39084
trang_tien_plaza_aug_00117.jpg,trang_tien_plaza,6,Tràng Tiền Plaza,Trang Tien Plaza,224,224,3789b0d5d0f4fd43068b6619fdc26c6b,30523
trang_tien_plaza_aug_00118.jpg,trang_tien_plaza,6,Tràng Tiền Plaza,Trang Tien Plaza,224,224,2f60c14c2141e365e09ae348011b0172,16081
trang_tien_plaza_aug_00119.jpg,trang_tien_plaza,6,Tràng Tiền Plaza,Trang Tien Plaza,224,224,93ac8eef0e9e404e8fb0cfce100af89f,21114
trang_tien_plaza_aug_00120.jpg,trang_tien_plaza,6,Tràng Tiền Plaza,Trang Tien Plaza,224,224,453376fe9d7dca0cfe2f655660a01889,24089
trang_tien_plaza_aug_00121.jpg,trang_tien_plaza,6,Tràng Tiền Plaza,Trang Tien Plaza,224,224,14508a3188bf470334b6b1adb544bc98,12684
trang_tien_plaza_aug_00122.jpg,trang_tien_plaza,6,Tràng Tiền Plaza,Trang Tien Plaza,224,224,5d925394773c4b660f047d773275547f,26506
trang_tien_plaza_aug_00123.jpg,trang_tien_plaza,6,Tràng Tiền Plaza,Trang Tien Plaza,224,224,62c8d61ae9b35a8465c26f0d8e9d61c6,16940
trang_tien_plaza_aug_00124.jpg,trang_tien_plaza,6,Tràng Tiền Plaza,Trang Tien Plaza,224,224,a96c449149317ea7629fd95c4ec01b1d,22658
trang_tien_plaza_aug_00125.jpg,trang_tien_plaza,6,Tràng Tiền Plaza,Trang Tien Plaza,224,224,3e93ff2dc0d6841fa538acfc32ece371,40729
trang_tien_plaza_aug_00126.jpg,trang_tien_plaza,6,Tràng Tiền Plaza,Trang Tien Plaza,224,224,8b459fdab158e09fe2bbb0a7feeab6ca,16392
trang_tien_plaza_aug_00127.jpg,trang_tien_plaza,6,Tràng Tiền Plaza,Trang Tien Plaza,224,224,ab02dd204175809bef1aad4c3f6ea8e1,20105
trang_tien_plaza_aug_00128.jpg,trang_tien_plaza,6,Tràng Tiền Plaza,Trang Tien Plaza,224,224,51785565c413f9031d100d9c53f92d31,25190
trang_tien_plaza_aug_00129.jpg,trang_tien_plaza,6,Tràng Tiền Plaza,Trang Tien Plaza,224,224,4bd58fd326e9ba65fcc73d2de805a1b8,22891
trang_tien_plaza_aug_00130.jpg,trang_tien_plaza,6,Tràng Tiền Plaza,Trang Tien Plaza,224,224,99d83afa9c0ba5944060baecbfd6bf5a,17049
trang_tien_plaza_aug_00131.jpg,trang_tien_plaza,6,Tràng Tiền Plaza,Trang Tien Plaza,224,224,0c3ca554f3102561bd71d7ec0e626b1b,31704
trang_tien_plaza_aug_00132.jpg,trang_tien_plaza,6,Tràng Tiền Plaza,Trang Tien Plaza,224,224,bebc55a335a2758202aab9e01862aa72,15609
trang_tien_plaza_aug_00133.jpg,trang_tien_plaza,6,Tràng Tiền Plaza,Trang Tien Plaza,224,224,d860e62a1c79e50be7cf965fbbe8a03b,26685
trang_tien_plaza_aug_00134.jpg,trang_tien_plaza,6,Tràng Tiền Plaza,Trang Tien Plaza,224,224,da1a8b79982ace61e21d7d197583cb4e,31340
trang_tien_plaza_aug_00135.jpg,trang_tien_plaza,6,Tràng Tiền Plaza,Trang Tien Plaza,224,224,5733cacc9720ea826d706d4258802ef9,30576
trang_tien_plaza_aug_00136.jpg,trang_tien_plaza,6,Tràng Tiền Plaza,Trang Tien Plaza,224,224,26f6bc93e768ecfc27971924f86469a0,18730
trang_tien_plaza_aug_00137.jpg,trang_tien_plaza,6,Tràng Tiền Plaza,Trang Tien Plaza,224,224,d6ce35062de781307cb9189773902f32,13553
trang_tien_plaza_aug_00138.jpg,trang_tien_plaza,6,Tràng Tiền Plaza,Trang Tien Plaza,224,224,619f5e4a726f649d62ed24df24ccbcae,19125
trang_tien_plaza_aug_00139.jpg,trang_tien_plaza,6,Tràng Tiền Plaza,Trang Tien Plaza,224,224,5813ec2c4538e630b9dab71065d8bd2d,34144
trang_tien_plaza_aug_00140.jpg,trang_tien_plaza,6,Tràng Tiền Plaza,Trang Tien Plaza,224,224,44bef538c498cfcbfa01a2399aa24860,34581
trang_tien_plaza_aug_00141.jpg,trang_tien_plaza,6,Tràng Tiền Plaza,Trang Tien Plaza,224,224,b5c685b97c788174b1076a6b51c25b27,34578
trang_tien_plaza_aug_00142.jpg,trang_tien_plaza,6,Tràng Tiền Plaza,Trang Tien Plaza,224,224,e7d13068fda5786f855febe336c324e8,18556
trang_tien_plaza_aug_00143.jpg,trang_tien_plaza,6,Tràng Tiền Plaza,Trang Tien Plaza,224,224,cd23bd71bc4a95605e3cd1b5d042592e,35734
trang_tien_plaza_aug_00144.jpg,trang_tien_plaza,6,Tràng Tiền Plaza,Trang Tien Plaza,224,224,277cc71c82cc9364b63cffc58ae31c83,19279
trang_tien_plaza_aug_00145.jpg,trang_tien_plaza,6,Tràng Tiền Plaza,Trang Tien Plaza,224,224,e37b9fd9a45f1768f73038b0caa53d66,20319
trang_tien_plaza_aug_00146.jpg,trang_tien_plaza,6,Tràng Tiền Plaza,Trang Tien Plaza,224,224,550368d50b0d6177023b62f7f40c79bc,20199
trang_tien_plaza_aug_00147.jpg,trang_tien_plaza,6,Tràng Tiền Plaza,Trang Tien Plaza,224,224,7c526f14f9486cfbe6a8bdd20f747339,20658
trang_tien_plaza_aug_00148.jpg,trang_tien_plaza,6,Tràng Tiền Plaza,Trang Tien Plaza,224,224,c6be611df8621144da270558d0eb2f69,13522
trang_tien_plaza_aug_00149.jpg,trang_tien_plaza,6,Tràng Tiền Plaza,Trang Tien Plaza,224,224,5a6fc0296c75420d51af8ae2697bdbcc,12647
trang_tien_plaza_aug_00150.jpg,trang_tien_plaza,6,Tràng Tiền Plaza,Trang Tien Plaza,224,224,9adf91befb3e717ace7d31ec2672cf44,31614
trang_tien_plaza_aug_00151.jpg,trang_tien_plaza,6,Tràng Tiền Plaza,Trang Tien Plaza,224,224,b74d7ba2573f850b46aad85cf76e9837,13922
trang_tien_plaza_aug_00152.jpg,trang_tien_plaza,6,Tràng Tiền Plaza,Trang Tien Plaza,224,224,be201cd9a14a72f391d498f24fc67c02,19047
trang_tien_plaza_aug_00153.jpg,trang_tien_plaza,6,Tràng Tiền Plaza,Trang Tien Plaza,224,224,f4b2be63b361c027f7ab5f210ff71ba3,24569
trang_tien_plaza_aug_00154.jpg,trang_tien_plaza,6,Tràng Tiền Plaza,Trang Tien Plaza,224,224,9fcbbf4089759928fc6f525ec7e1cdbf,23111
trang_tien_plaza_aug_00155.jpg,trang_tien_plaza,6,Tràng Tiền Plaza,Trang Tien Plaza,224,224,b51d4e9d2827e52e9926e5da8ae85298,16451
trang_tien_plaza_aug_00156.jpg,trang_tien_plaza,6,Tràng Tiền Plaza,Trang Tien Plaza,224,224,32418a7a22c2247aa384e10fab0b989a,22018
trang_tien_plaza_aug_00157.jpg,trang_tien_plaza,6,Tràng Tiền Plaza,Trang Tien Plaza,224,224,97918371f6c0ff4f646ed953535f9179,18906
trang_tien_plaza_aug_00158.jpg,trang_tien_plaza,6,Tràng Tiền Plaza,Trang Tien Plaza,224,224,d3dd2fcc2e5171816af8dbe14a7ea426,25423
trang_tien_plaza_aug_00159.jpg,trang_tien_plaza,6,Tràng Tiền Plaza,Trang Tien Plaza,224,224,75315d169b94765cd63cc2881b0b4a2c,19319
trang_tien_plaza_aug_00160.jpg,trang_tien_plaza,6,Tràng Tiền Plaza,Trang Tien Plaza,224,224,9ff9b78f5e373938ed0e343736cad634,21734
trang_tien_plaza_aug_00161.jpg,trang_tien_plaza,6,Tràng Tiền Plaza,Trang Tien Plaza,224,224,0ffdc6703d3026afa812a02633392bce,12176
trang_tien_plaza_aug_00162.jpg,trang_tien_plaza,6,Tràng Tiền Plaza,Trang Tien Plaza,224,224,8cb8cae503a2f948ffbf9ebcd13efd26,22430
trang_tien_plaza_aug_00163.jpg,trang_tien_plaza,6,Tràng Tiền Plaza,Trang Tien Plaza,224,224,07f09b42d63e432d74c8a0417c108bd1,20343
trang_tien_plaza_aug_00164.jpg,trang_tien_plaza,6,Tràng Tiền Plaza,Trang Tien Plaza,224,224,b7d97a1adfa4b54590bd56b8c995d151,38200
trang_tien_plaza_aug_00165.jpg,trang_tien_plaza,6,Tràng Tiền Plaza,Trang Tien Plaza,224,224,9f0d7bc5fa143ede7deb4aa708a35574,20115
trang_tien_plaza_aug_00166.jpg,trang_tien_plaza,6,Tràng Tiền Plaza,Trang Tien Plaza,224,224,d0c2e7d13fe56a19f40bb3417a1a7f7b,34452
trang_tien_plaza_aug_00167.jpg,trang_tien_plaza,6,Tràng Tiền Plaza,Trang Tien Plaza,224,224,e7701695964421407355b9f706653f4b,15157
trang_tien_plaza_aug_00168.jpg,trang_tien_plaza,6,Tràng Tiền Plaza,Trang Tien Plaza,224,224,9defd357a4768fe7a3d40b6874484bcc,41319
trang_tien_plaza_aug_00169.jpg,trang_tien_plaza,6,Tràng Tiền Plaza,Trang Tien Plaza,224,224,9c6ab8210a5197faa781be03adf122cf,31965
trang_tien_plaza_aug_00170.jpg,trang_tien_plaza,6,Tràng Tiền Plaza,Trang Tien Plaza,224,224,64445bf9eebd2dd23d0eb0250e4eac67,27423
trang_tien_plaza_aug_00171.jpg,trang_tien_plaza,6,Tràng Tiền Plaza,Trang Tien Plaza,224,224,5dcd335113ce2a10ec4f2d64a9f0ba00,12169
trang_tien_plaza_aug_00172.jpg,trang_tien_plaza,6,Tràng Tiền Plaza,Trang Tien Plaza,224,224,d235d49c0ab9b8ad2c7915cfa808a34e,33682
trang_tien_plaza_aug_00173.jpg,trang_tien_plaza,6,Tràng Tiền Plaza,Trang Tien Plaza,224,224,0bea79f018df438e87eed72309c663b9,15972
trang_tien_plaza_aug_00174.jpg,trang_tien_plaza,6,Tràng Tiền Plaza,Trang Tien Plaza,224,224,7eacae5323c2b68e05b465af80083dff,16186
trang_tien_plaza_aug_00175.jpg,trang_tien_plaza,6,Tràng Tiền Plaza,Trang Tien Plaza,224,224,d7b0b3a1cfbee9ae3d19d6901a2c5aa4,18204
trang_tien_plaza_aug_00176.jpg,trang_tien_plaza,6,Tràng Tiền Plaza,Trang Tien Plaza,224,224,fef95613bd6b0cb75c0a28472c756299,23735
trang_tien_plaza_aug_00177.jpg,trang_tien_plaza,6,Tràng Tiền Plaza,Trang Tien Plaza,224,224,9ec76651ed3e1950d573eb33e5725847,24858
trang_tien_plaza_aug_00178.jpg,trang_tien_plaza,6,Tràng Tiền Plaza,Trang Tien Plaza,224,224,af30a1b1af9c86e3247a009719a6a25a,19027
trang_tien_plaza_aug_00179.jpg,trang_tien_plaza,6,Tràng Tiền Plaza,Trang Tien Plaza,224,224,3c2f85a9f0679a54fc5379a3f882cc54,21998
trang_tien_plaza_aug_00180.jpg,trang_tien_plaza,6,Tràng Tiền Plaza,Trang Tien Plaza,224,224,833dc6389fec022d08afa0ca0969be1c,30603
trang_tien_plaza_aug_00181.jpg,trang_tien_plaza,6,Tràng Tiền Plaza,Trang Tien Plaza,224,224,b38690e62713fe7cae04c4ba747d23ce,28326
trang_tien_plaza_aug_00182.jpg,trang_tien_plaza,6,Tràng Tiền Plaza,Trang Tien Plaza,224,224,6de8b64c9488178dfca206fb3c0cc167,20791
trang_tien_plaza_aug_00183.jpg,trang_tien_plaza,6,Tràng Tiền Plaza,Trang Tien Plaza,224,224,48a9187af85110f7c834ed2ce4331127,19325
trang_tien_plaza_aug_00184.jpg,trang_tien_plaza,6,Tràng Tiền Plaza,Trang Tien Plaza,224,224,22160a784ffd5bfae81696d1b8c541ac,32716
trang_tien_plaza_aug_00185.jpg,trang_tien_plaza,6,Tràng Tiền Plaza,Trang Tien Plaza,224,224,02063f080ab4dd352abce88c3bf553a2,17496
trang_tien_plaza_aug_00186.jpg,trang_tien_plaza,6,Tràng Tiền Plaza,Trang Tien Plaza,224,224,2a59f64b9798ad5e7af3ff44e938e73f,18977
trang_tien_plaza_aug_00187.jpg,trang_tien_plaza,6,Tràng Tiền Plaza,Trang Tien Plaza,224,224,3abf49af9a882f211b2377b81270323c,22292
trang_tien_plaza_aug_00188.jpg,trang_tien_plaza,6,Tràng Tiền Plaza,Trang Tien Plaza,224,224,7f25cb6db81f90cf53555c50f65cc735,19742
trang_tien_plaza_aug_00189.jpg,trang_tien_plaza,6,Tràng Tiền Plaza,Trang Tien Plaza,224,224,1dfbb1afb7aa7e815adbd393a46c952c,21294
trang_tien_plaza_aug_00190.jpg,trang_tien_plaza,6,Tràng Tiền Plaza,Trang Tien Plaza,224,224,a4e47f958d8a94f29f6b0199343dffef,16179
trang_tien_plaza_aug_00191.jpg,trang_tien_plaza,6,Tràng Tiền Plaza,Trang Tien Plaza,224,224,4729c11e7f8a1d3837896837e324c5dc,18020
trang_tien_plaza_aug_00192.jpg,trang_tien_plaza,6,Tràng Tiền Plaza,Trang Tien Plaza,224,224,cd70c535da4132189a21a9ee603f9cf4,17762
trang_tien_plaza_aug_00193.jpg,trang_tien_plaza,6,Tràng Tiền Plaza,Trang Tien Plaza,224,224,b830c304a4580c9a76d209351802aafe,19113
trang_tien_plaza_aug_00194.jpg,trang_tien_plaza,6,Tràng Tiền Plaza,Trang Tien Plaza,224,224,7fda7fb78d32dc1d16b9377ba317c48e,25758
trang_tien_plaza_aug_00195.jpg,trang_tien_plaza,6,Tràng Tiền Plaza,Trang Tien Plaza,224,224,e76039208d0b9bce2ac5e286c756b8a1,18050
trang_tien_plaza_aug_00196.jpg,trang_tien_plaza,6,Tràng Tiền Plaza,Trang Tien Plaza,224,224,321016d6e1191fd887ff9fc643ac5ab4,17148
trang_tien_plaza_aug_00197.jpg,trang_tien_plaza,6,Tràng Tiền Plaza,Trang Tien Plaza,224,224,a368a050bc44722b2136d2bb192924b5,24306
trang_tien_plaza_aug_00198.jpg,trang_tien_plaza,6,Tràng Tiền Plaza,Trang Tien Plaza,224,224,4926b0d178a9bc27915632c0f44dbb64,38286
trang_tien_plaza_aug_00199.jpg,trang_tien_plaza,6,Tràng Tiền Plaza,Trang Tien Plaza,224,224,b2fb16aef6f96786e6fbadec02065ebc,33478
trang_tien_plaza_aug_00200.jpg,trang_tien_plaza,6,Tràng Tiền Plaza,Trang Tien Plaza,224,224,aecaa78e51f998213c69863bad766895,33738
trang_tien_plaza_aug_00201.jpg,trang_tien_plaza,6,Tràng Tiền Plaza,Trang Tien Plaza,224,224,3878b76ef580aac88eb78537624430b3,21146
trang_tien_plaza_aug_00202.jpg,trang_tien_plaza,6,Tràng Tiền Plaza,Trang Tien Plaza,224,224,e6fa23b67c12ecef3fa16e6d587b65d9,22642
trang_tien_plaza_aug_00203.jpg,trang_tien_plaza,6,Tràng Tiền Plaza,Trang Tien Plaza,224,224,a35521385189dab640dc78663d7ad1e5,20058
trang_tien_plaza_aug_00204.jpg,trang_tien_plaza,6,Tràng Tiền Plaza,Trang Tien Plaza,224,224,15bfabf1d1f29d05e4edfc23e775dbdb,32362
trang_tien_plaza_aug_00205.jpg,trang_tien_plaza,6,Tràng Tiền Plaza,Trang Tien Plaza,224,224,a74166be109a512b56c3c4a922d6d46a,14854
trang_tien_plaza_aug_00206.jpg,trang_tien_plaza,6,Tràng Tiền Plaza,Trang Tien Plaza,224,224,9877c2d1677e825e1acb37600a265909,27566
trang_tien_plaza_aug_00207.jpg,trang_tien_plaza,6,Tràng Tiền Plaza,Trang Tien Plaza,224,224,857ca60e431237722207b6eccfb7f86c,26663
trang_tien_plaza_aug_00208.jpg,trang_tien_plaza,6,Tràng Tiền Plaza,Trang Tien Plaza,224,224,67dae21a5a763dff148d75b7433998d8,18837
trang_tien_plaza_aug_00209.jpg,trang_tien_plaza,6,Tràng Tiền Plaza,Trang Tien Plaza,224,224,3fe8267bba045d3c0ba86d716eba287a,18168
trang_tien_plaza_aug_00210.jpg,trang_tien_plaza,6,Tràng Tiền Plaza,Trang Tien Plaza,224,224,501331ebf796906248c87bafff65c8ee,20470
trang_tien_plaza_aug_00211.jpg,trang_tien_plaza,6,Tràng Tiền Plaza,Trang Tien Plaza,224,224,5b33bd574072363bf66686eb1b88caaf,32934
trang_tien_plaza_aug_00212.jpg,trang_tien_plaza,6,Tràng Tiền Plaza,Trang Tien Plaza,224,224,769e93264edad7d88ef3d740eed8fc99,17672
trang_tien_plaza_aug_00213.jpg,trang_tien_plaza,6,Tràng Tiền Plaza,Trang Tien Plaza,224,224,c6149e2351f523714ba7aa8b5fc7a9eb,15350
trang_tien_plaza_aug_00214.jpg,trang_tien_plaza,6,Tràng Tiền Plaza,Trang Tien Plaza,224,224,0f47b7e2cb31b6556f527ea343169526,17198
trang_tien_plaza_aug_00215.jpg,trang_tien_plaza,6,Tràng Tiền Plaza,Trang Tien Plaza,224,224,542741e90c94166fe934750ef5c708ec,39182
trang_tien_plaza_aug_00216.jpg,trang_tien_plaza,6,Tràng Tiền Plaza,Trang Tien Plaza,224,224,9d843b9125f490d54bbcdac313ff4993,33898
trang_tien_plaza_aug_00217.jpg,trang_tien_plaza,6,Tràng Tiền Plaza,Trang Tien Plaza,224,224,f115da1aacc9517110b2cb87f7c7d4d9,26104
trang_tien_plaza_aug_00218.jpg,trang_tien_plaza,6,Tràng Tiền Plaza,Trang Tien Plaza,224,224,23840929baec2cbfcfc1e1e2446c8209,32093
trang_tien_plaza_aug_00219.jpg,trang_tien_plaza,6,Tràng Tiền Plaza,Trang Tien Plaza,224,224,22c862046c7bccb149c57893e89e4101,16016
trang_tien_plaza_aug_00220.jpg,trang_tien_plaza,6,Tràng Tiền Plaza,Trang Tien Plaza,224,224,8836637682b30a4825f4dff71f282a5b,19427
trang_tien_plaza_aug_00221.jpg,trang_tien_plaza,6,Tràng Tiền Plaza,Trang Tien Plaza,224,224,cf294848eed22cad6bb00f51289c1f18,30823
trang_tien_plaza_aug_00222.jpg,trang_tien_plaza,6,Tràng Tiền Plaza,Trang Tien Plaza,224,224,9ff4689d3d351e98307708af25b2bd62,40277
trang_tien_plaza_aug_00223.jpg,trang_tien_plaza,6,Tràng Tiền Plaza,Trang Tien Plaza,224,224,f6755f25c7fcab25e0e5da3f3d1dfd4d,23662
trang_tien_plaza_aug_00224.jpg,trang_tien_plaza,6,Tràng Tiền Plaza,Trang Tien Plaza,224,224,27f766f1eb33067e5d39b542ee881346,16980
trang_tien_plaza_aug_00225.jpg,trang_tien_plaza,6,Tràng Tiền Plaza,Trang Tien Plaza,224,224,6e732c9346d0f702b6936d5f70ba4081,35727
trang_tien_plaza_aug_00226.jpg,trang_tien_plaza,6,Tràng Tiền Plaza,Trang Tien Plaza,224,224,b770aa11771bd777e3d844b762a9ac3e,13921
trang_tien_plaza_aug_00227.jpg,trang_tien_plaza,6,Tràng Tiền Plaza,Trang Tien Plaza,224,224,99aff3d2620c7c2edf0c3f92e9b777c4,17434
trang_tien_plaza_aug_00228.jpg,trang_tien_plaza,6,Tràng Tiền Plaza,Trang Tien Plaza,224,224,db8cf880e56ede6bd2c24e63424d306f,21297
trang_tien_plaza_aug_00229.jpg,trang_tien_plaza,6,Tràng Tiền Plaza,Trang Tien Plaza,224,224,d6a4fa561d5f1babe703eeea0f2f5146,23136
trang_tien_plaza_aug_00230.jpg,trang_tien_plaza,6,Tràng Tiền Plaza,Trang Tien Plaza,224,224,9312425937b11243385b49e1ad053279,19585
trang_tien_plaza_aug_00231.jpg,trang_tien_plaza,6,Tràng Tiền Plaza,Trang Tien Plaza,224,224,c9b5cc789d9b3d82b84ca015ad248e74,14811
trang_tien_plaza_aug_00232.jpg,trang_tien_plaza,6,Tràng Tiền Plaza,Trang Tien Plaza,224,224,04e8190adc1480c2dc99a507dce54240,18660
trang_tien_plaza_aug_00233.jpg,trang_tien_plaza,6,Tràng Tiền Plaza,Trang Tien Plaza,224,224,5b90e48fdcd29993159397a7800d2a90,22262
trang_tien_plaza_aug_00234.jpg,trang_tien_plaza,6,Tràng Tiền Plaza,Trang Tien Plaza,224,224,74ea33926648fb3f613de356a994e3ff,26553
trang_tien_plaza_aug_00235.jpg,trang_tien_plaza,6,Tràng Tiền Plaza,Trang Tien Plaza,224,224,00302a7039882dbfd9a10960b883c3ee,33502
trang_tien_plaza_aug_00236.jpg,trang_tien_plaza,6,Tràng Tiền Plaza,Trang Tien Plaza,224,224,cab3536ebe521a720fae1306d4ef948d,23335
trang_tien_plaza_aug_00237.jpg,trang_tien_plaza,6,Tràng Tiền Plaza,Trang Tien Plaza,224,224,c170b7f8f23c43527d69f9d6973296ea,19572
trang_tien_plaza_aug_00238.jpg,trang_tien_plaza,6,Tràng Tiền Plaza,Trang Tien Plaza,224,224,5ad7588bc7a2aedd27c8e9ffb36cb48a,19952
trang_tien_plaza_aug_00239.jpg,trang_tien_plaza,6,Tràng Tiền Plaza,Trang Tien Plaza,224,224,aa8ae97b07222d5b28cdcf980672e8c8,22083
trang_tien_plaza_aug_00240.jpg,trang_tien_plaza,6,Tràng Tiền Plaza,Trang Tien Plaza,224,224,b6d96bd01d8f1892ff2e798ca2cbf62a,14418
trang_tien_plaza_aug_00241.jpg,trang_tien_plaza,6,Tràng Tiền Plaza,Trang Tien Plaza,224,224,03c1ee6b3dc17cd593e67e1d6a42731e,17442
trang_tien_plaza_aug_00242.jpg,trang_tien_plaza,6,Tràng Tiền Plaza,Trang Tien Plaza,224,224,ead28f9ab07030a3bd8150a339a21ca7,27137
trang_tien_plaza_aug_00243.jpg,trang_tien_plaza,6,Tràng Tiền Plaza,Trang Tien Plaza,224,224,5bb75c0ba7e745aae900a5307f000528,36042
trang_tien_plaza_aug_00244.jpg,trang_tien_plaza,6,Tràng Tiền Plaza,Trang Tien Plaza,224,224,448aeb144dd9e1261f3d30baa6197c13,26770
trang_tien_plaza_aug_00245.jpg,trang_tien_plaza,6,Tràng Tiền Plaza,Trang Tien Plaza,224,224,405d150c99b196840bf9b653d5d69a29,20494
trang_tien_plaza_aug_00246.jpg,trang_tien_plaza,6,Tràng Tiền Plaza,Trang Tien Plaza,224,224,d64bdf409d120b3c798f9755b58f20bb,19937
trang_tien_plaza_aug_00247.jpg,trang_tien_plaza,6,Tràng Tiền Plaza,Trang Tien Plaza,224,224,9452adbb6cecd5ce206bde5f5805003a,17951
trang_tien_plaza_aug_00248.jpg,trang_tien_plaza,6,Tràng Tiền Plaza,Trang Tien Plaza,224,224,7a405d6ca79faa3146a195eb7109143f,36561
trang_tien_plaza_aug_00249.jpg,trang_tien_plaza,6,Tràng Tiền Plaza,Trang Tien Plaza,224,224,6aa63fd4bb0ebd426bd68e04a96d88d6,15970
trang_tien_plaza_aug_00250.jpg,trang_tien_plaza,6,Tràng Tiền Plaza,Trang Tien Plaza,224,224,aada57f96afd535d1385c8f1d1b0d17a,19097
trang_tien_plaza_aug_00251.jpg,trang_tien_plaza,6,Tràng Tiền Plaza,Trang Tien Plaza,224,224,e91f767ed664d96c410d240e22c49fd9,12193
trang_tien_plaza_aug_00252.jpg,trang_tien_plaza,6,Tràng Tiền Plaza,Trang Tien Plaza,224,224,8fac65c44a180b309c81dbde3f347440,16168
trang_tien_plaza_aug_00253.jpg,trang_tien_plaza,6,Tràng Tiền Plaza,Trang Tien Plaza,224,224,e0203910fc9f1e0cc65c7fe8cc19b1fc,19913
trang_tien_plaza_aug_00254.jpg,trang_tien_plaza,6,Tràng Tiền Plaza,Trang Tien Plaza,224,224,f713aa86ad6d2fde44991c1fc764af8d,24047
trang_tien_plaza_aug_00255.jpg,trang_tien_plaza,6,Tràng Tiền Plaza,Trang Tien Plaza,224,224,de184b54af857557628ea7709f84f626,37148
trang_tien_plaza_aug_00256.jpg,trang_tien_plaza,6,Tràng Tiền Plaza,Trang Tien Plaza,224,224,29d7baff2ac1e440ae5245f57d19710d,29508
trang_tien_plaza_aug_00257.jpg,trang_tien_plaza,6,Tràng Tiền Plaza,Trang Tien Plaza,224,224,1817078098953352e7131478abbeeaad,11830
trang_tien_plaza_aug_00258.jpg,trang_tien_plaza,6,Tràng Tiền Plaza,Trang Tien Plaza,224,224,7b2b6a097d217c0a9724460f2fea551e,38857
trang_tien_plaza_aug_00259.jpg,trang_tien_plaza,6,Tràng Tiền Plaza,Trang Tien Plaza,224,224,a214451a7940be5b80489a0591b49817,15556
trang_tien_plaza_aug_00260.jpg,trang_tien_plaza,6,Tràng Tiền Plaza,Trang Tien Plaza,224,224,46098f4c02a092bf3546f25c2073a0df,46967
trang_tien_plaza_aug_00261.jpg,trang_tien_plaza,6,Tràng Tiền Plaza,Trang Tien Plaza,224,224,9ea2d7b2c078604b429938c2ffc253fb,16284
trang_tien_plaza_aug_00262.jpg,trang_tien_plaza,6,Tràng Tiền Plaza,Trang Tien Plaza,224,224,0fca1983b5e65461edd49975312dcb46,34002
trang_tien_plaza_aug_00263.jpg,trang_tien_plaza,6,Tràng Tiền Plaza,Trang Tien Plaza,224,224,2b919c275dc1d6fef149577de009ace3,16021
trang_tien_plaza_aug_00264.jpg,trang_tien_plaza,6,Tràng Tiền Plaza,Trang Tien Plaza,224,224,bf8f9f7239d0b751a8fd82e0f124d3f6,27635
trang_tien_plaza_aug_00265.jpg,trang_tien_plaza,6,Tràng Tiền Plaza,Trang Tien Plaza,224,224,c27dc5990da78b0f7daa107f648c1669,22822
trang_tien_plaza_aug_00266.jpg,trang_tien_plaza,6,Tràng Tiền Plaza,Trang Tien Plaza,224,224,b5e06fcd0ea20cd95ccca797061aa60a,15314
trang_tien_plaza_aug_00267.jpg,trang_tien_plaza,6,Tràng Tiền Plaza,Trang Tien Plaza,224,224,6ba19b6615f06902402b48089ff70afe,27158
trang_tien_plaza_aug_00268.jpg,trang_tien_plaza,6,Tràng Tiền Plaza,Trang Tien Plaza,224,224,aafdfe76964e80b0d5290ceace435f54,26475
trang_tien_plaza_aug_00269.jpg,trang_tien_plaza,6,Tràng Tiền Plaza,Trang Tien Plaza,224,224,86aa9df30359d5893c65caf29c8eb1ea,25036
trang_tien_plaza_aug_00270.jpg,trang_tien_plaza,6,Tràng Tiền Plaza,Trang Tien Plaza,224,224,b1fd13ea88e99e6de0d09c2ec95e4b35,14089
trang_tien_plaza_aug_00271.jpg,trang_tien_plaza,6,Tràng Tiền Plaza,Trang Tien Plaza,224,224,70080ca4153497e2314e3c27bb841b18,11578
trang_tien_plaza_aug_00272.jpg,trang_tien_plaza,6,Tràng Tiền Plaza,Trang Tien Plaza,224,224,69868a7ac67a41f1445f76ceaf1cb8b6,14354
trang_tien_plaza_aug_00273.jpg,trang_tien_plaza,6,Tràng Tiền Plaza,Trang Tien Plaza,224,224,b6917388131af3805fe1cd0c7552b9e6,21546
trang_tien_plaza_aug_00274.jpg,trang_tien_plaza,6,Tràng Tiền Plaza,Trang Tien Plaza,224,224,99c1f7e16c264dfc31cb5052ba17f9e2,28480
trang_tien_plaza_aug_00275.jpg,trang_tien_plaza,6,Tràng Tiền Plaza,Trang Tien Plaza,224,224,35f319b62e5b2e293b93bdbae2a5f92d,14299
trang_tien_plaza_aug_00276.jpg,trang_tien_plaza,6,Tràng Tiền Plaza,Trang Tien Plaza,224,224,f62442158920f2d82f81153e86fc864e,22168
trang_tien_plaza_aug_00277.jpg,trang_tien_plaza,6,Tràng Tiền Plaza,Trang Tien Plaza,224,224,30ec2e911bdabdf78de16e9563a8dc62,17145
trang_tien_plaza_aug_00278.jpg,trang_tien_plaza,6,Tràng Tiền Plaza,Trang Tien Plaza,224,224,c90268ed25be02e8388218f6cde61f7b,28722
trang_tien_plaza_aug_00279.jpg,trang_tien_plaza,6,Tràng Tiền Plaza,Trang Tien Plaza,224,224,80816fe8c8648cdac5f8276e4dadbdc1,39482
trang_tien_plaza_aug_00280.jpg,trang_tien_plaza,6,Tràng Tiền Plaza,Trang Tien Plaza,224,224,4dfd41e73095c408588cff52bdcebe24,35610
trang_tien_plaza_aug_00281.jpg,trang_tien_plaza,6,Tràng Tiền Plaza,Trang Tien Plaza,224,224,0c725ad63209e7d53360a1d7c6e9bb72,21473
trang_tien_plaza_aug_00282.jpg,trang_tien_plaza,6,Tràng Tiền Plaza,Trang Tien Plaza,224,224,07acf62d597e2fde5799432127a92667,22649
trang_tien_plaza_aug_00283.jpg,trang_tien_plaza,6,Tràng Tiền Plaza,Trang Tien Plaza,224,224,924d24dde41fa2373cd88fb0d31fbc94,17471
trang_tien_plaza_aug_00284.jpg,trang_tien_plaza,6,Tràng Tiền Plaza,Trang Tien Plaza,224,224,0edd5ac55863af2bd26621492aecaac1,24900
trang_tien_plaza_aug_00285.jpg,trang_tien_plaza,6,Tràng Tiền Plaza,Trang Tien Plaza,224,224,e38071935d4a12bb12ead0c05bf63f8f,25346
trang_tien_plaza_aug_00286.jpg,trang_tien_plaza,6,Tràng Tiền Plaza,Trang Tien Plaza,224,224,b53b9bdd5c5a708a46cfb7c72332c1bb,32803
trang_tien_plaza_aug_00287.jpg,trang_tien_plaza,6,Tràng Tiền Plaza,Trang Tien Plaza,224,224,b9db2c0b7e7110ca4bb53631c23e01ac,37618
trang_tien_plaza_aug_00288.jpg,trang_tien_plaza,6,Tràng Tiền Plaza,Trang Tien Plaza,224,224,c6a07403a01f412567dc50785eb45632,38236
trang_tien_plaza_aug_00289.jpg,trang_tien_plaza,6,Tràng Tiền Plaza,Trang Tien Plaza,224,224,0f76a266cb4a5c6b3a4c6e94c9634836,16439
trang_tien_plaza_aug_00290.jpg,trang_tien_plaza,6,Tràng Tiền Plaza,Trang Tien Plaza,224,224,b8f816e53feb82ef7ba72d8c1a8dfbed,20733
trang_tien_plaza_aug_00291.jpg,trang_tien_plaza,6,Tràng Tiền Plaza,Trang Tien Plaza,224,224,91b885334b2f39541255aeb16b40bf19,14791
trang_tien_plaza_aug_00292.jpg,trang_tien_plaza,6,Tràng Tiền Plaza,Trang Tien Plaza,224,224,05cdd971e296e22491e690c0ffc5efbf,34115
trang_tien_plaza_aug_00293.jpg,trang_tien_plaza,6,Tràng Tiền Plaza,Trang Tien Plaza,224,224,d230d7e87dff5576d74228bf824db249,24787
trang_tien_plaza_aug_00294.jpg,trang_tien_plaza,6,Tràng Tiền Plaza,Trang Tien Plaza,224,224,cd40a7abbbe36004015c7d74b83f4b4d,26589
trang_tien_plaza_aug_00295.jpg,trang_tien_plaza,6,Tràng Tiền Plaza,Trang Tien Plaza,224,224,c27bb233b048f3ff3e81af1b2a087b5f,17173
trang_tien_plaza_aug_00296.jpg,trang_tien_plaza,6,Tràng Tiền Plaza,Trang Tien Plaza,224,224,6a1d90af8943d074f17517d9b6b083ee,19726
trang_tien_plaza_aug_00297.jpg,trang_tien_plaza,6,Tràng Tiền Plaza,Trang Tien Plaza,224,224,9da566b7e7f4269d1b79934de10f4403,22704
trang_tien_plaza_aug_00298.jpg,trang_tien_plaza,6,Tràng Tiền Plaza,Trang Tien Plaza,224,224,10ef79d5f887b68bbb626b13d9465e65,15695
trang_tien_plaza_aug_00299.jpg,trang_tien_plaza,6,Tràng Tiền Plaza,Trang Tien Plaza,224,224,6f112c260e5450dbca596d6215c95935,19625
trang_tien_plaza_aug_00300.jpg,trang_tien_plaza,6,Tràng Tiền Plaza,Trang Tien Plaza,224,224,f8ed004924ba4229891fd2b5ca6ba1a5,32532
trang_tien_plaza_aug_00301.jpg,trang_tien_plaza,6,Tràng Tiền Plaza,Trang Tien Plaza,224,224,fdccb764439e6e2331389859defdaed9,20706
trang_tien_plaza_aug_00302.jpg,trang_tien_plaza,6,Tràng Tiền Plaza,Trang Tien Plaza,224,224,50444b73414641d50a277a9cd6bb5614,20780
trang_tien_plaza_aug_00303.jpg,trang_tien_plaza,6,Tràng Tiền Plaza,Trang Tien Plaza,224,224,58b92fb945fba77f59a6f673c0ff4446,32797
trang_tien_plaza_aug_00304.jpg,trang_tien_plaza,6,Tràng Tiền Plaza,Trang Tien Plaza,224,224,0fa6ab9e23167cf6df5c944c66033605,23419
trang_tien_plaza_aug_00305.jpg,trang_tien_plaza,6,Tràng Tiền Plaza,Trang Tien Plaza,224,224,0f968ffc919f3d7d5160716773b966e3,21435
trang_tien_plaza_aug_00306.jpg,trang_tien_plaza,6,Tràng Tiền Plaza,Trang Tien Plaza,224,224,db6d76a426b2198e7d806c35586f0e5c,29994
trang_tien_plaza_aug_00307.jpg,trang_tien_plaza,6,Tràng Tiền Plaza,Trang Tien Plaza,224,224,b3bf7bf24239faccb73a06220976840d,24131
trang_tien_plaza_aug_00308.jpg,trang_tien_plaza,6,Tràng Tiền Plaza,Trang Tien Plaza,224,224,5b63752f7d46898dfddff29cd0fe0373,26996
trang_tien_plaza_aug_00309.jpg,trang_tien_plaza,6,Tràng Tiền Plaza,Trang Tien Plaza,224,224,22375df0ffe1dd52ffc3c6a865582ca7,29414
trang_tien_plaza_aug_00310.jpg,trang_tien_plaza,6,Tràng Tiền Plaza,Trang Tien Plaza,224,224,079b88c5dcc340925c52f37c534d9fed,22533
trang_tien_plaza_aug_00311.jpg,trang_tien_plaza,6,Tràng Tiền Plaza,Trang Tien Plaza,224,224,9a483d094077d4bdb4320456449f0cb2,20842
trang_tien_plaza_aug_00312.jpg,trang_tien_plaza,6,Tràng Tiền Plaza,Trang Tien Plaza,224,224,ae5d9bd9233f1bc86d1d1945440c59f6,26995
trang_tien_plaza_aug_00313.jpg,trang_tien_plaza,6,Tràng Tiền Plaza,Trang Tien Plaza,224,224,31cf2e244ab30bf0a96500bacce63d1d,22251
trang_tien_plaza_aug_00314.jpg,trang_tien_plaza,6,Tràng Tiền Plaza,Trang Tien Plaza,224,224,a29aed866c27029fb7f0bc07164f7ab8,27462
trang_tien_plaza_aug_00315.jpg,trang_tien_plaza,6,Tràng Tiền Plaza,Trang Tien Plaza,224,224,265314133ad72059c264efecde4074a0,28644
trang_tien_plaza_aug_00316.jpg,trang_tien_plaza,6,Tràng Tiền Plaza,Trang Tien Plaza,224,224,7e98794f6f799985965dc0e03fa8a520,17881
trang_tien_plaza_aug_00317.jpg,trang_tien_plaza,6,Tràng Tiền Plaza,Trang Tien Plaza,224,224,e30938632adadde1defd01c3831239b0,17581
trang_tien_plaza_aug_00318.jpg,trang_tien_plaza,6,Tràng Tiền Plaza,Trang Tien Plaza,224,224,189fd3c2a946605594fadab0c201542b,13230
trang_tien_plaza_aug_00319.jpg,trang_tien_plaza,6,Tràng Tiền Plaza,Trang Tien Plaza,224,224,67e745731904534809c62f4c3a193bd6,21666
trang_tien_plaza_aug_00320.jpg,trang_tien_plaza,6,Tràng Tiền Plaza,Trang Tien Plaza,224,224,8d8bf47728256c7a0e2f85f9cf1e03d3,17879
trang_tien_plaza_aug_00321.jpg,trang_tien_plaza,6,Tràng Tiền Plaza,Trang Tien Plaza,224,224,2970eb5d9f3cccff2ba96f1fa11fe8c4,28627
trang_tien_plaza_aug_00322.jpg,trang_tien_plaza,6,Tràng Tiền Plaza,Trang Tien Plaza,224,224,f8bdd14fc81224de8cf74a479df3ba84,29538
trang_tien_plaza_aug_00323.jpg,trang_tien_plaza,6,Tràng Tiền Plaza,Trang Tien Plaza,224,224,7c9ae1c90340a9f79926ece1453078cb,33231
trang_tien_plaza_aug_00324.jpg,trang_tien_plaza,6,Tràng Tiền Plaza,Trang Tien Plaza,224,224,ef14a0160ee75b588db014e13df203c6,22389
trang_tien_plaza_aug_00325.jpg,trang_tien_plaza,6,Tràng Tiền Plaza,Trang Tien Plaza,224,224,84579ea43a10e9ae90a5f5ca7d1483de,38342
trang_tien_plaza_aug_00326.jpg,trang_tien_plaza,6,Tràng Tiền Plaza,Trang Tien Plaza,224,224,555189bf59d6983e0b6e28a3a0bf47b4,31858
trang_tien_plaza_aug_00327.jpg,trang_tien_plaza,6,Tràng Tiền Plaza,Trang Tien Plaza,224,224,64b1c532fc59bc0d691d799a9edb814c,36664
trang_tien_plaza_aug_00328.jpg,trang_tien_plaza,6,Tràng Tiền Plaza,Trang Tien Plaza,224,224,1125009dcf47a2ec904340f92d3886d1,16890
trang_tien_plaza_aug_00329.jpg,trang_tien_plaza,6,Tràng Tiền Plaza,Trang Tien Plaza,224,224,e65618645549f1667379fa9e6aa92d72,14336
trang_tien_plaza_aug_00330.jpg,trang_tien_plaza,6,Tràng Tiền Plaza,Trang Tien Plaza,224,224,a200134a9dd4501aed68234520b13740,23874
trang_tien_plaza_aug_00331.jpg,trang_tien_plaza,6,Tràng Tiền Plaza,Trang Tien Plaza,224,224,5b776569b48e05211537125c082921b1,21314
trang_tien_plaza_aug_00332.jpg,trang_tien_plaza,6,Tràng Tiền Plaza,Trang Tien Plaza,224,224,51f053be45df8aeec7009f945e2fba6d,16127
trang_tien_plaza_aug_00333.jpg,trang_tien_plaza,6,Tràng Tiền Plaza,Trang Tien Plaza,224,224,930a404777f49f0b3eea77fbdbd03fde,29024
trang_tien_plaza_aug_00334.jpg,trang_tien_plaza,6,Tràng Tiền Plaza,Trang Tien Plaza,224,224,6d00a11a8e6ac68cb4b002b05eae0b33,34888
trang_tien_plaza_aug_00335.jpg,trang_tien_plaza,6,Tràng Tiền Plaza,Trang Tien Plaza,224,224,d70483bc2c047585cd3d51723d1314db,32274
trang_tien_plaza_aug_00336.jpg,trang_tien_plaza,6,Tràng Tiền Plaza,Trang Tien Plaza,224,224,fd4dae25230c7fdffe326f5a845010b9,25631
trang_tien_plaza_aug_00337.jpg,trang_tien_plaza,6,Tràng Tiền Plaza,Trang Tien Plaza,224,224,f3aef263292280e5ef3ecdb67f66247a,27623
trang_tien_plaza_aug_00338.jpg,trang_tien_plaza,6,Tràng Tiền Plaza,Trang Tien Plaza,224,224,03847086fd797b8281f6a83d0a9acf40,24700
trang_tien_plaza_aug_00339.jpg,trang_tien_plaza,6,Tràng Tiền Plaza,Trang Tien Plaza,224,224,79018e52673103ca8f994f8378295620,41132
trang_tien_plaza_aug_00340.jpg,trang_tien_plaza,6,Tràng Tiền Plaza,Trang Tien Plaza,224,224,fe02b2debf680167d929f284a8d7ec0e,24425
trang_tien_plaza_aug_00341.jpg,trang_tien_plaza,6,Tràng Tiền Plaza,Trang Tien Plaza,224,224,8277ed7f686d844a3d8ab9276ed03882,26406
trang_tien_plaza_aug_00342.jpg,trang_tien_plaza,6,Tràng Tiền Plaza,Trang Tien Plaza,224,224,5c5c98886443082e679d9e65da3e6ff7,16477
trang_tien_plaza_aug_00343.jpg,trang_tien_plaza,6,Tràng Tiền Plaza,Trang Tien Plaza,224,224,3c9631b2181d30e2523af357c40af6e6,40244
trang_tien_plaza_aug_00344.jpg,trang_tien_plaza,6,Tràng Tiền Plaza,Trang Tien Plaza,224,224,9690b7d37be9e38eb8c998c4453a3109,25432
trang_tien_plaza_aug_00345.jpg,trang_tien_plaza,6,Tràng Tiền Plaza,Trang Tien Plaza,224,224,c2f2d1196d9cd217b5d72ba52ef4904a,25938
trang_tien_plaza_aug_00346.jpg,trang_tien_plaza,6,Tràng Tiền Plaza,Trang Tien Plaza,224,224,b66342307202549b78e146792a2e9305,24005
trang_tien_plaza_aug_00347.jpg,trang_tien_plaza,6,Tràng Tiền Plaza,Trang Tien Plaza,224,224,8e39c2c916b90d73438275639ebf390b,15508
trang_tien_plaza_aug_00348.jpg,trang_tien_plaza,6,Tràng Tiền Plaza,Trang Tien Plaza,224,224,5f6f9681c61d1302d8574ece79313f4a,19609
trang_tien_plaza_aug_00349.jpg,trang_tien_plaza,6,Tràng Tiền Plaza,Trang Tien Plaza,224,224,b632aa7511e3c8c55181704ea272dca2,17451
trang_tien_plaza_aug_00350.jpg,trang_tien_plaza,6,Tràng Tiền Plaza,Trang Tien Plaza,224,224,52dbd3c22626f1e05e71cf3d68093c74,18670
trang_tien_plaza_aug_00351.jpg,trang_tien_plaza,6,Tràng Tiền Plaza,Trang Tien Plaza,224,224,7d8dcc962a27d43467569c179f1c2142,15107
trang_tien_plaza_aug_00352.jpg,trang_tien_plaza,6,Tràng Tiền Plaza,Trang Tien Plaza,224,224,ba68ec87d874b121cb2ce9ee2b704af8,28585
trang_tien_plaza_aug_00353.jpg,trang_tien_plaza,6,Tràng Tiền Plaza,Trang Tien Plaza,224,224,cab75febd69adf3c88faf533e89d82c9,35682
trang_tien_plaza_aug_00354.jpg,trang_tien_plaza,6,Tràng Tiền Plaza,Trang Tien Plaza,224,224,76f197b1a0870451327e019e2bd2d59a,31146
trang_tien_plaza_aug_00355.jpg,trang_tien_plaza,6,Tràng Tiền Plaza,Trang Tien Plaza,224,224,a29e60b921094b27849ad465c237dbd2,22729
trang_tien_plaza_aug_00356.jpg,trang_tien_plaza,6,Tràng Tiền Plaza,Trang Tien Plaza,224,224,d8f02776d7305a82f2d8e4c69c3c9581,25495
trang_tien_plaza_aug_00357.jpg,trang_tien_plaza,6,Tràng Tiền Plaza,Trang Tien Plaza,224,224,5f952c361c96874a7031057b2788aaca,15872
trang_tien_plaza_aug_00358.jpg,trang_tien_plaza,6,Tràng Tiền Plaza,Trang Tien Plaza,224,224,c791abfc06e1c896e6f847106e5f2aa4,29237
trang_tien_plaza_aug_00359.jpg,trang_tien_plaza,6,Tràng Tiền Plaza,Trang Tien Plaza,224,224,b887ad7d4fe943c529af1111b2770662,17472
trang_tien_plaza_aug_00360.jpg,trang_tien_plaza,6,Tràng Tiền Plaza,Trang Tien Plaza,224,224,66afe29b33c2340cbdb5bea59e845a56,26974
trang_tien_plaza_aug_00361.jpg,trang_tien_plaza,6,Tràng Tiền Plaza,Trang Tien Plaza,224,224,e42972b6d8938d98428b612efb1a83ee,15140
trang_tien_plaza_aug_00362.jpg,trang_tien_plaza,6,Tràng Tiền Plaza,Trang Tien Plaza,224,224,787e105d6370bff406912f40aab17d27,31755
trang_tien_plaza_aug_00363.jpg,trang_tien_plaza,6,Tràng Tiền Plaza,Trang Tien Plaza,224,224,4090f3909863b4f50b33b789b3ed06da,23104
trang_tien_plaza_aug_00364.jpg,trang_tien_plaza,6,Tràng Tiền Plaza,Trang Tien Plaza,224,224,ca3fefa1127f8ba80a4bb886906d3b01,18799
trang_tien_plaza_aug_00365.jpg,trang_tien_plaza,6,Tràng Tiền Plaza,Trang Tien Plaza,224,224,4bb189b484a538edfa009e1029e25aaf,16211
trang_tien_plaza_aug_00366.jpg,trang_tien_plaza,6,Tràng Tiền Plaza,Trang Tien Plaza,224,224,8691d9e00fb9cbce7c30638b9d3c4d7c,17560
trang_tien_plaza_aug_00367.jpg,trang_tien_plaza,6,Tràng Tiền Plaza,Trang Tien Plaza,224,224,b82d4a3371e3e851f606433fd35b9a98,28627
trang_tien_plaza_aug_00368.jpg,trang_tien_plaza,6,Tràng Tiền Plaza,Trang Tien Plaza,224,224,6ca9d86e3fd0b758f2000ea83f19bdcb,20108
trang_tien_plaza_aug_00369.jpg,trang_tien_plaza,6,Tràng Tiền Plaza,Trang Tien Plaza,224,224,e8cd9a869814d692eb5314de608c52da,22237
trang_tien_plaza_aug_00370.jpg,trang_tien_plaza,6,Tràng Tiền Plaza,Trang Tien Plaza,224,224,4ca0711cf76b3ec233981d453bf28fd6,23874
trang_tien_plaza_aug_00371.jpg,trang_tien_plaza,6,Tràng Tiền Plaza,Trang Tien Plaza,224,224,c494ab4d5cf18170f01b4a17835bd262,27541
trang_tien_plaza_aug_00372.jpg,trang_tien_plaza,6,Tràng Tiền Plaza,Trang Tien Plaza,224,224,68cd53933414c9dba6605c17d7b4e1fb,33666
trang_tien_plaza_aug_00373.jpg,trang_tien_plaza,6,Tràng Tiền Plaza,Trang Tien Plaza,224,224,7a9b7f53e54c796b519223134a4dda3d,18005
trang_tien_plaza_aug_00374.jpg,trang_tien_plaza,6,Tràng Tiền Plaza,Trang Tien Plaza,224,224,eb11ea8bcf37c557ae3405bbfe81bbee,17852
trang_tien_plaza_aug_00375.jpg,trang_tien_plaza,6,Tràng Tiền Plaza,Trang Tien Plaza,224,224,aa76a33040c99a12dee19b67e5d2dc6b,34620
trang_tien_plaza_aug_00376.jpg,trang_tien_plaza,6,Tràng Tiền Plaza,Trang Tien Plaza,224,224,b86e1f0ca3f96736b26f4ba3925ff29f,25724
trang_tien_plaza_aug_00377.jpg,trang_tien_plaza,6,Tràng Tiền Plaza,Trang Tien Plaza,224,224,bfdb72889c4e1aeb4febac2eeb8b652f,38398
trang_tien_plaza_aug_00378.jpg,trang_tien_plaza,6,Tràng Tiền Plaza,Trang Tien Plaza,224,224,64ebfb181f1de6e21c37ef2445368bcb,19123
trang_tien_plaza_aug_00379.jpg,trang_tien_plaza,6,Tràng Tiền Plaza,Trang Tien Plaza,224,224,5ef38dee7fcf69f08adac3a5a9cfcac4,37210
trang_tien_plaza_aug_00380.jpg,trang_tien_plaza,6,Tràng Tiền Plaza,Trang Tien Plaza,224,224,a0fa3c815b23109761d74a106433b325,14119
trang_tien_plaza_aug_00381.jpg,trang_tien_plaza,6,Tràng Tiền Plaza,Trang Tien Plaza,224,224,76a950ac6a8a945b8227f0744f3f3506,17732
trang_tien_plaza_aug_00382.jpg,trang_tien_plaza,6,Tràng Tiền Plaza,Trang Tien Plaza,224,224,9f9b6f8e319c50c6538352b14b8c7c05,16907
trang_tien_plaza_aug_00383.jpg,trang_tien_plaza,6,Tràng Tiền Plaza,Trang Tien Plaza,224,224,a36bee4f7c4ff81a30051afad13efc2b,17874
trang_tien_plaza_aug_00384.jpg,trang_tien_plaza,6,Tràng Tiền Plaza,Trang Tien Plaza,224,224,2597c6c16e8d286f69d30a073ad2a0fe,23089
trang_tien_plaza_aug_00385.jpg,trang_tien_plaza,6,Tràng Tiền Plaza,Trang Tien Plaza,224,224,6139e5b52997f09a40b188a9899f411c,16645
trang_tien_plaza_aug_00386.jpg,trang_tien_plaza,6,Tràng Tiền Plaza,Trang Tien Plaza,224,224,da838a7feb1558d1ff6884b5241c92e2,37860
trang_tien_plaza_aug_00387.jpg,trang_tien_plaza,6,Tràng Tiền Plaza,Trang Tien Plaza,224,224,ff3e7ed48d5f29f1de473ffd1edfe39c,21110
trang_tien_plaza_aug_00388.jpg,trang_tien_plaza,6,Tràng Tiền Plaza,Trang Tien Plaza,224,224,eb3d28d206ccbceaa04133e4898571e2,17531
trang_tien_plaza_aug_00389.jpg,trang_tien_plaza,6,Tràng Tiền Plaza,Trang Tien Plaza,224,224,ae9ceedbeedab90627eda832e2ed69be,19397
trang_tien_plaza_aug_00390.jpg,trang_tien_plaza,6,Tràng Tiền Plaza,Trang Tien Plaza,224,224,5b4226e1cef1a0e93480e83aabed42be,16684
trang_tien_plaza_aug_00391.jpg,trang_tien_plaza,6,Tràng Tiền Plaza,Trang Tien Plaza,224,224,b43beb2700f557a238f4f940bbf88871,14869
trang_tien_plaza_aug_00392.jpg,trang_tien_plaza,6,Tràng Tiền Plaza,Trang Tien Plaza,224,224,5d681f9d8c83f0d868b52ca90c658a9f,16651
trang_tien_plaza_aug_00393.jpg,trang_tien_plaza,6,Tràng Tiền Plaza,Trang Tien Plaza,224,224,0dc45200413bd448319f5d16883a33d9,19920
trang_tien_plaza_aug_00394.jpg,trang_tien_plaza,6,Tràng Tiền Plaza,Trang Tien Plaza,224,224,a466f99764f12676fea6d000bbb97c98,33595
trang_tien_plaza_aug_00395.jpg,trang_tien_plaza,6,Tràng Tiền Plaza,Trang Tien Plaza,224,224,ef41d5578eb3842f8a2393fc371a006b,25057
trang_tien_plaza_aug_00396.jpg,trang_tien_plaza,6,Tràng Tiền Plaza,Trang Tien Plaza,224,224,3d9caa02409817b06c61353d75ccf3d5,19052
trang_tien_plaza_aug_00397.jpg,trang_tien_plaza,6,Tràng Tiền Plaza,Trang Tien Plaza,224,224,a26695c4975b11c057035e6deeac462a,20011
trang_tien_plaza_aug_00398.jpg,trang_tien_plaza,6,Tràng Tiền Plaza,Trang Tien Plaza,224,224,0d57f4ba3ac5f995a82704f2473b6cfd,25266
trang_tien_plaza_aug_00399.jpg,trang_tien_plaza,6,Tràng Tiền Plaza,Trang Tien Plaza,224,224,c9b064608e4ebf38246c1ce678c53e2e,17026
trang_tien_plaza_aug_00400.jpg,trang_tien_plaza,6,Tràng Tiền Plaza,Trang Tien Plaza,224,224,146c6a2e6d84862fa9e2541c0c376c59,17564
trang_tien_plaza_aug_00401.jpg,trang_tien_plaza,6,Tràng Tiền Plaza,Trang Tien Plaza,224,224,a3e901b11cf24eb4218a3e2101c53cac,32930
trang_tien_plaza_aug_00402.jpg,trang_tien_plaza,6,Tràng Tiền Plaza,Trang Tien Plaza,224,224,bfdff92d2221b7cb5302fb6933e45349,27001
trang_tien_plaza_aug_00403.jpg,trang_tien_plaza,6,Tràng Tiền Plaza,Trang Tien Plaza,224,224,7cfa25aebb66345382a58e5917531ecd,21715
trang_tien_plaza_aug_00404.jpg,trang_tien_plaza,6,Tràng Tiền Plaza,Trang Tien Plaza,224,224,7451e9dc0cd42698dd26824a7e826c2d,26885
trang_tien_plaza_aug_00405.jpg,trang_tien_plaza,6,Tràng Tiền Plaza,Trang Tien Plaza,224,224,4767c5353cba414cb158381a22acc37d,30888
trang_tien_plaza_aug_00406.jpg,trang_tien_plaza,6,Tràng Tiền Plaza,Trang Tien Plaza,224,224,975c7d0f5097dfc88e867a97169d6791,30243
trang_tien_plaza_aug_00407.jpg,trang_tien_plaza,6,Tràng Tiền Plaza,Trang Tien Plaza,224,224,fd8a33b90729ea0eeaae0f5cef7893fc,15460
trang_tien_plaza_aug_00408.jpg,trang_tien_plaza,6,Tràng Tiền Plaza,Trang Tien Plaza,224,224,cba585ec8da2ef8edcc4535261496925,31818
trang_tien_plaza_aug_00409.jpg,trang_tien_plaza,6,Tràng Tiền Plaza,Trang Tien Plaza,224,224,d3a4f207ceb77d4ab87b3f7848bea3d4,23159
trang_tien_plaza_aug_00410.jpg,trang_tien_plaza,6,Tràng Tiền Plaza,Trang Tien Plaza,224,224,487407ab36914a868157abfea68beb07,18543
trang_tien_plaza_aug_00411.jpg,trang_tien_plaza,6,Tràng Tiền Plaza,Trang Tien Plaza,224,224,7e4b52dc9443a1035976bb2f2988ef5a,38809
trang_tien_plaza_aug_00412.jpg,trang_tien_plaza,6,Tràng Tiền Plaza,Trang Tien Plaza,224,224,fede167baaa79e943e2336a05efaf8fa,17528
trang_tien_plaza_aug_00413.jpg,trang_tien_plaza,6,Tràng Tiền Plaza,Trang Tien Plaza,224,224,7a9196d3a552db697eb74826c8c52cda,15049
trang_tien_plaza_aug_00414.jpg,trang_tien_plaza,6,Tràng Tiền Plaza,Trang Tien Plaza,224,224,c1c0b13e08968ba1adb676a30b2732d1,36126
trang_tien_plaza_aug_00415.jpg,trang_tien_plaza,6,Tràng Tiền Plaza,Trang Tien Plaza,224,224,58738806e9aab19d5bcf3d2abf07dec2,25898
trang_tien_plaza_aug_00416.jpg,trang_tien_plaza,6,Tràng Tiền Plaza,Trang Tien Plaza,224,224,1a01f36d4f3463165e477eca6fb6e036,20922
trang_tien_plaza_aug_00417.jpg,trang_tien_plaza,6,Tràng Tiền Plaza,Trang Tien Plaza,224,224,f8dce00ca60b686bbc70ca99b4e7ac73,21001
trang_tien_plaza_aug_00418.jpg,trang_tien_plaza,6,Tràng Tiền Plaza,Trang Tien Plaza,224,224,216b0da63699942e10c0889eba8bf087,16073
trang_tien_plaza_aug_00419.jpg,trang_tien_plaza,6,Tràng Tiền Plaza,Trang Tien Plaza,224,224,8f964a00888377e93914af11c52c5252,29899
trang_tien_plaza_aug_00420.jpg,trang_tien_plaza,6,Tràng Tiền Plaza,Trang Tien Plaza,224,224,2fe23e30b540c6822bfa2fdb568c1f5a,35363
trang_tien_plaza_aug_00421.jpg,trang_tien_plaza,6,Tràng Tiền Plaza,Trang Tien Plaza,224,224,b20e80e2572813a723718f9b3c7a1a20,15253
trang_tien_plaza_aug_00422.jpg,trang_tien_plaza,6,Tràng Tiền Plaza,Trang Tien Plaza,224,224,f5ec1ef4fc6119ee079fd329b090b040,28391
trang_tien_plaza_aug_00423.jpg,trang_tien_plaza,6,Tràng Tiền Plaza,Trang Tien Plaza,224,224,f90b6e52dea82bc7982993d9d7c28210,22156
trang_tien_plaza_aug_00424.jpg,trang_tien_plaza,6,Tràng Tiền Plaza,Trang Tien Plaza,224,224,cf7fe7cc3319a5fa05026915a5660319,47011
trang_tien_plaza_aug_00425.jpg,trang_tien_plaza,6,Tràng Tiền Plaza,Trang Tien Plaza,224,224,43b3243d06db7dcf85f30adbe4fc90b1,24134
trang_tien_plaza_aug_00426.jpg,trang_tien_plaza,6,Tràng Tiền Plaza,Trang Tien Plaza,224,224,4980b479a808aeb33574c578fbc678cb,16942
trang_tien_plaza_aug_00427.jpg,trang_tien_plaza,6,Tràng Tiền Plaza,Trang Tien Plaza,224,224,b0df5fc69e3cd6f9285a38d28dd5e5b3,32332
trang_tien_plaza_aug_00428.jpg,trang_tien_plaza,6,Tràng Tiền Plaza,Trang Tien Plaza,224,224,d2517f14974eb8856fb0bb18445f1a41,32758
trang_tien_plaza_aug_00429.jpg,trang_tien_plaza,6,Tràng Tiền Plaza,Trang Tien Plaza,224,224,8adfa4dd4531dff9992cb3c59be2bb47,20220
trang_tien_plaza_aug_00430.jpg,trang_tien_plaza,6,Tràng Tiền Plaza,Trang Tien Plaza,224,224,3a19fbeb7cb2847ad95631a93a72cc94,31638
trang_tien_plaza_aug_00431.jpg,trang_tien_plaza,6,Tràng Tiền Plaza,Trang Tien Plaza,224,224,3b583300fd8ddbba0d4498bd945050a8,13600
trang_tien_plaza_aug_00432.jpg,trang_tien_plaza,6,Tràng Tiền Plaza,Trang Tien Plaza,224,224,01f0a2d91b53e3d02ba9389ce389b497,27075
trang_tien_plaza_aug_00433.jpg,trang_tien_plaza,6,Tràng Tiền Plaza,Trang Tien Plaza,224,224,866c962396cf435142b4504b0d850b5b,24364
trang_tien_plaza_aug_00434.jpg,trang_tien_plaza,6,Tràng Tiền Plaza,Trang Tien Plaza,224,224,b2d0201b7e54a1167924f68bd35b2960,23206
trang_tien_plaza_aug_00435.jpg,trang_tien_plaza,6,Tràng Tiền Plaza,Trang Tien Plaza,224,224,c3b5acfe3122d5cf968a091b5985d712,15699
trang_tien_plaza_aug_00436.jpg,trang_tien_plaza,6,Tràng Tiền Plaza,Trang Tien Plaza,224,224,2c5ee10f5570210a340ffeb906f29604,22036
trang_tien_plaza_aug_00437.jpg,trang_tien_plaza,6,Tràng Tiền Plaza,Trang Tien Plaza,224,224,3d58df9b0085a77a1811e320db24a546,16352
trang_tien_plaza_aug_00438.jpg,trang_tien_plaza,6,Tràng Tiền Plaza,Trang Tien Plaza,224,224,4a2c60c62cbaab4d53d08d48f58cabe4,29252
trang_tien_plaza_aug_00439.jpg,trang_tien_plaza,6,Tràng Tiền Plaza,Trang Tien Plaza,224,224,412809cdb2b5245836bf69b4692bc127,12436
trang_tien_plaza_aug_00440.jpg,trang_tien_plaza,6,Tràng Tiền Plaza,Trang Tien Plaza,224,224,6c1766bdfd3718dd88eb3665890608f5,27890
trang_tien_plaza_aug_00441.jpg,trang_tien_plaza,6,Tràng Tiền Plaza,Trang Tien Plaza,224,224,40a72555a2a5a1af512f10fb7908792b,29323
trang_tien_plaza_aug_00442.jpg,trang_tien_plaza,6,Tràng Tiền Plaza,Trang Tien Plaza,224,224,11a64a454c9760e39a5e8b3c440570bb,21211
trang_tien_plaza_aug_00443.jpg,trang_tien_plaza,6,Tràng Tiền Plaza,Trang Tien Plaza,224,224,fa77506a9cae34e0bf4a572aad0d20a0,25789
trang_tien_plaza_aug_00444.jpg,trang_tien_plaza,6,Tràng Tiền Plaza,Trang Tien Plaza,224,224,70f8c71ef0d6c728e4fc3e041f0b6fbe,33435
trang_tien_plaza_aug_00445.jpg,trang_tien_plaza,6,Tràng Tiền Plaza,Trang Tien Plaza,224,224,f68b052e0d8f0eca82db19f8e3fc9a14,19966
trang_tien_plaza_aug_00446.jpg,trang_tien_plaza,6,Tràng Tiền Plaza,Trang Tien Plaza,224,224,5bfb94e8edd84703dd444ad8c5c0985f,33287
trang_tien_plaza_aug_00447.jpg,trang_tien_plaza,6,Tràng Tiền Plaza,Trang Tien Plaza,224,224,ee5154c8ca6b45bbad78d043766271d7,25593
trang_tien_plaza_aug_00448.jpg,trang_tien_plaza,6,Tràng Tiền Plaza,Trang Tien Plaza,224,224,166884d4998eea40df3577392165ed88,39619
trang_tien_plaza_aug_00449.jpg,trang_tien_plaza,6,Tràng Tiền Plaza,Trang Tien Plaza,224,224,f70c7112458b061cfb266223f343b2be,25051
trang_tien_plaza_aug_00450.jpg,trang_tien_plaza,6,Tràng Tiền Plaza,Trang Tien Plaza,224,224,4d32ee72eb814f491c23ceafd0497786,27886
trang_tien_plaza_aug_00451.jpg,trang_tien_plaza,6,Tràng Tiền Plaza,Trang Tien Plaza,224,224,38903572b544ae44bab9376f065d3845,14124
trang_tien_plaza_aug_00452.jpg,trang_tien_plaza,6,Tràng Tiền Plaza,Trang Tien Plaza,224,224,54ab4e5dcccb67c5d6016cb6a1973e21,35224
trang_tien_plaza_aug_00453.jpg,trang_tien_plaza,6,Tràng Tiền Plaza,Trang Tien Plaza,224,224,38d7b3453d13e292d600d13812c27a42,19281
trang_tien_plaza_aug_00454.jpg,trang_tien_plaza,6,Tràng Tiền Plaza,Trang Tien Plaza,224,224,08e27017b141b7dd201a098cc9003406,31322
trang_tien_plaza_aug_00455.jpg,trang_tien_plaza,6,Tràng Tiền Plaza,Trang Tien Plaza,224,224,f07c5f76ec171921881bddca1e8a0731,22543
trang_tien_plaza_aug_00456.jpg,trang_tien_plaza,6,Tràng Tiền Plaza,Trang Tien Plaza,224,224,17c92f247dd2d8ca787b82161074969c,26234
trang_tien_plaza_aug_00457.jpg,trang_tien_plaza,6,Tràng Tiền Plaza,Trang Tien Plaza,224,224,58b870899b7c7a88f851fc40506a365b,30387
trang_tien_plaza_aug_00458.jpg,trang_tien_plaza,6,Tràng Tiền Plaza,Trang Tien Plaza,224,224,c87c1eb13cb6380b74cfff3f353a521c,36463
trang_tien_plaza_aug_00459.jpg,trang_tien_plaza,6,Tràng Tiền Plaza,Trang Tien Plaza,224,224,031487355571ccd28f488b490a8d7524,41786
trang_tien_plaza_aug_00460.jpg,trang_tien_plaza,6,Tràng Tiền Plaza,Trang Tien Plaza,224,224,6b3e5209761af845abed746098fd216d,34073
trang_tien_plaza_aug_00461.jpg,trang_tien_plaza,6,Tràng Tiền Plaza,Trang Tien Plaza,224,224,b77a3a6271236fdb50037dc702668f00,20385
trang_tien_plaza_aug_00462.jpg,trang_tien_plaza,6,Tràng Tiền Plaza,Trang Tien Plaza,224,224,2bec6bfe5583f937be38fb800bb36b99,19280
trang_tien_plaza_aug_00463.jpg,trang_tien_plaza,6,Tràng Tiền Plaza,Trang Tien Plaza,224,224,e835cb110ccd38c138aecf90e24f8d38,30024
trang_tien_plaza_aug_00464.jpg,trang_tien_plaza,6,Tràng Tiền Plaza,Trang Tien Plaza,224,224,0df6c67b82e3eb5a2a9e27508c06d7d2,32459
trang_tien_plaza_aug_00465.jpg,trang_tien_plaza,6,Tràng Tiền Plaza,Trang Tien Plaza,224,224,1d9e6c32f58975493d58362b06e56e48,21229
trang_tien_plaza_aug_00466.jpg,trang_tien_plaza,6,Tràng Tiền Plaza,Trang Tien Plaza,224,224,a7cfcfc2b2b80e62f0550afb53574e43,18352
trang_tien_plaza_aug_00467.jpg,trang_tien_plaza,6,Tràng Tiền Plaza,Trang Tien Plaza,224,224,1f0a486b895e2f53c22abee8b8642eca,23579
trang_tien_plaza_aug_00468.jpg,trang_tien_plaza,6,Tràng Tiền Plaza,Trang Tien Plaza,224,224,274efbd96ebb80f26afc5e3f8d635a64,17120
trang_tien_plaza_aug_00469.jpg,trang_tien_plaza,6,Tràng Tiền Plaza,Trang Tien Plaza,224,224,aa0068bceed804e8bb5e002a1006992c,17420
trang_tien_plaza_aug_00470.jpg,trang_tien_plaza,6,Tràng Tiền Plaza,Trang Tien Plaza,224,224,7b5897d132e2e512653ae0dbd154d13a,33627
trang_tien_plaza_aug_00471.jpg,trang_tien_plaza,6,Tràng Tiền Plaza,Trang Tien Plaza,224,224,9498a0f008d8df5d700d7f3b416f82c9,20871
trang_tien_plaza_aug_00472.jpg,trang_tien_plaza,6,Tràng Tiền Plaza,Trang Tien Plaza,224,224,c19ff7f3dfffb0e4b1e3ca25d7e3034a,15518
trang_tien_plaza_aug_00473.jpg,trang_tien_plaza,6,Tràng Tiền Plaza,Trang Tien Plaza,224,224,722d0df3113083b18b273f7d526d513a,36553
trang_tien_plaza_aug_00474.jpg,trang_tien_plaza,6,Tràng Tiền Plaza,Trang Tien Plaza,224,224,14dc537e70d9761ebbaf8a0d2078864b,19296
trang_tien_plaza_aug_00475.jpg,trang_tien_plaza,6,Tràng Tiền Plaza,Trang Tien Plaza,224,224,0728279d3e33edc0f08a6387b731105a,24989
trang_tien_plaza_aug_00476.jpg,trang_tien_plaza,6,Tràng Tiền Plaza,Trang Tien Plaza,224,224,c5e1a9dbd87e5d9f6e50fd5ff07d5f7e,15489
trang_tien_plaza_aug_00477.jpg,trang_tien_plaza,6,Tràng Tiền Plaza,Trang Tien Plaza,224,224,1f043c443121807ea8daeaf48252d680,23850
trang_tien_plaza_aug_00478.jpg,trang_tien_plaza,6,Tràng Tiền Plaza,Trang Tien Plaza,224,224,dce53ba48224b1443eb98a8768d8da70,27125
trang_tien_plaza_aug_00479.jpg,trang_tien_plaza,6,Tràng Tiền Plaza,Trang Tien Plaza,224,224,e85f775dc5dc6f5b89512ab672a91470,25230
trang_tien_plaza_aug_00480.jpg,trang_tien_plaza,6,Tràng Tiền Plaza,Trang Tien Plaza,224,224,32bad98935557fe1dc59681ebe01eae6,16673
trang_tien_plaza_aug_00481.jpg,trang_tien_plaza,6,Tràng Tiền Plaza,Trang Tien Plaza,224,224,308bbc29e152cd4abdf6c42957e8e009,22882
trang_tien_plaza_aug_00482.jpg,trang_tien_plaza,6,Tràng Tiền Plaza,Trang Tien Plaza,224,224,d0473c3f4e7d552570f74ae9fb2dae1f,23699
trang_tien_plaza_aug_00483.jpg,trang_tien_plaza,6,Tràng Tiền Plaza,Trang Tien Plaza,224,224,e9ce1cf8b523c3cc1cb630154e16b012,33506
trang_tien_plaza_aug_00484.jpg,trang_tien_plaza,6,Tràng Tiền Plaza,Trang Tien Plaza,224,224,d1a3efcc0515dedd26fd25fc0abb83ee,20927
trang_tien_plaza_aug_00485.jpg,trang_tien_plaza,6,Tràng Tiền Plaza,Trang Tien Plaza,224,224,896d39ac70df2973b3ec149de376987f,26437
trang_tien_plaza_aug_00486.jpg,trang_tien_plaza,6,Tràng Tiền Plaza,Trang Tien Plaza,224,224,660b45f184a3d28d6662b047be5669dc,37845
trang_tien_plaza_aug_00487.jpg,trang_tien_plaza,6,Tràng Tiền Plaza,Trang Tien Plaza,224,224,5868f84943e1787907b0ef51286a6426,23239
trang_tien_plaza_aug_00488.jpg,trang_tien_plaza,6,Tràng Tiền Plaza,Trang Tien Plaza,224,224,69f838f357ca9631edc075b458fc598b,34148
trang_tien_plaza_aug_00489.jpg,trang_tien_plaza,6,Tràng Tiền Plaza,Trang Tien Plaza,224,224,dcbf0bc9f40e1238c86a1c1b11617237,24244
trang_tien_plaza_aug_00490.jpg,trang_tien_plaza,6,Tràng Tiền Plaza,Trang Tien Plaza,224,224,ecc6800095f5f0e8a1399bc4337fc78c,18112
trang_tien_plaza_aug_00491.jpg,trang_tien_plaza,6,Tràng Tiền Plaza,Trang Tien Plaza,224,224,15675302ee14e3cd4ca728a6536d8052,19404
trang_tien_plaza_aug_00492.jpg,trang_tien_plaza,6,Tràng Tiền Plaza,Trang Tien Plaza,224,224,72e80fbe3443f0b77107d23edf324e03,18527
trang_tien_plaza_aug_00493.jpg,trang_tien_plaza,6,Tràng Tiền Plaza,Trang Tien Plaza,224,224,1d275bc9f4ee611093ebdf593795eb98,38053
trang_tien_plaza_aug_00494.jpg,trang_tien_plaza,6,Tràng Tiền Plaza,Trang Tien Plaza,224,224,01e9d2ec042eecd7b219683d016ea4bb,18201
trang_tien_plaza_aug_00495.jpg,trang_tien_plaza,6,Tràng Tiền Plaza,Trang Tien Plaza,224,224,2ceb6da1e9c2257bcf11d0a87c04c147,19974
trang_tien_plaza_aug_00496.jpg,trang_tien_plaza,6,Tràng Tiền Plaza,Trang Tien Plaza,224,224,cc90449816d60bd654fd474ab476fa79,32081
trang_tien_plaza_aug_00497.jpg,trang_tien_plaza,6,Tràng Tiền Plaza,Trang Tien Plaza,224,224,b35bf64b47f19f702492ca2ad004d214,18666
trang_tien_plaza_aug_00498.jpg,trang_tien_plaza,6,Tràng Tiền Plaza,Trang Tien Plaza,224,224,3513f6ff2fbe884fc77da9fae90425ca,36338
trang_tien_plaza_aug_00499.jpg,trang_tien_plaza,6,Tràng Tiền Plaza,Trang Tien Plaza,224,224,de9e02787cf25a9d3bf54b64962eed8e,14233
trang_tien_plaza_aug_00500.jpg,trang_tien_plaza,6,Tràng Tiền Plaza,Trang Tien Plaza,224,224,92836eaf39056deed8e2dd22657f3b0e,31339
trang_tien_plaza_aug_00501.jpg,trang_tien_plaza,6,Tràng Tiền Plaza,Trang Tien Plaza,224,224,6e5412b012cca0908496143e53d087dd,21145
trang_tien_plaza_aug_00502.jpg,trang_tien_plaza,6,Tràng Tiền Plaza,Trang Tien Plaza,224,224,dd6afe2ca294b071d96ae2d66cb14d95,25237
trang_tien_plaza_aug_00503.jpg,trang_tien_plaza,6,Tràng Tiền Plaza,Trang Tien Plaza,224,224,e54b195509bc0322eef7678c78d51f34,21506
trang_tien_plaza_aug_00504.jpg,trang_tien_plaza,6,Tràng Tiền Plaza,Trang Tien Plaza,224,224,1931856a23c61cf18d021dcfff8fec35,21649
trang_tien_plaza_aug_00505.jpg,trang_tien_plaza,6,Tràng Tiền Plaza,Trang Tien Plaza,224,224,ce6f0a4028fedfafcf82d20dc90b76f0,27708
trang_tien_plaza_aug_00506.jpg,trang_tien_plaza,6,Tràng Tiền Plaza,Trang Tien Plaza,224,224,2b8b6003a940b0b111da26fffd554258,18768
trang_tien_plaza_aug_00507.jpg,trang_tien_plaza,6,Tràng Tiền Plaza,Trang Tien Plaza,224,224,70cd4e957cb2dfb834ceb46c70be7661,19669
trang_tien_plaza_aug_00508.jpg,trang_tien_plaza,6,Tràng Tiền Plaza,Trang Tien Plaza,224,224,a3ba348b09111fda13686b423d3ee294,15468
trang_tien_plaza_aug_00509.jpg,trang_tien_plaza,6,Tràng Tiền Plaza,Trang Tien Plaza,224,224,9f9db6f5baba3f74f4e49b986ea7cfec,28958
trang_tien_plaza_aug_00510.jpg,trang_tien_plaza,6,Tràng Tiền Plaza,Trang Tien Plaza,224,224,02514b53b19758a21dd64dc01d3174fb,16607
trang_tien_plaza_aug_00511.jpg,trang_tien_plaza,6,Tràng Tiền Plaza,Trang Tien Plaza,224,224,af96834e9825d85fbf689df79fe058cb,28865
trang_tien_plaza_aug_00512.jpg,trang_tien_plaza,6,Tràng Tiền Plaza,Trang Tien Plaza,224,224,148a37ed104bfbd66d267ba1ae72b684,30208
trang_tien_plaza_aug_00513.jpg,trang_tien_plaza,6,Tràng Tiền Plaza,Trang Tien Plaza,224,224,f3f88350d7d671fab74910fd22990334,36307
trang_tien_plaza_aug_00514.jpg,trang_tien_plaza,6,Tràng Tiền Plaza,Trang Tien Plaza,224,224,0900d3f6ee770782014d12eceff9d981,18024
trang_tien_plaza_aug_00515.jpg,trang_tien_plaza,6,Tràng Tiền Plaza,Trang Tien Plaza,224,224,37e52502a33a3157847784d6c633b9fd,17247
trang_tien_plaza_aug_00516.jpg,trang_tien_plaza,6,Tràng Tiền Plaza,Trang Tien Plaza,224,224,58cbe53c908d50ccc9f8487f14047232,15125
trang_tien_plaza_aug_00517.jpg,trang_tien_plaza,6,Tràng Tiền Plaza,Trang Tien Plaza,224,224,587a065bac68e62f666f2172961848c8,27274
trang_tien_plaza_aug_00518.jpg,trang_tien_plaza,6,Tràng Tiền Plaza,Trang Tien Plaza,224,224,397bdd52697822e414a54f0960fb67e9,17854
trang_tien_plaza_aug_00519.jpg,trang_tien_plaza,6,Tràng Tiền Plaza,Trang Tien Plaza,224,224,99d2dc6c39cde8a4aa5c9f3291918e2d,30221
trang_tien_plaza_aug_00520.jpg,trang_tien_plaza,6,Tràng Tiền Plaza,Trang Tien Plaza,224,224,c70a1f5cd466c96fcdfd2ef8634d50e7,29299
trang_tien_plaza_aug_00521.jpg,trang_tien_plaza,6,Tràng Tiền Plaza,Trang Tien Plaza,224,224,11db8a1759469f8f11cf584dbb390667,26616
trang_tien_plaza_aug_00522.jpg,trang_tien_plaza,6,Tràng Tiền Plaza,Trang Tien Plaza,224,224,0a444de51377d609257bc55039197f0d,13896
trang_tien_plaza_aug_00523.jpg,trang_tien_plaza,6,Tràng Tiền Plaza,Trang Tien Plaza,224,224,4f8d5a6ce0ce2857b71680e0e3174951,20853
trang_tien_plaza_aug_00524.jpg,trang_tien_plaza,6,Tràng Tiền Plaza,Trang Tien Plaza,224,224,3eafc27e6edc36f8198f8ce580610a0c,33254
trang_tien_plaza_aug_00525.jpg,trang_tien_plaza,6,Tràng Tiền Plaza,Trang Tien Plaza,224,224,a5684abdd0213563366a4d29ff65345a,13770
trang_tien_plaza_aug_00526.jpg,trang_tien_plaza,6,Tràng Tiền Plaza,Trang Tien Plaza,224,224,68f298da2eb840b3fb221d62d7233dc2,33225
trang_tien_plaza_aug_00527.jpg,trang_tien_plaza,6,Tràng Tiền Plaza,Trang Tien Plaza,224,224,e598afcbd38e7b128f4204b712e500b4,20198
trang_tien_plaza_aug_00528.jpg,trang_tien_plaza,6,Tràng Tiền Plaza,Trang Tien Plaza,224,224,d2eba558a19b06b2a177649f33d048da,29405
trang_tien_plaza_aug_00529.jpg,trang_tien_plaza,6,Tràng Tiền Plaza,Trang Tien Plaza,224,224,48a15db6aab9f6a4b0a84775287d5508,23561
trang_tien_plaza_aug_00530.jpg,trang_tien_plaza,6,Tràng Tiền Plaza,Trang Tien Plaza,224,224,16c614c3976be728341d2a57c0acb05b,31402
trang_tien_plaza_aug_00531.jpg,trang_tien_plaza,6,Tràng Tiền Plaza,Trang Tien Plaza,224,224,86a4a2eebe37c6d6d025375aebeab885,27233
trang_tien_plaza_aug_00532.jpg,trang_tien_plaza,6,Tràng Tiền Plaza,Trang Tien Plaza,224,224,991b77bc927a7b1261de6c751238ade9,43547
trang_tien_plaza_aug_00533.jpg,trang_tien_plaza,6,Tràng Tiền Plaza,Trang Tien Plaza,224,224,c6157bb526144e525eeea61dcad5a499,17810
trang_tien_plaza_aug_00534.jpg,trang_tien_plaza,6,Tràng Tiền Plaza,Trang Tien Plaza,224,224,0ad695096ab344c579f16bc0087bb1ac,17886
trang_tien_plaza_aug_00535.jpg,trang_tien_plaza,6,Tràng Tiền Plaza,Trang Tien Plaza,224,224,94077e69eee642e66a44c73981efe4fa,23542
trang_tien_plaza_aug_00536.jpg,trang_tien_plaza,6,Tràng Tiền Plaza,Trang Tien Plaza,224,224,a30d64495e2fc63c8e05131dc6969f91,16494
trang_tien_plaza_aug_00537.jpg,trang_tien_plaza,6,Tràng Tiền Plaza,Trang Tien Plaza,224,224,f107d08cfaf71a69496da692bed8c64f,13316
trang_tien_plaza_aug_00538.jpg,trang_tien_plaza,6,Tràng Tiền Plaza,Trang Tien Plaza,224,224,5acd9ed796aee45bbf41d693830f9c91,15625
trang_tien_plaza_aug_00539.jpg,trang_tien_plaza,6,Tràng Tiền Plaza,Trang Tien Plaza,224,224,680abeff0ec458f7031a1e91c6b2daa6,22878
trang_tien_plaza_aug_00540.jpg,trang_tien_plaza,6,Tràng Tiền Plaza,Trang Tien Plaza,224,224,261588400789fa0f4e5fd26564bf79d9,12027
trang_tien_plaza_aug_00541.jpg,trang_tien_plaza,6,Tràng Tiền Plaza,Trang Tien Plaza,224,224,19839278a31d0bb855aae9f183bd5a28,16453
trang_tien_plaza_aug_00542.jpg,trang_tien_plaza,6,Tràng Tiền Plaza,Trang Tien Plaza,224,224,c2c4c0f9a902bca4d20ca9155cfa8040,14756
trang_tien_plaza_aug_00543.jpg,trang_tien_plaza,6,Tràng Tiền Plaza,Trang Tien Plaza,224,224,1f4afde200279fe683d13a47b56ff0a3,14463
trang_tien_plaza_aug_00544.jpg,trang_tien_plaza,6,Tràng Tiền Plaza,Trang Tien Plaza,224,224,0d4defae53919f52cf2aa1a67c6f30eb,18813
trang_tien_plaza_aug_00545.jpg,trang_tien_plaza,6,Tràng Tiền Plaza,Trang Tien Plaza,224,224,8b190ee206819fff66aff8fa80ed63ef,33958
trang_tien_plaza_aug_00546.jpg,trang_tien_plaza,6,Tràng Tiền Plaza,Trang Tien Plaza,224,224,2ebcff006d1e90b97922ce9c92b73db9,31712
trang_tien_plaza_aug_00547.jpg,trang_tien_plaza,6,Tràng Tiền Plaza,Trang Tien Plaza,224,224,8e1957fed8269c86cd450529f7024ebd,21890
trang_tien_plaza_aug_00548.jpg,trang_tien_plaza,6,Tràng Tiền Plaza,Trang Tien Plaza,224,224,28953fa776228bb343d87cfc26c672e2,24109
trang_tien_plaza_aug_00549.jpg,trang_tien_plaza,6,Tràng Tiền Plaza,Trang Tien Plaza,224,224,32b72d900f22046ad85f7c4bc761f6f8,33238
trang_tien_plaza_aug_00550.jpg,trang_tien_plaza,6,Tràng Tiền Plaza,Trang Tien Plaza,224,224,8135b3c5614bd03488f6196774fbca3b,20012
trang_tien_plaza_aug_00551.jpg,trang_tien_plaza,6,Tràng Tiền Plaza,Trang Tien Plaza,224,224,e0c170d90b7ed874d6a6166c9834cf2f,34008
trang_tien_plaza_aug_00552.jpg,trang_tien_plaza,6,Tràng Tiền Plaza,Trang Tien Plaza,224,224,6aea6e5f8048a8e9ff7bc5731d4c9d03,20898
trang_tien_plaza_aug_00553.jpg,trang_tien_plaza,6,Tràng Tiền Plaza,Trang Tien Plaza,224,224,83754755dc55a14fa00dcc2c2636930e,17879
trang_tien_plaza_aug_00554.jpg,trang_tien_plaza,6,Tràng Tiền Plaza,Trang Tien Plaza,224,224,77f0ccc780482b5c5ac7371ce841d7a4,20755
trang_tien_plaza_aug_00555.jpg,trang_tien_plaza,6,Tràng Tiền Plaza,Trang Tien Plaza,224,224,bc3e1cd031b0935befe5ba1a66466bd9,30788
trang_tien_plaza_aug_00556.jpg,trang_tien_plaza,6,Tràng Tiền Plaza,Trang Tien Plaza,224,224,7f4b5495b04174046c0c1aa309e29b61,28956
trang_tien_plaza_aug_00557.jpg,trang_tien_plaza,6,Tràng Tiền Plaza,Trang Tien Plaza,224,224,3f07ede81db6c33088805f3f327764b1,18878
trang_tien_plaza_aug_00558.jpg,trang_tien_plaza,6,Tràng Tiền Plaza,Trang Tien Plaza,224,224,719d9041c60fce4f5157484ac8fcca42,14040
trang_tien_plaza_aug_00559.jpg,trang_tien_plaza,6,Tràng Tiền Plaza,Trang Tien Plaza,224,224,5eb906fd4acf81164553a4c297023a0e,33291
trang_tien_plaza_aug_00560.jpg,trang_tien_plaza,6,Tràng Tiền Plaza,Trang Tien Plaza,224,224,0f7ac3b7a75532aae89113522ba882ce,16000
trang_tien_plaza_aug_00561.jpg,trang_tien_plaza,6,Tràng Tiền Plaza,Trang Tien Plaza,224,224,9e7a0a6ab0d33861e9713a920b6e2b15,34886
trang_tien_plaza_aug_00562.jpg,trang_tien_plaza,6,Tràng Tiền Plaza,Trang Tien Plaza,224,224,d325c5e40bfc40a01f0a6f5bf9c5978f,29601
trang_tien_plaza_aug_00563.jpg,trang_tien_plaza,6,Tràng Tiền Plaza,Trang Tien Plaza,224,224,15769fadfdfefcc94480a597a47f1e08,39134
trang_tien_plaza_aug_00564.jpg,trang_tien_plaza,6,Tràng Tiền Plaza,Trang Tien Plaza,224,224,1f80f42b2a37fe999d4750bf6b5ae790,35776
trang_tien_plaza_aug_00565.jpg,trang_tien_plaza,6,Tràng Tiền Plaza,Trang Tien Plaza,224,224,6be371f0130e3cf45d64d1f8c7c0115d,22343
trang_tien_plaza_aug_00566.jpg,trang_tien_plaza,6,Tràng Tiền Plaza,Trang Tien Plaza,224,224,371d7abf84f5f0259c65c20326ab262e,19349
trang_tien_plaza_aug_00567.jpg,trang_tien_plaza,6,Tràng Tiền Plaza,Trang Tien Plaza,224,224,8b89a611800fd698dd3577341bb5814b,16100
trang_tien_plaza_aug_00568.jpg,trang_tien_plaza,6,Tràng Tiền Plaza,Trang Tien Plaza,224,224,4f7824d6d6c4ae7881fcb960f7740893,17248
trang_tien_plaza_aug_00569.jpg,trang_tien_plaza,6,Tràng Tiền Plaza,Trang Tien Plaza,224,224,698c0ce3dd2656ec69f0d2f01e9194df,26541
trang_tien_plaza_aug_00570.jpg,trang_tien_plaza,6,Tràng Tiền Plaza,Trang Tien Plaza,224,224,c11e15107063b8b944d3902db60080f0,19444
trang_tien_plaza_aug_00571.jpg,trang_tien_plaza,6,Tràng Tiền Plaza,Trang Tien Plaza,224,224,eba929aa2df398e79191bff0d14b7314,13110
trang_tien_plaza_aug_00572.jpg,trang_tien_plaza,6,Tràng Tiền Plaza,Trang Tien Plaza,224,224,84bf365dfc0bb6ed5f636ec1ac19f3e3,28886
trang_tien_plaza_aug_00573.jpg,trang_tien_plaza,6,Tràng Tiền Plaza,Trang Tien Plaza,224,224,64a831ef26b7a7eee115ae1a7d7bf58e,21816
trang_tien_plaza_aug_00574.jpg,trang_tien_plaza,6,Tràng Tiền Plaza,Trang Tien Plaza,224,224,1f1c6f3ce2ced1d29466b747cc035243,29664
trang_tien_plaza_aug_00575.jpg,trang_tien_plaza,6,Tràng Tiền Plaza,Trang Tien Plaza,224,224,72cb24258049118cb14dafe5de17515f,19200
trang_tien_plaza_aug_00576.jpg,trang_tien_plaza,6,Tràng Tiền Plaza,Trang Tien Plaza,224,224,fdcf5546f1a8520530a80deab97b7d21,31867
trang_tien_plaza_aug_00577.jpg,trang_tien_plaza,6,Tràng Tiền Plaza,Trang Tien Plaza,224,224,7accc0835e6e21cdb693b6ca763efb6f,38671
trang_tien_plaza_aug_00578.jpg,trang_tien_plaza,6,Tràng Tiền Plaza,Trang Tien Plaza,224,224,21d2ec76a084ea65dd7a03643cc058cb,13644
trang_tien_plaza_aug_00579.jpg,trang_tien_plaza,6,Tràng Tiền Plaza,Trang Tien Plaza,224,224,9b64a41508e265de4ee47ed98e694515,16383
trang_tien_plaza_aug_00580.jpg,trang_tien_plaza,6,Tràng Tiền Plaza,Trang Tien Plaza,224,224,44ed68c1128fd4d3708f2e9fc923bbfa,37776
trang_tien_plaza_aug_00581.jpg,trang_tien_plaza,6,Tràng Tiền Plaza,Trang Tien Plaza,224,224,5dc30ef3840802c063e747773e930a70,37103
trang_tien_plaza_aug_00582.jpg,trang_tien_plaza,6,Tràng Tiền Plaza,Trang Tien Plaza,224,224,fe11f791a51b144fa50652bddec31d2d,24748
trang_tien_plaza_aug_00583.jpg,trang_tien_plaza,6,Tràng Tiền Plaza,Trang Tien Plaza,224,224,092ece8a8ea07d9c9f6ff7707040c912,19947
trang_tien_plaza_aug_00584.jpg,trang_tien_plaza,6,Tràng Tiền Plaza,Trang Tien Plaza,224,224,fa5f320cde6b9553435e052ad01dd704,22796
trang_tien_plaza_aug_00585.jpg,trang_tien_plaza,6,Tràng Tiền Plaza,Trang Tien Plaza,224,224,7808eb8b428125fe9a2f1ee3694cab55,21212
trang_tien_plaza_aug_00586.jpg,trang_tien_plaza,6,Tràng Tiền Plaza,Trang Tien Plaza,224,224,836f9cba7c6d6c8ce0cbc831ceca2846,16154
trang_tien_plaza_aug_00587.jpg,trang_tien_plaza,6,Tràng Tiền Plaza,Trang Tien Plaza,224,224,65bd7b8d2ada58280f3a1a2fc8d7573d,21880
trang_tien_plaza_aug_00588.jpg,trang_tien_plaza,6,Tràng Tiền Plaza,Trang Tien Plaza,224,224,1958c9891783f4bea176b815eb613012,19772
trang_tien_plaza_aug_00589.jpg,trang_tien_plaza,6,Tràng Tiền Plaza,Trang Tien Plaza,224,224,ce41ddd5f8ba18ebc154ba3bfdc4a1ff,34160
trang_tien_plaza_aug_00590.jpg,trang_tien_plaza,6,Tràng Tiền Plaza,Trang Tien Plaza,224,224,028e561fe4eba67a9f227561d8983c1b,39071
trang_tien_plaza_aug_00591.jpg,trang_tien_plaza,6,Tràng Tiền Plaza,Trang Tien Plaza,224,224,1320c9cd0c4716c726dd3c6f4ccd4a13,28232
trang_tien_plaza_aug_00592.jpg,trang_tien_plaza,6,Tràng Tiền Plaza,Trang Tien Plaza,224,224,eaee9a79cc691000e30f89adf8b1723b,27387
trang_tien_plaza_aug_00593.jpg,trang_tien_plaza,6,Tràng Tiền Plaza,Trang Tien Plaza,224,224,cddf7a27eb4a2cbc15288b6d17c704f7,33014
trang_tien_plaza_aug_00594.jpg,trang_tien_plaza,6,Tràng Tiền Plaza,Trang Tien Plaza,224,224,dfb54113666dfac7beb1d6f39e3bf510,19702
trang_tien_plaza_aug_00595.jpg,trang_tien_plaza,6,Tràng Tiền Plaza,Trang Tien Plaza,224,224,04603d7da32f450f2df0af907ffa9675,24729
trang_tien_plaza_aug_00596.jpg,trang_tien_plaza,6,Tràng Tiền Plaza,Trang Tien Plaza,224,224,67e238c84eaad756005b03ddbdebab7c,21289
trang_tien_plaza_aug_00597.jpg,trang_tien_plaza,6,Tràng Tiền Plaza,Trang Tien Plaza,224,224,a709289c2e07e1f63063b671e16119eb,23970
trang_tien_plaza_aug_00598.jpg,trang_tien_plaza,6,Tràng Tiền Plaza,Trang Tien Plaza,224,224,690c1ecc6728937b97d3510b508d47cf,15733
trang_tien_plaza_aug_00599.jpg,trang_tien_plaza,6,Tràng Tiền Plaza,Trang Tien Plaza,224,224,a7fb8424917ed60561fb240ffe788f1f,14315
"10 Khách Sạn Tốt Nhất Gần {{poiName}}, {{cityName}} Vào Năm {{Year}} _  Trip.com.jpg",van_mieu,7,Văn Miếu Quốc Tử Giám,Temple of Literature Hanoi,224,224,020277884452624797df4a54ccedd956,46884
10+ Mẫu Tranh Đá Quý Văn Miếu Quốc Tử Giám Hà Nội Đẹp - Xưởng Decor Tranh  Tuệ Dương-001.jpg,van_mieu,7,Văn Miếu Quốc Tử Giám,Temple of Literature Hanoi,224,224,203f9013377a36f158723009061f8325,37080
10+ Mẫu Tranh Đá Quý Văn Miếu Quốc Tử Giám Hà Nội Đẹp - Xưởng Decor Tranh  Tuệ Dương.jpg,van_mieu,7,Văn Miếu Quốc Tử Giám,Temple of Literature Hanoi,224,224,d2a52bc7b5834de9c5ca8058c01f7d9d,40535
"BMKTCN - ĐHXD - Văn Miếu - Quốc Tử Giám, Đống Đa, Hà Nội-001.jpg",van_mieu,7,Văn Miếu Quốc Tử Giám,Temple of Literature Hanoi,224,224,8bc8881ddbea78275c3b96386ec32594,33782
"BMKTCN - ĐHXD - Văn Miếu - Quốc Tử Giám, Đống Đa, Hà Nội.jpg",van_mieu,7,Văn Miếu Quốc Tử Giám,Temple of Literature Hanoi,224,224,32f8a70f69de63100d38638a28925941,33653
Bảo tồn và phát huy giá trị Di sản Di tích Văn Miếu - Quốc Tử Giám.jpg,van_mieu,7,Văn Miếu Quốc Tử Giám,Temple of Literature Hanoi,224,224,0fb76abc9393b29d4c0920b961e0455a,35477
Các điểm du lịch ở Hà Nội.jpg,van_mieu,7,Văn Miếu Quốc Tử Giám,Temple of Literature Hanoi,224,224,d5fdcdb828500767def0a069fe0fe430,34060
Chủ tịch Hội đồng châu Âu thăm Văn Miếu - Quốc Tử Giám _ Báo Dân trí.jpg,van_mieu,7,Văn Miếu Quốc Tử Giám,Temple of Literature Hanoi,224,224,9d976d85ff47081d784a6dacd15690c8,38257
Di tích Văn Miếu – Quốc Tử Giám đón 9 vạn khách du lịch trong dịp Tết  Nguyên đán – Cổng thông tin Sở Văn Hóa Thể Thao Hà Nội.jpg,van_mieu,7,Văn Miếu Quốc Tử Giám,Temple of Literature Hanoi,224,224,9bfe0bb91e100bf4102824e514834972,31438
Du khách tới Văn Miếu - Quốc Tử Giám tăng mạnh trong dịp lễ _ BÁO SÀI GÒN  GIẢI PHÓNG.jpg,van_mieu,7,Văn Miếu Quốc Tử Giám,Temple of Literature Hanoi,224,224,5d67831ecb71211f36db1af42881f62c,35638
Du lịch Văn Miếu Quốc Tử Giám - Hành trình khám phá trường đại học đầu tiên  của Việt Nam.jpg,van_mieu,7,Văn Miếu Quốc Tử Giám,Temple of Literature Hanoi,224,224,61255d1179c62926ef942c46a7dfb84c,37290
"Ga Hà Nội _ Văn Miếu – Quốc Tử Giám, Đống Đa, Hà Nội_ Lịch Sử, Du Lịch, Giá  Vé - Hà Nội Đẹp.jpg",van_mieu,7,Văn Miếu Quốc Tử Giám,Temple of Literature Hanoi,224,224,a3a238c30e07054ddc791de0f5289bbd,38778
Giới trẻ Hà Nội rộn ràng rủ nhau đi Văn Miếu - Quốc Tử Giám theo cách vô  cùng mới mẻ.jpg,van_mieu,7,Văn Miếu Quốc Tử Giám,Temple of Literature Hanoi,224,224,738b7f725862528f7983869cc6a79c58,38123
Hà Nội công bố nhiều sự kiện ý nghĩa nhân dịp 950 năm Quốc Tử Giám.jpg,van_mieu,7,Văn Miếu Quốc Tử Giám,Temple of Literature Hanoi,224,224,6492898a1d0951ea41635be71acf9875,31980
Hà Nội sẽ có thêm tour đêm Văn Miếu - Quốc Tử Giám - DNTT online.jpg,van_mieu,7,Văn Miếu Quốc Tử Giám,Temple of Literature Hanoi,224,224,0e5783fac60b0e74ca2ddb18087ceaae,33050
"Hà Nội tăng giá vé tham quan Văn Miếu - Quốc Tử Giám, Hoàng thành Thăng Long.jpg",van_mieu,7,Văn Miếu Quốc Tử Giám,Temple of Literature Hanoi,224,224,9c6655261045f5a8b1451574b8e82481,41867
Hà Nội] Văn Miếu Quốc Tử Giám - Nét đẹp của lịch sử và giáo dục-001.jpg,van_mieu,7,Văn Miếu Quốc Tử Giám,Temple of Literature Hanoi,224,224,af89a9c4bcd30c22dff69fc8782d181d,33520
Hà Nội] Văn Miếu Quốc Tử Giám - Nét đẹp của lịch sử và giáo dục.jpg,van_mieu,7,Văn Miếu Quốc Tử Giám,Temple of Literature Hanoi,224,224,629c617c276e78062fd66efd7bc0f178,32956
Hà Nội_ Thử nghiệm tour đêm Văn Miếu - Quốc Tử Giám.jpg,van_mieu,7,Văn Miếu Quốc Tử Giám,Temple of Literature Hanoi,224,224,2aa1ef25260f6c82e140c6c6ba446d19,26978
Hà Nội_ Thử nghiệm tour đêm Văn Miếu-Quốc Tử Giám _Tinh hoa đạo học_-001.jpg,van_mieu,7,Văn Miếu Quốc Tử Giám,Temple of Literature Hanoi,224,224,86c44b9debe2ee387ce99e6aa4f89a7f,20336
Hà Nội_ Thử nghiệm tour đêm Văn Miếu-Quốc Tử Giám _Tinh hoa đạo học_.jpg,van_mieu,7,Văn Miếu Quốc Tử Giám,Temple of Literature Hanoi,224,224,9c5845ee47b8db2112ab9460363eb936,35615
Hành trình xuyên thời gian_ Khám phá Văn Miếu Hà Nội.jpg,van_mieu,7,Văn Miếu Quốc Tử Giám,Temple of Literature Hanoi,224,224,b89a4315792e17c8cf56cd0bcc3314b6,39666
"Hơn 790 Văn Miếu Quốc Tử Giám Bức ảnh ảnh, hình chụp & hình ảnh trả phí bản  quyền một lần sẵn có - iStock-001.jpg",van_mieu,7,Văn Miếu Quốc Tử Giám,Temple of Literature Hanoi,224,224,c826fa0b1cb6f57d1b41b067c6a6ea35,43886
"Hơn 790 Văn Miếu Quốc Tử Giám Bức ảnh ảnh, hình chụp & hình ảnh trả phí bản  quyền một lần sẵn có - iStock-002.jpg",van_mieu,7,Văn Miếu Quốc Tử Giám,Temple of Literature Hanoi,224,224,92609b86bb5d5258143873723c6e5c22,40867
"Hơn 790 Văn Miếu Quốc Tử Giám Bức ảnh ảnh, hình chụp & hình ảnh trả phí bản  quyền một lần sẵn có - iStock.jpg",van_mieu,7,Văn Miếu Quốc Tử Giám,Temple of Literature Hanoi,224,224,8a184e1653f93383575e9b51432b80ca,40165
Khám phá di sản Văn Miếu - Quốc Tử Giám qua góc nhìn công nghệ.jpg,van_mieu,7,Văn Miếu Quốc Tử Giám,Temple of Literature Hanoi,224,224,5590522a2bb03219d6ba73fa96a3a3a6,28023
Khám phá văn hóa và lịch sử tại Văn Miếu - Quốc Tử Giám-001.jpg,van_mieu,7,Văn Miếu Quốc Tử Giám,Temple of Literature Hanoi,224,224,a62b92dd3f841044a0f925a87ee9c58f,36161
Khám phá văn hóa và lịch sử tại Văn Miếu - Quốc Tử Giám-002.jpg,van_mieu,7,Văn Miếu Quốc Tử Giám,Temple of Literature Hanoi,224,224,a1ce2df47b0801af6e116624f5201009,35817
Khám phá văn hóa và lịch sử tại Văn Miếu - Quốc Tử Giám.jpg,van_mieu,7,Văn Miếu Quốc Tử Giám,Temple of Literature Hanoi,224,224,1f079da86dc2067625173425059f6e25,34051
Kỷ niệm 950 năm thành lập Quốc Tử Giám_ Từ trường đại học đầu tiên đến  không gian văn hóa sáng tạo - Báo Hà Nội Mới.jpg,van_mieu,7,Văn Miếu Quốc Tử Giám,Temple of Literature Hanoi,224,224,0b98f768d4a591bf96a1d5f7037a8c49,37272
Lập Quy hoạch tổng thể khu di tích đặc biệt Văn Miếu-Quốc Tử Giám.jpg,van_mieu,7,Văn Miếu Quốc Tử Giám,Temple of Literature Hanoi,224,224,c0cffb051f148c8212962f069d0518c9,38055
"Lập quy hoạch tổng thể bảo tồn, phát huy giá trị di tích Văn Miếu - Quốc Tử  Giám.jpg",van_mieu,7,Văn Miếu Quốc Tử Giám,Temple of Literature Hanoi,224,224,6a085bdeb757e2a005fc43ec5ae54b90,38094
Mới Nhất] Giá Vé Văn Miếu Quốc Tử Giám kho tàng nét đẹp truyền thống Việt  Nam-001.jpg,van_mieu,7,Văn Miếu Quốc Tử Giám,Temple of Literature Hanoi,224,224,9d6ebd83f61ad31b2581095aac54c6da,28618
Mới Nhất] Giá Vé Văn Miếu Quốc Tử Giám kho tàng nét đẹp truyền thống Việt  Nam.jpg,van_mieu,7,Văn Miếu Quốc Tử Giám,Temple of Literature Hanoi,224,224,ed8913af56f12faff8ab09169578f9cd,35172
Nét đẹp văn hóa dân tộc tại Văn Miếu - Quốc Tử Giám đầu năm mới.jpg,van_mieu,7,Văn Miếu Quốc Tử Giám,Temple of Literature Hanoi,224,224,5dbeb0dfbf755696dfc3e39f5671c67a,40033
"Nhà đất bán, bán nhà Phường Văn Miếu - Quốc Tử Giám, Quận Đống Đa, Hà Nội _  Nhà đất bán, bán nhà tại Phường Văn Miếu - Quốc Tử Giám, Quận.jpg",van_mieu,7,Văn Miếu Quốc Tử Giám,Temple of Literature Hanoi,224,224,828a0d6f1dc5aee14b65ff23f4c3d21a,36536
Nhân ngày nhà giáo tìm hiểu di tích Văn Miếu Quốc Tử Giám - Hà Nội.jpg,van_mieu,7,Văn Miếu Quốc Tử Giám,Temple of Literature Hanoi,224,224,a8c71e7a4f4aaba6b53d7803bd569735,36247
Nhộn nhịp xin chữ đầu xuân tại Văn Miếu - Quốc Tử Giám ngày đầu năm.jpg,van_mieu,7,Văn Miếu Quốc Tử Giám,Temple of Literature Hanoi,224,224,55f7612faf82fb9db5e55dd0b9618b92,33064
Những khu di tích nên tham quan khi ghé thăm Thủ đô Hà Nội _ FOCUS ASIA  TRAVEL.jpg,van_mieu,7,Văn Miếu Quốc Tử Giám,Temple of Literature Hanoi,224,224,6ac6bc413d2b737643c700ee49b0bfce,37891
Photo - Văn Miếu - Quốc Tử Giám điểm đến hàng đầu du lịch Hà Nội.jpg,van_mieu,7,Văn Miếu Quốc Tử Giám,Temple of Literature Hanoi,224,224,bdc85d4077cc0ec915f35a6803abe469,32313
Phường Văn Miếu - Quốc Tử Giám_ Tất cả thông tin chỉ dẫn bạn cần biết.jpg,van_mieu,7,Văn Miếu Quốc Tử Giám,Temple of Literature Hanoi,224,224,3fb140402fd3b442796a12ef3b0bb644,40041
Phụ huynh và học sinh Hà Nội đến Văn Miếu - Quốc Tử Giám để cầu may trước  ngày thi vào lớp 10.jpg,van_mieu,7,Văn Miếu Quốc Tử Giám,Temple of Literature Hanoi,224,224,b59c9400037f8f9b7b1ec0b5b32d869d,43897
Quây bạt “giải cứu” giếng cổ Thiên Quang – Văn Miếu Quốc Tử Giám.jpg,van_mieu,7,Văn Miếu Quốc Tử Giám,Temple of Literature Hanoi,224,224,5a2d14257ac64d0c7ea518616fe46eab,32632
Ra mắt cuốn sách ảnh “Văn Miếu – Quốc Tử Giám Thăng Long” – Cổng thông tin  Sở Văn Hóa Thể Thao Hà Nội.jpg,van_mieu,7,Văn Miếu Quốc Tử Giám,Temple of Literature Hanoi,224,224,9ff397b39b6a4ca6e8457dce76cf6079,37238
Review Văn Miếu - Quốc Tử Giám_ Dấu Ấn Văn Hóa Của Hà Nội - Klook Blog.jpg,van_mieu,7,Văn Miếu Quốc Tử Giám,Temple of Literature Hanoi,224,224,fd0497a0705c2272885212db3f47e5d2,29365
Sĩ tử đội nắng tới Văn Miếu cầu may trước ngày thi lớp 10.jpg,van_mieu,7,Văn Miếu Quốc Tử Giám,Temple of Literature Hanoi,224,224,7f35fa0656b9260017696399db7f4eef,40919
TẤT TẦN TẬT về Văn Miếu Quốc Tử Giám – di sản quý của Hà Nội – VinWonders-001.jpg,van_mieu,7,Văn Miếu Quốc Tử Giám,Temple of Literature Hanoi,224,224,dcfaa0c899cfb617ac10257902996215,37219
TẤT TẦN TẬT về Văn Miếu Quốc Tử Giám – di sản quý của Hà Nội – VinWonders-002.jpg,van_mieu,7,Văn Miếu Quốc Tử Giám,Temple of Literature Hanoi,224,224,a8523b6098f2526b5fda033e7021619c,37162
TẤT TẦN TẬT về Văn Miếu Quốc Tử Giám – di sản quý của Hà Nội – VinWonders-003.jpg,van_mieu,7,Văn Miếu Quốc Tử Giám,Temple of Literature Hanoi,224,224,e2b86c7f5ac3eb2426cf0c9f745ae46c,36241
TẤT TẦN TẬT về Văn Miếu Quốc Tử Giám – di sản quý của Hà Nội – VinWonders.jpg,van_mieu,7,Văn Miếu Quốc Tử Giám,Temple of Literature Hanoi,224,224,9fea61cdc8c58f8c785d613164a7ba62,34244
THĂM VĂN MIẾU QUỐC TỬ GIÁM HÀ NỘI _ OUR VIETNAM _ VIỆT NAM TÔI ĐÓ - YouTube.jpg,van_mieu,7,Văn Miếu Quốc Tử Giám,Temple of Literature Hanoi,224,224,458ffa38b38d76dbe4791645561ae639,42466
Tham quan Văn Miếu Quốc Tử Giám_ Kinh nghiệm du lịch A-Z.jpg,van_mieu,7,Văn Miếu Quốc Tử Giám,Temple of Literature Hanoi,224,224,211b16243bcda93d4fe7978e58df5424,41245
Tinh hoa đạo học Việt tại Văn Miếu Quốc Tử Giám Hà Nội - QBTravel.jpg,van_mieu,7,Văn Miếu Quốc Tử Giám,Temple of Literature Hanoi,224,224,f12482507958fb92826faeb88edb6e43,28957
"Tour đêm Văn Miếu Quốc Tử Giám, khám phá di tích theo cách mới.jpg",van_mieu,7,Văn Miếu Quốc Tử Giám,Temple of Literature Hanoi,224,224,c4e5014a031d4ae787a616e5f487bc50,29250
Tranh Gốm Vẽ Cảnh Văn Miếu Quốc Tử Giám - Không Gian Gốm Bát Tràng Hà Nội.jpg,van_mieu,7,Văn Miếu Quốc Tử Giám,Temple of Literature Hanoi,224,224,3e5f8183a6edc8ccf8ceefe29bd7340f,28574
"Tranh văn miếu, Tranh sơn dầu văn miếu quốc tử giám - Hà Nội.jpg",van_mieu,7,Văn Miếu Quốc Tử Giám,Temple of Literature Hanoi,224,224,33cc8ac238ca44a91ab847332a29358c,39581
Tranh đá quý Văn Miếu Quốc Tử Giám Giá Tốt Nhất Tại Hà Nội.jpg,van_mieu,7,Văn Miếu Quốc Tử Giám,Temple of Literature Hanoi,224,224,1e81749cde262d5b66e22e5cb13465ab,43861
Tranh đá quý văn miếu quốc tử giám hà nội - Tranh Đá Quý Bảo Sơn.jpg,van_mieu,7,Văn Miếu Quốc Tử Giám,Temple of Literature Hanoi,224,224,9a81a4dec9a5806d6fef2ef37df004ba,37651
VĂN MIẾU QUỐC TỬ GIÁM - LÀNG GỐM BÁT TRÀNG _ Du lịch Trải nghiệm và Khám  phá Việt.jpg,van_mieu,7,Văn Miếu Quốc Tử Giám,Temple of Literature Hanoi,224,224,270b66e6978ee63125c75e84d41c7d3a,40131
Văn Miếu - Quốc Tử Giám - HOÀNG THÀNH THĂNG LONG.jpg,van_mieu,7,Văn Miếu Quốc Tử Giám,Temple of Literature Hanoi,224,224,25aa8131e60af0f6cdccafeaefb4ca1f,30304
Văn Miếu - Quốc Tử Giám - Khám phá quần thể di tích hàng đầu của Thủ Đô năm  2026.jpg,van_mieu,7,Văn Miếu Quốc Tử Giám,Temple of Literature Hanoi,224,224,378c78a6d969e2f2280cbd65b43d1441,36014
Văn Miếu - Quốc Tử Giám biểu tượng văn hóa Việt Nam - Báo Cao Bằng điện tử.jpg,van_mieu,7,Văn Miếu Quốc Tử Giám,Temple of Literature Hanoi,224,224,c6bd095bfc0d919bfe8f1d4dcaeb7d21,39283
Văn Miếu - Quốc Tử Giám hấp dẫn du khách với sản phẩm du lịch mới.jpg,van_mieu,7,Văn Miếu Quốc Tử Giám,Temple of Literature Hanoi,224,224,d57435a51366614266dbfaf42bfdd140,39421
Văn Miếu - Quốc Tử Giám “thắp sáng” không gian tri thức tại Festival Thăng  Long - Hà Nội 2025 - DNTT online.jpg,van_mieu,7,Văn Miếu Quốc Tử Giám,Temple of Literature Hanoi,224,224,4bfade61d483969f835de4e64aaf2413,19910
"Văn Miếu - Quốc Tử Giám, Di Sản Văn Hoá Nổi Tiếng Việt Nam.jpg",van_mieu,7,Văn Miếu Quốc Tử Giám,Temple of Literature Hanoi,224,224,788456d4bface5353f593f5d9451d6c7,36849
"Văn Miếu - Quốc Tử Giám, Hà Nội _ Justfly.vn-001.jpg",van_mieu,7,Văn Miếu Quốc Tử Giám,Temple of Literature Hanoi,224,224,d2ed0c7145b351615dd806666dd80aae,33887
"Văn Miếu - Quốc Tử Giám, Hà Nội _ Justfly.vn-002.jpg",van_mieu,7,Văn Miếu Quốc Tử Giám,Temple of Literature Hanoi,224,224,95e7b67a7ac8bcb132649934444f5b46,38142
"Văn Miếu - Quốc Tử Giám, Hà Nội _ Justfly.vn-003.jpg",van_mieu,7,Văn Miếu Quốc Tử Giám,Temple of Literature Hanoi,224,224,1430ad3d0b511fd9da697c3bc52645e0,31808
"Văn Miếu - Quốc Tử Giám, Hà Nội _ Justfly.vn-004.jpg",van_mieu,7,Văn Miếu Quốc Tử Giám,Temple of Literature Hanoi,224,224,410ec2df73c3b1910b5976bca037938a,29856
"Văn Miếu - Quốc Tử Giám, Hà Nội _ Justfly.vn-005.jpg",van_mieu,7,Văn Miếu Quốc Tử Giám,Temple of Literature Hanoi,224,224,7cf003792890a94d8c7797f8037e7317,37354
"Văn Miếu - Quốc Tử Giám, Hà Nội _ Justfly.vn-006.jpg",van_mieu,7,Văn Miếu Quốc Tử Giám,Temple of Literature Hanoi,224,224,b455888bed7a3434b6e8492b9874d7ad,28564
"Văn Miếu - Quốc Tử Giám, Hà Nội _ Justfly.vn.jpg",van_mieu,7,Văn Miếu Quốc Tử Giám,Temple of Literature Hanoi,224,224,6b4401f810b040834a64301ee5cdb03b,48932
"Văn Miếu - Quốc Tử Giám, Hà Nội.jpg",van_mieu,7,Văn Miếu Quốc Tử Giám,Temple of Literature Hanoi,224,224,9303fb59187494d58ec193cce25181c7,33024
"Văn Miếu - Quốc Tử Giám, còn được gọi là Văn Miếu, là ngôi đền thờ Khổng Tử  đầu tiên và là trường đại học cổ xưa ở Hà Nội. _ Ảnh Premium.jpg",van_mieu,7,Văn Miếu Quốc Tử Giám,Temple of Literature Hanoi,224,224,f57a330358e190a30d5965b115a5a22a,27146
"Văn Miếu - Quốc Tử Giám, di sản tiêu biểu của Thủ đô _ baotintuc.vn.jpg",van_mieu,7,Văn Miếu Quốc Tử Giám,Temple of Literature Hanoi,224,224,f421cc116d6c860c4994e7a49a3c962e,33531
Văn Miếu - Quốc Tử Giám-002.jpg,van_mieu,7,Văn Miếu Quốc Tử Giám,Temple of Literature Hanoi,224,224,d739a353b2a12e27548594dfd84b5279,38230
Văn Miếu - Quốc Tử Giám.jpg,van_mieu,7,Văn Miếu Quốc Tử Giám,Temple of Literature Hanoi,224,224,f788b0694fdaae73b77a705c1d29e90b,39642
Văn Miếu - Quốc Tử Giám_ Biểu tượng cho tinh thần hiếu học nghìn năm văn  hiến.jpg,van_mieu,7,Văn Miếu Quốc Tử Giám,Temple of Literature Hanoi,224,224,004d47ac43549992d020feb0f6440320,30177
"Văn Miếu - Quốc Tử Giám_ Di sản kể chuyện, văn hóa kết nối.jpg",van_mieu,7,Văn Miếu Quốc Tử Giám,Temple of Literature Hanoi,224,224,b0b87e29cdaa8edb4c9de614f3965563,32651
"Văn Miếu - Quốc Tử Giám_ Lịch Sử, Kiến Trúc, Giá Vé - Khu du lịch Bửu Long.jpg",van_mieu,7,Văn Miếu Quốc Tử Giám,Temple of Literature Hanoi,224,224,e2116ed67b1863048b48d33f9a3d1cc8,34925
Văn Miếu - Quốc Tử Giám_ Từ di sản thành không gian văn hóa sáng tạo của  Thủ đô - DNTT online.jpg,van_mieu,7,Văn Miếu Quốc Tử Giám,Temple of Literature Hanoi,224,224,6758c848dcbc690ab2a7c344643d9d32,36343
Văn Miếu - Quốc Tử Giám_ Từ di sản thành điểm du lịch cấp thành phố.jpg,van_mieu,7,Văn Miếu Quốc Tử Giám,Temple of Literature Hanoi,224,224,1810fe3d1c4c644acf0ca69798406fbd,49896
Văn Miếu - Quốc Tử Giám_ Điểm đến hấp dẫn của Festival Thăng Long - Hà Nội.jpg,van_mieu,7,Văn Miếu Quốc Tử Giám,Temple of Literature Hanoi,224,224,6ab6bd01051fb191a2e17a4f3948646f,24049
Văn Miếu - Quốc Tử Giám_ Điểm đến hút khách khi tới Thủ đô.jpg,van_mieu,7,Văn Miếu Quốc Tử Giám,Temple of Literature Hanoi,224,224,cf45718165354213909918d1601f5aae,34224
Văn Miếu Quốc Tử Giám - Biểu Tượng Ngàn Năm Văn Hiến Thăng Long.jpg,van_mieu,7,Văn Miếu Quốc Tử Giám,Temple of Literature Hanoi,224,224,a12219c275e25641d381afa55d866dce,37271
Văn Miếu Quốc Tử Giám - Di tích văn hóa lịch sử tại Hà Nội - Vntrip.vn.jpg,van_mieu,7,Văn Miếu Quốc Tử Giám,Temple of Literature Hanoi,224,224,8201bc861382e2e38fde47dbaa952102,38967
Văn Miếu Quốc Tử Giám - di tích lịch sử văn hóa nổi tiếng Hà Nội - Natudo.jpg,van_mieu,7,Văn Miếu Quốc Tử Giám,Temple of Literature Hanoi,224,224,796fcb6b5bb30adedb8ac1a687927d59,40635
Văn Miếu Quốc Tử Giám - trường Đại học đầu tiên của Việt Nam.jpg,van_mieu,7,Văn Miếu Quốc Tử Giám,Temple of Literature Hanoi,224,224,04379c4d5a89350c1c86653d4910fb50,37424
"Văn Miếu Quốc Tử Giám Hà Nội, Việt Nam.jpg",van_mieu,7,Văn Miếu Quốc Tử Giám,Temple of Literature Hanoi,224,224,6d6883c5f9e9a723753e9fe326b6ce8c,34729
Văn Miếu Quốc Tử Giám Hà Nội_ Tinh hoa đạo học _ Cẩm nang 2025-001.jpg,van_mieu,7,Văn Miếu Quốc Tử Giám,Temple of Literature Hanoi,224,224,8cc629566884f6cdd726154a051b2409,36984
Văn Miếu Quốc Tử Giám Hà Nội_ Tinh hoa đạo học _ Cẩm nang 2025.jpg,van_mieu,7,Văn Miếu Quốc Tử Giám,Temple of Literature Hanoi,224,224,438b760d1cc1ff468b0711ba39f71f0d,30361
"Văn Miếu Quốc Tử Giám Tham Quan, Giờ Mở Cửa, Giá Vé 2026 - Tour.Pro.Vn.jpg",van_mieu,7,Văn Miếu Quốc Tử Giám,Temple of Literature Hanoi,224,224,6eab9a68e7daf264442629b3f6806383,29448
Văn Miếu Quốc Tử Giám – Biểu Tượng Văn Hiến Ngàn Năm Và Điểm Tham Quan Văn  Hóa Hút Khách Nhất Hà Nội.jpg,van_mieu,7,Văn Miếu Quốc Tử Giám,Temple of Literature Hanoi,224,224,9b87b73a13f63a703e48b5eccbb49145,33866
Văn Miếu Quốc Tử Giám – Hành trình khám phá tại Thủ đô-001.jpg,van_mieu,7,Văn Miếu Quốc Tử Giám,Temple of Literature Hanoi,224,224,7712b80621848974af073fecfc28562b,35138
Văn Miếu Quốc Tử Giám – Hành trình khám phá tại Thủ đô-002.jpg,van_mieu,7,Văn Miếu Quốc Tử Giám,Temple of Literature Hanoi,224,224,e916026784f54613de7c812cd85ea594,40971
Văn Miếu Quốc Tử Giám – Hành trình khám phá tại Thủ đô-003.jpg,van_mieu,7,Văn Miếu Quốc Tử Giám,Temple of Literature Hanoi,224,224,4edd771fadae1cb7763ed51eb6f60e63,34149
Văn Miếu Quốc Tử Giám – Hành trình khám phá tại Thủ đô-004.jpg,van_mieu,7,Văn Miếu Quốc Tử Giám,Temple of Literature Hanoi,224,224,859c3d7730210118ffe7870b5a1bb417,42400
Văn Miếu Quốc Tử Giám – Hành trình khám phá tại Thủ đô-005.jpg,van_mieu,7,Văn Miếu Quốc Tử Giám,Temple of Literature Hanoi,224,224,4bae58a071158d8d5956a2bbb1baa0c2,40569
Văn Miếu Quốc Tử Giám – Hành trình khám phá tại Thủ đô-006.jpg,van_mieu,7,Văn Miếu Quốc Tử Giám,Temple of Literature Hanoi,224,224,c1692eb397c467de3a338da134a1dd3b,26138
Văn Miếu Quốc Tử Giám – Hành trình khám phá tại Thủ đô.jpg,van_mieu,7,Văn Miếu Quốc Tử Giám,Temple of Literature Hanoi,224,224,d784aa78b28cc652c0769ea3a2dbef39,41723
"Văn Miếu Quốc Tử Giám, Du lịch Văn Miếu Quốc Tử Giám.jpg",van_mieu,7,Văn Miếu Quốc Tử Giám,Temple of Literature Hanoi,224,224,918c7a6152bab6df616f48cee3fb23ce,35409
"Văn Miếu Quốc Tử Giám, điểm đến không thể bỏ qua giữa lòng Hà Nội-001.jpg",van_mieu,7,Văn Miếu Quốc Tử Giám,Temple of Literature Hanoi,224,224,f6f8863acd0ba1e2ed97b9821f7e7329,32711
"Văn Miếu Quốc Tử Giám, điểm đến không thể bỏ qua giữa lòng Hà Nội.jpg",van_mieu,7,Văn Miếu Quốc Tử Giám,Temple of Literature Hanoi,224,224,aa2eeb062c65b0534f8e07f1d308fabb,35529
Văn Miếu Quốc Tử Giám_ Di sản văn hóa cổ kính giữa lòng Hà Nội.jpg,van_mieu,7,Văn Miếu Quốc Tử Giám,Temple of Literature Hanoi,224,224,8a48bef7f86a348dea32ea903ea93d7e,40739
"Văn Miếu Quốc Tử Giám_ Giá vé, Hình ảnh, Thông tin tham quan 2025 _ Green SM-001.jpg",van_mieu,7,Văn Miếu Quốc Tử Giám,Temple of Literature Hanoi,224,224,2df5298d77d46a6d5bbec6555a31328b,37818
"Văn Miếu Quốc Tử Giám_ Giá vé, Hình ảnh, Thông tin tham quan 2025 _ Green SM-002.jpg",van_mieu,7,Văn Miếu Quốc Tử Giám,Temple of Literature Hanoi,224,224,7d732aa5a928d14ef6837459b4ef6c41,37408
"Văn Miếu Quốc Tử Giám_ Giá vé, Hình ảnh, Thông tin tham quan 2025 _ Green SM-003.jpg",van_mieu,7,Văn Miếu Quốc Tử Giám,Temple of Literature Hanoi,224,224,3913722bf1261ec423c2b14918c30094,34628
"Văn Miếu Quốc Tử Giám_ Giá vé, Hình ảnh, Thông tin tham quan 2025 _ Green SM.jpg",van_mieu,7,Văn Miếu Quốc Tử Giám,Temple of Literature Hanoi,224,224,c0d0258e1576e7fded65ffc8ab19eca5,38160
"Văn Miếu Quốc Tử Giám_ Lịch sử, kiến trúc, giá vé 2026-001.jpg",van_mieu,7,Văn Miếu Quốc Tử Giám,Temple of Literature Hanoi,224,224,9d68e3ad03ed70cea3cbc2f6442c83ba,36162
"Văn Miếu Quốc Tử Giám_ Lịch sử, kiến trúc, giá vé 2026-002.jpg",van_mieu,7,Văn Miếu Quốc Tử Giám,Temple of Literature Hanoi,224,224,b0f2616e91d72bc9b6f88e9f6e0a7c87,40469
"Văn Miếu Quốc Tử Giám_ Lịch sử, kiến trúc, giá vé 2026.jpg",van_mieu,7,Văn Miếu Quốc Tử Giám,Temple of Literature Hanoi,224,224,6f842d3cf1ca3d841170d981520aeda5,37566
Văn Miếu Quốc Tử Giám_ Điểm tham quan lý tưởng khi du lịch Hà Nội.jpg,van_mieu,7,Văn Miếu Quốc Tử Giám,Temple of Literature Hanoi,224,224,42108da94008fc19b39de9949eb9bcff,35510
Văn Miếu – Quốc Tử Giám (Đống Đa – Hà Nội) – Chốn Thiêng.jpg,van_mieu,7,Văn Miếu Quốc Tử Giám,Temple of Literature Hanoi,224,224,3835790b67c9de9c091ecccedf0f8d53,39799
Văn Miếu – Quốc Tử Giám đón hơn 1 triệu du khách trong 6 tháng đầu năm.jpg,van_mieu,7,Văn Miếu Quốc Tử Giám,Temple of Literature Hanoi,224,224,516dda2e40cb12e9bcc2d1b93816e075,31933
Văn Miếu – Quốc Tử Giám đón hơn 300 nghìn lượt khách tham quan trong 6 ngày  đầu Xuân Bính Ngọ – Cổng thông tin Sở Văn Hóa Thể Thao Hà Nội.jpg,van_mieu,7,Văn Miếu Quốc Tử Giám,Temple of Literature Hanoi,224,224,7cf9e8f8fc9cbfadbd2092e34f22e62d,40537
Văn Miếu – Quốc Tử Giám – Cổng thông tin Sở Văn Hóa Thể Thao Hà Nội.jpg,van_mieu,7,Văn Miếu Quốc Tử Giám,Temple of Literature Hanoi,224,224,f6f596a2a884c36bd235c013d2c0d8be,30488
Văn Miếu – Quốc Tử Giám – Wikipedia tiếng Việt.jpg,van_mieu,7,Văn Miếu Quốc Tử Giám,Temple of Literature Hanoi,224,224,8d9e0924d36466ad16e275d456d6ac35,41399
Văn Miếu-Quốc Tử Giám góp phần cho sự phát triển của du lịch Hà Nội.jpg,van_mieu,7,Văn Miếu Quốc Tử Giám,Temple of Literature Hanoi,224,224,c1e22b4efdac80d6f51fd7e7a29475ec,33658
Văn Miếu-Quốc Tử Giám là di tích quốc gia đặc biệt-Du lịch Nam Phương  Caravan & Teambuilding.jpg,van_mieu,7,Văn Miếu Quốc Tử Giám,Temple of Literature Hanoi,224,224,0cfb324cc75fe6eb9acfee18a1a53287,32276
Văn Miếu-Quốc Tử Giám.jpg,van_mieu,7,Văn Miếu Quốc Tử Giám,Temple of Literature Hanoi,224,224,9b03c36a3dbb9aa260b0a36b0c00a689,30521
Vé Văn Miếu Quốc Tử Giám tại Hà Nội - Klook Việt Nam.jpg,van_mieu,7,Văn Miếu Quốc Tử Giám,Temple of Literature Hanoi,224,224,4f34bdb5e67438d1d0ff2624c127c85a,39965
Workshop_ “Ký họa không gian” - Văn Miếu Quốc Tử Giám - Tạp chí Kiến Trúc.jpg,van_mieu,7,Văn Miếu Quốc Tử Giám,Temple of Literature Hanoi,224,224,a86ed24e0cb99a0a87b7f73cc6f6898e,33845
tranh-theu-van-mieu-quoc-tu-giam-ha-noi-ms10893 - Tranh thêu tay Huế.jpg,van_mieu,7,Văn Miếu Quốc Tử Giám,Temple of Literature Hanoi,224,224,531139e6ce1b7957154b6cf9359bc0c2,27896
van_mieu_0003.jpg,van_mieu,7,Văn Miếu Quốc Tử Giám,Temple of Literature Hanoi,224,224,512aeb72352784cff1acef4a31f7555d,37656
van_mieu_0005.jpg,van_mieu,7,Văn Miếu Quốc Tử Giám,Temple of Literature Hanoi,224,224,50dd1eaa9880f26c17c59cd6e5fc9ebe,39801
van_mieu_0007.jpg,van_mieu,7,Văn Miếu Quốc Tử Giám,Temple of Literature Hanoi,224,224,f240a4ea8fd2ea6362f2412f1373568e,33008
van_mieu_0008.jpg,van_mieu,7,Văn Miếu Quốc Tử Giám,Temple of Literature Hanoi,224,224,716fa52dced48b169688f919134d989a,33825
van_mieu_0009.jpg,van_mieu,7,Văn Miếu Quốc Tử Giám,Temple of Literature Hanoi,224,224,df00d0fb29c5493d29ff90cfa5c70c8e,32626
van_mieu_0010.jpg,van_mieu,7,Văn Miếu Quốc Tử Giám,Temple of Literature Hanoi,224,224,6795c16d8142f2958e096bb2100ad90c,37027
van_mieu_0021.jpg,van_mieu,7,Văn Miếu Quốc Tử Giám,Temple of Literature Hanoi,224,224,49433d3a6c06852bb359f425513d4cde,44159
van_mieu_0023.jpg,van_mieu,7,Văn Miếu Quốc Tử Giám,Temple of Literature Hanoi,224,224,0f58adfa750c011116a28bbe8c39150d,34555
van_mieu_0028.jpg,van_mieu,7,Văn Miếu Quốc Tử Giám,Temple of Literature Hanoi,224,224,92c21042491badf40d456994e54d0800,36802
van_mieu_0030.jpg,van_mieu,7,Văn Miếu Quốc Tử Giám,Temple of Literature Hanoi,224,224,f8ddf1ec14c8cf079cc84a43b8e44b42,35116
van_mieu_0031.jpg,van_mieu,7,Văn Miếu Quốc Tử Giám,Temple of Literature Hanoi,224,224,68a86891b9c48168ceae1c5029fd0909,31839
van_mieu_0032.jpg,van_mieu,7,Văn Miếu Quốc Tử Giám,Temple of Literature Hanoi,224,224,04ddb741469eb94bf562d8d0c10fffbe,38906
van_mieu_0036.jpg,van_mieu,7,Văn Miếu Quốc Tử Giám,Temple of Literature Hanoi,224,224,728766a6170ecb86d4cdbeacb0c7ad8a,42237
van_mieu_0037.jpg,van_mieu,7,Văn Miếu Quốc Tử Giám,Temple of Literature Hanoi,224,224,41eb21a7ec278e2d661016f79a45ad07,38576
van_mieu_0040.jpg,van_mieu,7,Văn Miếu Quốc Tử Giám,Temple of Literature Hanoi,224,224,9431d1c970324b13c93e6688abec3a03,41837
van_mieu_0042.jpg,van_mieu,7,Văn Miếu Quốc Tử Giám,Temple of Literature Hanoi,224,224,0e429ed5ecb4157a80c667ac428d24f3,40849
van_mieu_0043.jpg,van_mieu,7,Văn Miếu Quốc Tử Giám,Temple of Literature Hanoi,224,224,7d54b1939bd8402293c136ca80d340be,41407
van_mieu_0046.jpg,van_mieu,7,Văn Miếu Quốc Tử Giám,Temple of Literature Hanoi,224,224,79e156b595ec40cc298726d07e17d68a,37863
van_mieu_0050.jpg,van_mieu,7,Văn Miếu Quốc Tử Giám,Temple of Literature Hanoi,224,224,a7d474b09e7978cda97cb9aa69169a2f,39672
van_mieu_0051.jpg,van_mieu,7,Văn Miếu Quốc Tử Giám,Temple of Literature Hanoi,224,224,4b6594c097dd23b16503f937524d53b3,41255
van_mieu_0058.jpg,van_mieu,7,Văn Miếu Quốc Tử Giám,Temple of Literature Hanoi,224,224,3788bcbe2e483e6b4a6296c634ab3b77,42072
van_mieu_0061.jpg,van_mieu,7,Văn Miếu Quốc Tử Giám,Temple of Literature Hanoi,224,224,e1bebd6e9037401a348636153bc4258e,38994
van_mieu_0062.jpg,van_mieu,7,Văn Miếu Quốc Tử Giám,Temple of Literature Hanoi,224,224,cdcda65f89f82a48d6642e4c6aa5fefc,42711
van_mieu_0068.jpg,van_mieu,7,Văn Miếu Quốc Tử Giám,Temple of Literature Hanoi,224,224,8cd455c2697677e3a33dccec1f00a625,41281
van_mieu_0073.jpg,van_mieu,7,Văn Miếu Quốc Tử Giám,Temple of Literature Hanoi,224,224,cef5d29e34ec024c27995d490abaf267,32585
van_mieu_0074.jpg,van_mieu,7,Văn Miếu Quốc Tử Giám,Temple of Literature Hanoi,224,224,307b6095eef9f14492f1521e5c05cab9,23988
van_mieu_0075.jpg,van_mieu,7,Văn Miếu Quốc Tử Giám,Temple of Literature Hanoi,224,224,2d9df48e79486dffd86118d68b0e38a7,26130
van_mieu_0077.jpg,van_mieu,7,Văn Miếu Quốc Tử Giám,Temple of Literature Hanoi,224,224,e3cce266bfc7ea661e82ead421f32fa1,34935
van_mieu_0078.jpg,van_mieu,7,Văn Miếu Quốc Tử Giám,Temple of Literature Hanoi,224,224,2c81600ca4aceec81ca464b040ba4d8b,26361
van_mieu_0080.jpg,van_mieu,7,Văn Miếu Quốc Tử Giám,Temple of Literature Hanoi,224,224,daab2e8f631275b841e1074cef7ea744,26264
van_mieu_0081.jpg,van_mieu,7,Văn Miếu Quốc Tử Giám,Temple of Literature Hanoi,224,224,418897def51739cd604f2fbf11089ebb,23001
van_mieu_0082.jpg,van_mieu,7,Văn Miếu Quốc Tử Giám,Temple of Literature Hanoi,224,224,4ed85feb83ca912b45d36b57118b5910,31406
van_mieu_0083.jpg,van_mieu,7,Văn Miếu Quốc Tử Giám,Temple of Literature Hanoi,224,224,b2920fbea0b1d4207d342b2e95820510,24622
van_mieu_0084.jpg,van_mieu,7,Văn Miếu Quốc Tử Giám,Temple of Literature Hanoi,224,224,b966cf1e7c05c5b8f36d0d38bf3a9bd2,25719
van_mieu_0139.jpg,van_mieu,7,Văn Miếu Quốc Tử Giám,Temple of Literature Hanoi,224,224,e9581bb2841cde5ccebae6b96c65aa2a,27903
van_mieu_aug_00160.jpg,van_mieu,7,Văn Miếu Quốc Tử Giám,Temple of Literature Hanoi,224,224,d6b4ecb8980c63a6243618be4d088d5b,37276
van_mieu_aug_00161.jpg,van_mieu,7,Văn Miếu Quốc Tử Giám,Temple of Literature Hanoi,224,224,a423ba7a00a01651e4fd748d927a050a,29686
van_mieu_aug_00162.jpg,van_mieu,7,Văn Miếu Quốc Tử Giám,Temple of Literature Hanoi,224,224,1ad69f9193250fe304c1f410ae29e8dd,23011
van_mieu_aug_00163.jpg,van_mieu,7,Văn Miếu Quốc Tử Giám,Temple of Literature Hanoi,224,224,af73be4228850c24cd989412749dbde5,27523
van_mieu_aug_00164.jpg,van_mieu,7,Văn Miếu Quốc Tử Giám,Temple of Literature Hanoi,224,224,5f2b0dc3d0fe706720fd9e2ee4194ce7,20168
van_mieu_aug_00165.jpg,van_mieu,7,Văn Miếu Quốc Tử Giám,Temple of Literature Hanoi,224,224,aa79c7b5b9daae23e49c99ffbc76315a,17736
van_mieu_aug_00166.jpg,van_mieu,7,Văn Miếu Quốc Tử Giám,Temple of Literature Hanoi,224,224,fc63efcc4ddabf103b33a3d62eb42edf,26781
van_mieu_aug_00167.jpg,van_mieu,7,Văn Miếu Quốc Tử Giám,Temple of Literature Hanoi,224,224,b6e58de67fee636c4dfc7ec17ff3f47c,26599
van_mieu_aug_00168.jpg,van_mieu,7,Văn Miếu Quốc Tử Giám,Temple of Literature Hanoi,224,224,d20f1d04868601f701db7a27fb3b2b58,35624
van_mieu_aug_00169.jpg,van_mieu,7,Văn Miếu Quốc Tử Giám,Temple of Literature Hanoi,224,224,8f08f48302026dc1a85a0df556731ac8,28259
van_mieu_aug_00170.jpg,van_mieu,7,Văn Miếu Quốc Tử Giám,Temple of Literature Hanoi,224,224,0c0ae1269b59dbaa19aebe087e70cabf,24169
van_mieu_aug_00171.jpg,van_mieu,7,Văn Miếu Quốc Tử Giám,Temple of Literature Hanoi,224,224,94ccbe1cd138f0a3ab96db90bc4689b8,38733
van_mieu_aug_00172.jpg,van_mieu,7,Văn Miếu Quốc Tử Giám,Temple of Literature Hanoi,224,224,acbae1528bafdc919e42ca11bb9edb10,25975
van_mieu_aug_00173.jpg,van_mieu,7,Văn Miếu Quốc Tử Giám,Temple of Literature Hanoi,224,224,0fe076f8e8f7395f1d15700c4a1ad6e2,18932
van_mieu_aug_00174.jpg,van_mieu,7,Văn Miếu Quốc Tử Giám,Temple of Literature Hanoi,224,224,80fe3bd8927ca05a338bdc6b57468145,27703
van_mieu_aug_00175.jpg,van_mieu,7,Văn Miếu Quốc Tử Giám,Temple of Literature Hanoi,224,224,6f55a1eddf7e7b46f605fa57905a7fa5,28532
van_mieu_aug_00176.jpg,van_mieu,7,Văn Miếu Quốc Tử Giám,Temple of Literature Hanoi,224,224,2120507b6bd62a3543e0e772561e5b8a,25340
van_mieu_aug_00177.jpg,van_mieu,7,Văn Miếu Quốc Tử Giám,Temple of Literature Hanoi,224,224,4cb9ed5204522241c86cd5aecd050d82,17802
van_mieu_aug_00178.jpg,van_mieu,7,Văn Miếu Quốc Tử Giám,Temple of Literature Hanoi,224,224,9c1b01c93e9e9a268f8b594dd53af2f0,21525
van_mieu_aug_00179.jpg,van_mieu,7,Văn Miếu Quốc Tử Giám,Temple of Literature Hanoi,224,224,23152411e8128012baa6acefca5a2462,15153
van_mieu_aug_00180.jpg,van_mieu,7,Văn Miếu Quốc Tử Giám,Temple of Literature Hanoi,224,224,6354353dac210e7c9344a1f1eed98e22,30699
van_mieu_aug_00181.jpg,van_mieu,7,Văn Miếu Quốc Tử Giám,Temple of Literature Hanoi,224,224,dc37ea83292931a2e78b9f36902858df,31354
van_mieu_aug_00182.jpg,van_mieu,7,Văn Miếu Quốc Tử Giám,Temple of Literature Hanoi,224,224,4d4d81175da9fb098fb381d144ff3716,40879
van_mieu_aug_00183.jpg,van_mieu,7,Văn Miếu Quốc Tử Giám,Temple of Literature Hanoi,224,224,1a61d3475754097f10c0de62384ff471,28732
van_mieu_aug_00184.jpg,van_mieu,7,Văn Miếu Quốc Tử Giám,Temple of Literature Hanoi,224,224,29a87760bb3650aa5657bd8d69d9f666,29935
van_mieu_aug_00185.jpg,van_mieu,7,Văn Miếu Quốc Tử Giám,Temple of Literature Hanoi,224,224,5a5ef2c055bc0ac4d6f2096ad9dd58ab,29207
van_mieu_aug_00186.jpg,van_mieu,7,Văn Miếu Quốc Tử Giám,Temple of Literature Hanoi,224,224,1551c48f626b241521777dde0b8c3ba7,18918
van_mieu_aug_00187.jpg,van_mieu,7,Văn Miếu Quốc Tử Giám,Temple of Literature Hanoi,224,224,9e41c3f5acdbd15132203bf52e64b282,32878
van_mieu_aug_00188.jpg,van_mieu,7,Văn Miếu Quốc Tử Giám,Temple of Literature Hanoi,224,224,130b40ab6350619b359a3b71675e935e,17607
van_mieu_aug_00189.jpg,van_mieu,7,Văn Miếu Quốc Tử Giám,Temple of Literature Hanoi,224,224,401656b6fde473e4b7225570e01269fe,31894
van_mieu_aug_00190.jpg,van_mieu,7,Văn Miếu Quốc Tử Giám,Temple of Literature Hanoi,224,224,170ea79aecd6f3e879b71f2d5db240cb,26693
van_mieu_aug_00191.jpg,van_mieu,7,Văn Miếu Quốc Tử Giám,Temple of Literature Hanoi,224,224,991fa9230dd91f14c90f1ea095a65b19,27863
van_mieu_aug_00192.jpg,van_mieu,7,Văn Miếu Quốc Tử Giám,Temple of Literature Hanoi,224,224,b68947fd7fe3556bd194c41978c208fd,34161
van_mieu_aug_00193.jpg,van_mieu,7,Văn Miếu Quốc Tử Giám,Temple of Literature Hanoi,224,224,1d8846149e0e8db3428c7d520f6ace81,40354
van_mieu_aug_00194.jpg,van_mieu,7,Văn Miếu Quốc Tử Giám,Temple of Literature Hanoi,224,224,f54b867ce92407fa11d463410772941a,25168
van_mieu_aug_00195.jpg,van_mieu,7,Văn Miếu Quốc Tử Giám,Temple of Literature Hanoi,224,224,64cb327f2be625b97005564f4f0487bb,25823
van_mieu_aug_00196.jpg,van_mieu,7,Văn Miếu Quốc Tử Giám,Temple of Literature Hanoi,224,224,85b2e6f04c96be58282caef4b3086375,43742
van_mieu_aug_00197.jpg,van_mieu,7,Văn Miếu Quốc Tử Giám,Temple of Literature Hanoi,224,224,29e8f941976ece7f6ada4a245c6ac549,34284
van_mieu_aug_00198.jpg,van_mieu,7,Văn Miếu Quốc Tử Giám,Temple of Literature Hanoi,224,224,19f4bbc7c09904700b0a210984a51365,23197
van_mieu_aug_00199.jpg,van_mieu,7,Văn Miếu Quốc Tử Giám,Temple of Literature Hanoi,224,224,3753c1cd86b633e71664e3c1ca798286,28928
van_mieu_aug_00200.jpg,van_mieu,7,Văn Miếu Quốc Tử Giám,Temple of Literature Hanoi,224,224,f7badc4e43560547e5670f9029db34fa,23104
van_mieu_aug_00201.jpg,van_mieu,7,Văn Miếu Quốc Tử Giám,Temple of Literature Hanoi,224,224,ac4958308734e0532f006db17644cb60,30468
van_mieu_aug_00202.jpg,van_mieu,7,Văn Miếu Quốc Tử Giám,Temple of Literature Hanoi,224,224,e650badb5c0cdd7265da0dedeb5b2104,21681
van_mieu_aug_00203.jpg,van_mieu,7,Văn Miếu Quốc Tử Giám,Temple of Literature Hanoi,224,224,027e749ced500e0d8df5748534b29c38,19732
van_mieu_aug_00204.jpg,van_mieu,7,Văn Miếu Quốc Tử Giám,Temple of Literature Hanoi,224,224,0a6504c4cbe0b7b9550c3ac05a015f7e,18742
van_mieu_aug_00205.jpg,van_mieu,7,Văn Miếu Quốc Tử Giám,Temple of Literature Hanoi,224,224,6745493d6ae57f72780e024db8b97798,22966
van_mieu_aug_00206.jpg,van_mieu,7,Văn Miếu Quốc Tử Giám,Temple of Literature Hanoi,224,224,e6a71460fbc5ae8267f2a2bd32f24e75,18389
van_mieu_aug_00207.jpg,van_mieu,7,Văn Miếu Quốc Tử Giám,Temple of Literature Hanoi,224,224,19cda806b98fb50c2ed126bf1427a240,27383
van_mieu_aug_00208.jpg,van_mieu,7,Văn Miếu Quốc Tử Giám,Temple of Literature Hanoi,224,224,0859b97d1979b207665dcb6791fe5464,20688
van_mieu_aug_00209.jpg,van_mieu,7,Văn Miếu Quốc Tử Giám,Temple of Literature Hanoi,224,224,002f6b84a608feef3da21a58edda61d3,30402
van_mieu_aug_00210.jpg,van_mieu,7,Văn Miếu Quốc Tử Giám,Temple of Literature Hanoi,224,224,f9d7c0639dbd729630bc9b861c150ff9,25825
van_mieu_aug_00211.jpg,van_mieu,7,Văn Miếu Quốc Tử Giám,Temple of Literature Hanoi,224,224,13f7c2709839fc77a14d48e5b25460a1,37672
van_mieu_aug_00212.jpg,van_mieu,7,Văn Miếu Quốc Tử Giám,Temple of Literature Hanoi,224,224,5f6758293a83e63cfb89d9f5cdbc96a8,14962
van_mieu_aug_00213.jpg,van_mieu,7,Văn Miếu Quốc Tử Giám,Temple of Literature Hanoi,224,224,79a8d8a0d240fff2c0dcb8e38d2a64a7,27912
van_mieu_aug_00214.jpg,van_mieu,7,Văn Miếu Quốc Tử Giám,Temple of Literature Hanoi,224,224,b60e12d6d275addbd503403e497bb17d,26643
van_mieu_aug_00215.jpg,van_mieu,7,Văn Miếu Quốc Tử Giám,Temple of Literature Hanoi,224,224,5c8f3507763ec5bc7b68304dbf3b41e0,43822
van_mieu_aug_00216.jpg,van_mieu,7,Văn Miếu Quốc Tử Giám,Temple of Literature Hanoi,224,224,cfbb582cf9a38261a31347f1631d3870,32405
van_mieu_aug_00217.jpg,van_mieu,7,Văn Miếu Quốc Tử Giám,Temple of Literature Hanoi,224,224,1ecec80766d12362c5a1d789006ecdda,48402
van_mieu_aug_00218.jpg,van_mieu,7,Văn Miếu Quốc Tử Giám,Temple of Literature Hanoi,224,224,cac687ec55352fc17a60e4ccf8d49e9b,19295
van_mieu_aug_00219.jpg,van_mieu,7,Văn Miếu Quốc Tử Giám,Temple of Literature Hanoi,224,224,666d4f021422a66f7cb11378e59940d3,34996
van_mieu_aug_00220.jpg,van_mieu,7,Văn Miếu Quốc Tử Giám,Temple of Literature Hanoi,224,224,18c6cef939dcc5a81a9e8e2af6b151c2,24200
van_mieu_aug_00221.jpg,van_mieu,7,Văn Miếu Quốc Tử Giám,Temple of Literature Hanoi,224,224,7d23405cb290cd10fafba8f14ea9faf5,37818
van_mieu_aug_00222.jpg,van_mieu,7,Văn Miếu Quốc Tử Giám,Temple of Literature Hanoi,224,224,e6e1de7cf4b16e89becee630c0a1d49f,37221
van_mieu_aug_00223.jpg,van_mieu,7,Văn Miếu Quốc Tử Giám,Temple of Literature Hanoi,224,224,be9f714970298d9e22b5d033f4d0a977,14959
van_mieu_aug_00224.jpg,van_mieu,7,Văn Miếu Quốc Tử Giám,Temple of Literature Hanoi,224,224,8fdb6fb739b94e4492bbf4d9bec281ed,37022
van_mieu_aug_00225.jpg,van_mieu,7,Văn Miếu Quốc Tử Giám,Temple of Literature Hanoi,224,224,1d0492d46902edf7fccc817374520780,19900
van_mieu_aug_00226.jpg,van_mieu,7,Văn Miếu Quốc Tử Giám,Temple of Literature Hanoi,224,224,7be7298615ee9e235eabcb1deccc53ca,23506
van_mieu_aug_00227.jpg,van_mieu,7,Văn Miếu Quốc Tử Giám,Temple of Literature Hanoi,224,224,532ce5cd1e3f04b13c7176f28700d2b6,29921
van_mieu_aug_00228.jpg,van_mieu,7,Văn Miếu Quốc Tử Giám,Temple of Literature Hanoi,224,224,5a473a6b8de3ce0718e58aa9cf1437cd,28631
van_mieu_aug_00229.jpg,van_mieu,7,Văn Miếu Quốc Tử Giám,Temple of Literature Hanoi,224,224,e3831a39cc5a6fc02771e6b9011fb18a,32834
van_mieu_aug_00230.jpg,van_mieu,7,Văn Miếu Quốc Tử Giám,Temple of Literature Hanoi,224,224,06b056a58ee4786eed49c579b1ba5d28,19558
van_mieu_aug_00231.jpg,van_mieu,7,Văn Miếu Quốc Tử Giám,Temple of Literature Hanoi,224,224,3ff9ac1edf9402cf8bf674335c9f43e1,30650
van_mieu_aug_00232.jpg,van_mieu,7,Văn Miếu Quốc Tử Giám,Temple of Literature Hanoi,224,224,f957292ab293279699c634ac064f7b91,28791
van_mieu_aug_00233.jpg,van_mieu,7,Văn Miếu Quốc Tử Giám,Temple of Literature Hanoi,224,224,b25bf2a970402c46da0cd399dbb39f66,22115
van_mieu_aug_00234.jpg,van_mieu,7,Văn Miếu Quốc Tử Giám,Temple of Literature Hanoi,224,224,114845fdde20fe6ebe27b9965ae46721,33200
van_mieu_aug_00235.jpg,van_mieu,7,Văn Miếu Quốc Tử Giám,Temple of Literature Hanoi,224,224,495c640b958fcc645ed462253999f14a,30413
van_mieu_aug_00236.jpg,van_mieu,7,Văn Miếu Quốc Tử Giám,Temple of Literature Hanoi,224,224,3ea8abc3ba5d29e0e9d6f15436ad6a89,33421
van_mieu_aug_00237.jpg,van_mieu,7,Văn Miếu Quốc Tử Giám,Temple of Literature Hanoi,224,224,c12cfaf903bf577d8c389c8f101fbcaf,29454
van_mieu_aug_00238.jpg,van_mieu,7,Văn Miếu Quốc Tử Giám,Temple of Literature Hanoi,224,224,c32c4701fac06b7ea6d47badbcbc1538,37822
van_mieu_aug_00239.jpg,van_mieu,7,Văn Miếu Quốc Tử Giám,Temple of Literature Hanoi,224,224,db1072f7c679298c263bbcd44a721850,29813
van_mieu_aug_00240.jpg,van_mieu,7,Văn Miếu Quốc Tử Giám,Temple of Literature Hanoi,224,224,df83db8a544c4246cb2fc8e56efbc898,34797
van_mieu_aug_00241.jpg,van_mieu,7,Văn Miếu Quốc Tử Giám,Temple of Literature Hanoi,224,224,cdfd44046b36c26c65f9dd54a4e616f9,42248
van_mieu_aug_00242.jpg,van_mieu,7,Văn Miếu Quốc Tử Giám,Temple of Literature Hanoi,224,224,1e62cd2ec7b8c116bfea33758b2e38f3,15060
van_mieu_aug_00243.jpg,van_mieu,7,Văn Miếu Quốc Tử Giám,Temple of Literature Hanoi,224,224,f9c29f5d0b0e6119b57b52bead170b8e,25310
van_mieu_aug_00244.jpg,van_mieu,7,Văn Miếu Quốc Tử Giám,Temple of Literature Hanoi,224,224,f70b44be2216ee8274f21d36554ae465,33772
van_mieu_aug_00245.jpg,van_mieu,7,Văn Miếu Quốc Tử Giám,Temple of Literature Hanoi,224,224,02dc4f6b53a21bf35f549b25b94e5510,35882
van_mieu_aug_00246.jpg,van_mieu,7,Văn Miếu Quốc Tử Giám,Temple of Literature Hanoi,224,224,13d0c89070e5b928459cb95828282b3a,39629
van_mieu_aug_00247.jpg,van_mieu,7,Văn Miếu Quốc Tử Giám,Temple of Literature Hanoi,224,224,361f1e1493743630458577677c5d536d,28151
van_mieu_aug_00248.jpg,van_mieu,7,Văn Miếu Quốc Tử Giám,Temple of Literature Hanoi,224,224,7bfecb333dcb3b3b425d95b90fd217c4,16894
van_mieu_aug_00249.jpg,van_mieu,7,Văn Miếu Quốc Tử Giám,Temple of Literature Hanoi,224,224,945e98903bf63b68685bcead717bf384,28364
van_mieu_aug_00250.jpg,van_mieu,7,Văn Miếu Quốc Tử Giám,Temple of Literature Hanoi,224,224,935d36e9ca5b7b03d276fa63155ba849,14561
van_mieu_aug_00251.jpg,van_mieu,7,Văn Miếu Quốc Tử Giám,Temple of Literature Hanoi,224,224,d52961b01628765659ddef3a87d48da2,21796
van_mieu_aug_00252.jpg,van_mieu,7,Văn Miếu Quốc Tử Giám,Temple of Literature Hanoi,224,224,b75c05c205d94ba62d1d65aa4028938f,22676
van_mieu_aug_00253.jpg,van_mieu,7,Văn Miếu Quốc Tử Giám,Temple of Literature Hanoi,224,224,e0054ebf8fa11f0d1996b0485db94382,18170
van_mieu_aug_00254.jpg,van_mieu,7,Văn Miếu Quốc Tử Giám,Temple of Literature Hanoi,224,224,17daffac9565e8dbc3336665f504268c,35472
van_mieu_aug_00255.jpg,van_mieu,7,Văn Miếu Quốc Tử Giám,Temple of Literature Hanoi,224,224,1cc7e6ca3f8fa6ecdc1a75e6042fb022,19988
van_mieu_aug_00256.jpg,van_mieu,7,Văn Miếu Quốc Tử Giám,Temple of Literature Hanoi,224,224,14fbeb596eec1353f3aab0ef7fdc9abd,49981
van_mieu_aug_00257.jpg,van_mieu,7,Văn Miếu Quốc Tử Giám,Temple of Literature Hanoi,224,224,105003d915eb452d4d32b51ee5c5cd01,23424
van_mieu_aug_00258.jpg,van_mieu,7,Văn Miếu Quốc Tử Giám,Temple of Literature Hanoi,224,224,16dd68844d813b652523d39c576e4179,15564
van_mieu_aug_00259.jpg,van_mieu,7,Văn Miếu Quốc Tử Giám,Temple of Literature Hanoi,224,224,551a2a7d257d31aa9338445647a21dc8,22390
van_mieu_aug_00260.jpg,van_mieu,7,Văn Miếu Quốc Tử Giám,Temple of Literature Hanoi,224,224,e8f97fa3c2548c0009d5306279c2f6a9,28032
van_mieu_aug_00261.jpg,van_mieu,7,Văn Miếu Quốc Tử Giám,Temple of Literature Hanoi,224,224,af7a3d99f56fd782a5a8d64fa60496db,17505
van_mieu_aug_00262.jpg,van_mieu,7,Văn Miếu Quốc Tử Giám,Temple of Literature Hanoi,224,224,675c4bb5ed1308e1ae7b56d4c580873a,37983
van_mieu_aug_00263.jpg,van_mieu,7,Văn Miếu Quốc Tử Giám,Temple of Literature Hanoi,224,224,7ea07d09cce433330dbe6a47f8bd85b7,24286
van_mieu_aug_00264.jpg,van_mieu,7,Văn Miếu Quốc Tử Giám,Temple of Literature Hanoi,224,224,45596db02f1f5a9c6e137a4e92f83f7c,37097
van_mieu_aug_00265.jpg,van_mieu,7,Văn Miếu Quốc Tử Giám,Temple of Literature Hanoi,224,224,5b274dbaaf948283c84836be8fb5e47f,18743
van_mieu_aug_00266.jpg,van_mieu,7,Văn Miếu Quốc Tử Giám,Temple of Literature Hanoi,224,224,8d8b65cdb9a2918ae44ad0d5317f4900,18317
van_mieu_aug_00267.jpg,van_mieu,7,Văn Miếu Quốc Tử Giám,Temple of Literature Hanoi,224,224,a32985927c14d10b82181ac434c0934b,21309
van_mieu_aug_00268.jpg,van_mieu,7,Văn Miếu Quốc Tử Giám,Temple of Literature Hanoi,224,224,66c77c9a94b1be7448854d7439d59b26,42198
van_mieu_aug_00269.jpg,van_mieu,7,Văn Miếu Quốc Tử Giám,Temple of Literature Hanoi,224,224,e5e3da3bc1d06aca608e807ba5241336,35686
van_mieu_aug_00270.jpg,van_mieu,7,Văn Miếu Quốc Tử Giám,Temple of Literature Hanoi,224,224,49d62dd685b664e8be07ac81031af0c9,42390
van_mieu_aug_00271.jpg,van_mieu,7,Văn Miếu Quốc Tử Giám,Temple of Literature Hanoi,224,224,d07d9ce58fd29da3e18b74d0a5f14529,25169
van_mieu_aug_00272.jpg,van_mieu,7,Văn Miếu Quốc Tử Giám,Temple of Literature Hanoi,224,224,b8bea64961d6b5cd9854f8f9e9eddf32,28953
van_mieu_aug_00273.jpg,van_mieu,7,Văn Miếu Quốc Tử Giám,Temple of Literature Hanoi,224,224,9b631ea27ee8e15a096405b08a3d55c0,36718
van_mieu_aug_00274.jpg,van_mieu,7,Văn Miếu Quốc Tử Giám,Temple of Literature Hanoi,224,224,e15c88bc2ca2993752890ea4db09ff05,26944
van_mieu_aug_00275.jpg,van_mieu,7,Văn Miếu Quốc Tử Giám,Temple of Literature Hanoi,224,224,21322f605124f083c1580698e02398e3,17305
van_mieu_aug_00276.jpg,van_mieu,7,Văn Miếu Quốc Tử Giám,Temple of Literature Hanoi,224,224,3f75960b5c69f6b3cd99d01e459e965a,36026
van_mieu_aug_00277.jpg,van_mieu,7,Văn Miếu Quốc Tử Giám,Temple of Literature Hanoi,224,224,909ccb8a048304f86fa0165f965522da,24389
van_mieu_aug_00278.jpg,van_mieu,7,Văn Miếu Quốc Tử Giám,Temple of Literature Hanoi,224,224,1e18e340f2c6194302936c391e475ea7,23922
van_mieu_aug_00279.jpg,van_mieu,7,Văn Miếu Quốc Tử Giám,Temple of Literature Hanoi,224,224,6ab49b50de44f7350ac4a6507c24dbbd,29974
van_mieu_aug_00280.jpg,van_mieu,7,Văn Miếu Quốc Tử Giám,Temple of Literature Hanoi,224,224,453cededa42bcaa260c25726ef9944b4,29356
van_mieu_aug_00281.jpg,van_mieu,7,Văn Miếu Quốc Tử Giám,Temple of Literature Hanoi,224,224,3375ceab202814c8a6cab7262300d135,16255
van_mieu_aug_00282.jpg,van_mieu,7,Văn Miếu Quốc Tử Giám,Temple of Literature Hanoi,224,224,ceaafbfa0ee58b9277e461c42635f1e9,21560
van_mieu_aug_00283.jpg,van_mieu,7,Văn Miếu Quốc Tử Giám,Temple of Literature Hanoi,224,224,b1d738eccd0a9b6ac3dea83304a685dc,26490
van_mieu_aug_00284.jpg,van_mieu,7,Văn Miếu Quốc Tử Giám,Temple of Literature Hanoi,224,224,fdfd7e384f26176ebd0376d4775766a2,33492
van_mieu_aug_00285.jpg,van_mieu,7,Văn Miếu Quốc Tử Giám,Temple of Literature Hanoi,224,224,37010523c87919570e5c71c141c391f9,19705
van_mieu_aug_00286.jpg,van_mieu,7,Văn Miếu Quốc Tử Giám,Temple of Literature Hanoi,224,224,adefddd055e419df8a3c30d3b91857b5,31186
van_mieu_aug_00287.jpg,van_mieu,7,Văn Miếu Quốc Tử Giám,Temple of Literature Hanoi,224,224,57335e24b26ab1f4de92045c47e99579,28308
van_mieu_aug_00288.jpg,van_mieu,7,Văn Miếu Quốc Tử Giám,Temple of Literature Hanoi,224,224,34962f8f16467eee9bc4af91918a3e34,22199
van_mieu_aug_00289.jpg,van_mieu,7,Văn Miếu Quốc Tử Giám,Temple of Literature Hanoi,224,224,d2ddfcd9b9becaa91c858894cf56f874,22983
van_mieu_aug_00290.jpg,van_mieu,7,Văn Miếu Quốc Tử Giám,Temple of Literature Hanoi,224,224,3cf34f27037b5d18dbcdb5dd64421abe,30616
van_mieu_aug_00291.jpg,van_mieu,7,Văn Miếu Quốc Tử Giám,Temple of Literature Hanoi,224,224,4ccd2ea4575d412f4efee37c90f2d79e,27139
van_mieu_aug_00292.jpg,van_mieu,7,Văn Miếu Quốc Tử Giám,Temple of Literature Hanoi,224,224,264e086d061241965005fd5a8a4aac36,34026
van_mieu_aug_00293.jpg,van_mieu,7,Văn Miếu Quốc Tử Giám,Temple of Literature Hanoi,224,224,dcded795e265e7c31d43466c8a1ce32c,33933
van_mieu_aug_00294.jpg,van_mieu,7,Văn Miếu Quốc Tử Giám,Temple of Literature Hanoi,224,224,53d6eb242b6995b814c40334ba53b238,29996
van_mieu_aug_00295.jpg,van_mieu,7,Văn Miếu Quốc Tử Giám,Temple of Literature Hanoi,224,224,dc583950f01d4dcd390bb5d402c95685,39642
van_mieu_aug_00296.jpg,van_mieu,7,Văn Miếu Quốc Tử Giám,Temple of Literature Hanoi,224,224,e2642124c065b82797529bbdc33e4ebe,23075
van_mieu_aug_00297.jpg,van_mieu,7,Văn Miếu Quốc Tử Giám,Temple of Literature Hanoi,224,224,a599569b4f472a0409f73b4c415bfef0,38420
van_mieu_aug_00298.jpg,van_mieu,7,Văn Miếu Quốc Tử Giám,Temple of Literature Hanoi,224,224,540ba5939c43fbfe225a9b20a7f48fee,20905
van_mieu_aug_00299.jpg,van_mieu,7,Văn Miếu Quốc Tử Giám,Temple of Literature Hanoi,224,224,2b25f084da915bb6ffd4205ad39a5bb3,42613
van_mieu_aug_00300.jpg,van_mieu,7,Văn Miếu Quốc Tử Giám,Temple of Literature Hanoi,224,224,a0c783081545451995636378bce6465c,35236
van_mieu_aug_00301.jpg,van_mieu,7,Văn Miếu Quốc Tử Giám,Temple of Literature Hanoi,224,224,6067b6a9cacdc6d01ff6c5094c43d08a,44448
van_mieu_aug_00302.jpg,van_mieu,7,Văn Miếu Quốc Tử Giám,Temple of Literature Hanoi,224,224,69a9342c49ad06d994789b561b7cd0d1,32307
van_mieu_aug_00303.jpg,van_mieu,7,Văn Miếu Quốc Tử Giám,Temple of Literature Hanoi,224,224,cc59ec7ca61f0d8fb42a23dc137ef5fa,34196
van_mieu_aug_00304.jpg,van_mieu,7,Văn Miếu Quốc Tử Giám,Temple of Literature Hanoi,224,224,375753c7d587c3f0c69e68d5cd08a42b,39219
van_mieu_aug_00305.jpg,van_mieu,7,Văn Miếu Quốc Tử Giám,Temple of Literature Hanoi,224,224,273075ab0b9a41ef06c78f839d6910c0,30152
van_mieu_aug_00306.jpg,van_mieu,7,Văn Miếu Quốc Tử Giám,Temple of Literature Hanoi,224,224,1594dcebdd8a88b6fb581d6920125e67,27932
van_mieu_aug_00307.jpg,van_mieu,7,Văn Miếu Quốc Tử Giám,Temple of Literature Hanoi,224,224,98c3acccf88e555793db3e23745327a0,31257
van_mieu_aug_00308.jpg,van_mieu,7,Văn Miếu Quốc Tử Giám,Temple of Literature Hanoi,224,224,f1d93c63780341b2cbe42cf0051514c3,17296
van_mieu_aug_00309.jpg,van_mieu,7,Văn Miếu Quốc Tử Giám,Temple of Literature Hanoi,224,224,c8e2ed8f7da80a77b4ea7329bca0d3eb,19776
van_mieu_aug_00310.jpg,van_mieu,7,Văn Miếu Quốc Tử Giám,Temple of Literature Hanoi,224,224,3d09b5c4bf79c2e3f329806e7bb0f337,20966
van_mieu_aug_00311.jpg,van_mieu,7,Văn Miếu Quốc Tử Giám,Temple of Literature Hanoi,224,224,eac892440a10db21cb6e63b30860396c,22153
van_mieu_aug_00312.jpg,van_mieu,7,Văn Miếu Quốc Tử Giám,Temple of Literature Hanoi,224,224,341683f90e91211479bbf575895271b4,15757
van_mieu_aug_00313.jpg,van_mieu,7,Văn Miếu Quốc Tử Giám,Temple of Literature Hanoi,224,224,1e664b91ecc9272d1f0a8878ca4cd118,23535
van_mieu_aug_00314.jpg,van_mieu,7,Văn Miếu Quốc Tử Giám,Temple of Literature Hanoi,224,224,08321ae24cd71bf44846dc575cc11f8d,22136
van_mieu_aug_00315.jpg,van_mieu,7,Văn Miếu Quốc Tử Giám,Temple of Literature Hanoi,224,224,9eacee3c5edde2b5b11b45f768ddd151,17225
van_mieu_aug_00316.jpg,van_mieu,7,Văn Miếu Quốc Tử Giám,Temple of Literature Hanoi,224,224,b41f20796fb5fba228d54e61ad7300aa,18993
van_mieu_aug_00317.jpg,van_mieu,7,Văn Miếu Quốc Tử Giám,Temple of Literature Hanoi,224,224,7a24b0171e0b853a089a0e6e7104ca1a,24748
van_mieu_aug_00318.jpg,van_mieu,7,Văn Miếu Quốc Tử Giám,Temple of Literature Hanoi,224,224,4f210b8a323c2747718f6996b6ce7cd0,27333
van_mieu_aug_00319.jpg,van_mieu,7,Văn Miếu Quốc Tử Giám,Temple of Literature Hanoi,224,224,75583d66c771c8a6f06ed47942f5cedf,33915
van_mieu_aug_00320.jpg,van_mieu,7,Văn Miếu Quốc Tử Giám,Temple of Literature Hanoi,224,224,11a7f1ac223512bb8d2155ff29032404,41301
van_mieu_aug_00321.jpg,van_mieu,7,Văn Miếu Quốc Tử Giám,Temple of Literature Hanoi,224,224,a48bb1f6520b62ef7c2e21dac63cd23e,40000
van_mieu_aug_00322.jpg,van_mieu,7,Văn Miếu Quốc Tử Giám,Temple of Literature Hanoi,224,224,2027520707f7a179202e0738fbd64045,34810
van_mieu_aug_00323.jpg,van_mieu,7,Văn Miếu Quốc Tử Giám,Temple of Literature Hanoi,224,224,24329801455ae227e34cdb37a3778e39,22661
van_mieu_aug_00324.jpg,van_mieu,7,Văn Miếu Quốc Tử Giám,Temple of Literature Hanoi,224,224,6b29d64aff4ecb9aae409d7c2de20e06,17909
van_mieu_aug_00325.jpg,van_mieu,7,Văn Miếu Quốc Tử Giám,Temple of Literature Hanoi,224,224,8be29f05306b2f0911eb86183c093d8d,29931
van_mieu_aug_00326.jpg,van_mieu,7,Văn Miếu Quốc Tử Giám,Temple of Literature Hanoi,224,224,4d138ed6679991402750241317665123,21639
van_mieu_aug_00327.jpg,van_mieu,7,Văn Miếu Quốc Tử Giám,Temple of Literature Hanoi,224,224,f8d47d9a9a0c14121ff085b62fb0eb02,38769
van_mieu_aug_00328.jpg,van_mieu,7,Văn Miếu Quốc Tử Giám,Temple of Literature Hanoi,224,224,fbaa43be754d3d582b2c5d7a2511d18f,15963
van_mieu_aug_00329.jpg,van_mieu,7,Văn Miếu Quốc Tử Giám,Temple of Literature Hanoi,224,224,715fb7edc2ca1137d3d0ce5f30f03f3a,34614
van_mieu_aug_00330.jpg,van_mieu,7,Văn Miếu Quốc Tử Giám,Temple of Literature Hanoi,224,224,a8de96d868b94dc9bcabe54ed5b84e70,19842
van_mieu_aug_00331.jpg,van_mieu,7,Văn Miếu Quốc Tử Giám,Temple of Literature Hanoi,224,224,bfa2b5eb000e984613826acdb082e474,23819
van_mieu_aug_00332.jpg,van_mieu,7,Văn Miếu Quốc Tử Giám,Temple of Literature Hanoi,224,224,9d94ca9653a2dc0f3827cace9349fcee,32179
van_mieu_aug_00333.jpg,van_mieu,7,Văn Miếu Quốc Tử Giám,Temple of Literature Hanoi,224,224,189a496568827b8dadceda23b5a5c0cb,20096
van_mieu_aug_00334.jpg,van_mieu,7,Văn Miếu Quốc Tử Giám,Temple of Literature Hanoi,224,224,b856ecc06e192ca47bb84e6a7e75a8a4,32959
van_mieu_aug_00335.jpg,van_mieu,7,Văn Miếu Quốc Tử Giám,Temple of Literature Hanoi,224,224,e4b67198a6d35d10f08a1d2c2e06f2c7,28103
van_mieu_aug_00336.jpg,van_mieu,7,Văn Miếu Quốc Tử Giám,Temple of Literature Hanoi,224,224,a266ac42fe5b3859ef14dff84193d7eb,25103
van_mieu_aug_00337.jpg,van_mieu,7,Văn Miếu Quốc Tử Giám,Temple of Literature Hanoi,224,224,9c4cd71b9de499e93322b63c34a01d84,19530
van_mieu_aug_00338.jpg,van_mieu,7,Văn Miếu Quốc Tử Giám,Temple of Literature Hanoi,224,224,2ab1c17fb794c6db705550652bcf38fb,15180
van_mieu_aug_00339.jpg,van_mieu,7,Văn Miếu Quốc Tử Giám,Temple of Literature Hanoi,224,224,7cf15a0491d3c0bb7e98bccb00070026,16318
van_mieu_aug_00340.jpg,van_mieu,7,Văn Miếu Quốc Tử Giám,Temple of Literature Hanoi,224,224,5d717182be313c750d1e7f4675fcbbe5,27362
van_mieu_aug_00341.jpg,van_mieu,7,Văn Miếu Quốc Tử Giám,Temple of Literature Hanoi,224,224,c7bcf2d2ee0777b00348c80766c48a5f,21928
van_mieu_aug_00342.jpg,van_mieu,7,Văn Miếu Quốc Tử Giám,Temple of Literature Hanoi,224,224,60d1cf48ba938fd6ecdf8daf9a1c2ea4,38091
van_mieu_aug_00343.jpg,van_mieu,7,Văn Miếu Quốc Tử Giám,Temple of Literature Hanoi,224,224,8403b041c7c30abccc0dd7989a10a119,43757
van_mieu_aug_00344.jpg,van_mieu,7,Văn Miếu Quốc Tử Giám,Temple of Literature Hanoi,224,224,3cd611c8f43a96a3407b618e00b76e21,37163
van_mieu_aug_00345.jpg,van_mieu,7,Văn Miếu Quốc Tử Giám,Temple of Literature Hanoi,224,224,1f198c2e903ca213aadead250f55a8a4,15613
van_mieu_aug_00346.jpg,van_mieu,7,Văn Miếu Quốc Tử Giám,Temple of Literature Hanoi,224,224,f1dfc1bf10a2eb325e1fc1b66e46e1fb,34882
van_mieu_aug_00347.jpg,van_mieu,7,Văn Miếu Quốc Tử Giám,Temple of Literature Hanoi,224,224,8304c764da35b01222bcccaaacdad275,29635
van_mieu_aug_00348.jpg,van_mieu,7,Văn Miếu Quốc Tử Giám,Temple of Literature Hanoi,224,224,e87aa848c1d8da550927c56e52bac9d7,20786
van_mieu_aug_00349.jpg,van_mieu,7,Văn Miếu Quốc Tử Giám,Temple of Literature Hanoi,224,224,a6f8f65b41562deb3ed8a431ad487c1d,43214
van_mieu_aug_00350.jpg,van_mieu,7,Văn Miếu Quốc Tử Giám,Temple of Literature Hanoi,224,224,05d928342985060cd8874c81315b65d8,20126
van_mieu_aug_00351.jpg,van_mieu,7,Văn Miếu Quốc Tử Giám,Temple of Literature Hanoi,224,224,0393284349dd04b0d8e0fc76e94193ac,35152
van_mieu_aug_00352.jpg,van_mieu,7,Văn Miếu Quốc Tử Giám,Temple of Literature Hanoi,224,224,92abd093b95f27931644264ed6fe1a49,17792
van_mieu_aug_00353.jpg,van_mieu,7,Văn Miếu Quốc Tử Giám,Temple of Literature Hanoi,224,224,7191b8cc5a2a5678435168f09e54315d,30248
van_mieu_aug_00354.jpg,van_mieu,7,Văn Miếu Quốc Tử Giám,Temple of Literature Hanoi,224,224,653b2cb017bb743bf4790d157c23ec63,46375
van_mieu_aug_00355.jpg,van_mieu,7,Văn Miếu Quốc Tử Giám,Temple of Literature Hanoi,224,224,50ccbce7a7845c2e2fab5bf735f02cee,25286
van_mieu_aug_00356.jpg,van_mieu,7,Văn Miếu Quốc Tử Giám,Temple of Literature Hanoi,224,224,d17e1c06f2f268e4aa99592680ce878a,34155
van_mieu_aug_00357.jpg,van_mieu,7,Văn Miếu Quốc Tử Giám,Temple of Literature Hanoi,224,224,b8487dc673f334bd8fdaed9ab346757b,32342
van_mieu_aug_00358.jpg,van_mieu,7,Văn Miếu Quốc Tử Giám,Temple of Literature Hanoi,224,224,258bb5a1dca7711e6fd04c8bb2bf908e,24220
van_mieu_aug_00359.jpg,van_mieu,7,Văn Miếu Quốc Tử Giám,Temple of Literature Hanoi,224,224,afb94145a9c4465104801cdb1e97ca72,37174
van_mieu_aug_00360.jpg,van_mieu,7,Văn Miếu Quốc Tử Giám,Temple of Literature Hanoi,224,224,aeffd3f27309d3cbd0bfd9e5fc8bfd1f,28345
van_mieu_aug_00361.jpg,van_mieu,7,Văn Miếu Quốc Tử Giám,Temple of Literature Hanoi,224,224,f3a1390922e077d065000293db1ef9a5,27678
van_mieu_aug_00362.jpg,van_mieu,7,Văn Miếu Quốc Tử Giám,Temple of Literature Hanoi,224,224,d1f39d67c4889ffdf62ab0aa3e6c16eb,24283
van_mieu_aug_00363.jpg,van_mieu,7,Văn Miếu Quốc Tử Giám,Temple of Literature Hanoi,224,224,d59ee6c01ed46d5700598712025cf640,15447
van_mieu_aug_00364.jpg,van_mieu,7,Văn Miếu Quốc Tử Giám,Temple of Literature Hanoi,224,224,fdff5d994a14329a8913d8b881d85c8b,17621
van_mieu_aug_00365.jpg,van_mieu,7,Văn Miếu Quốc Tử Giám,Temple of Literature Hanoi,224,224,8345fe5d13d811fb53321511d32cee43,24870
van_mieu_aug_00366.jpg,van_mieu,7,Văn Miếu Quốc Tử Giám,Temple of Literature Hanoi,224,224,fed55f4be1965c255d7cd29e4a17852f,28039
van_mieu_aug_00367.jpg,van_mieu,7,Văn Miếu Quốc Tử Giám,Temple of Literature Hanoi,224,224,9d5ee4f80e4ab228b37d0da02cf24e45,35429
van_mieu_aug_00368.jpg,van_mieu,7,Văn Miếu Quốc Tử Giám,Temple of Literature Hanoi,224,224,11af5275a7f7a9c328bb9e48ec879b71,21980
van_mieu_aug_00369.jpg,van_mieu,7,Văn Miếu Quốc Tử Giám,Temple of Literature Hanoi,224,224,f0c2a407050cd8735c79e49dc08babbc,25152
van_mieu_aug_00370.jpg,van_mieu,7,Văn Miếu Quốc Tử Giám,Temple of Literature Hanoi,224,224,1f108162092ef74f8e412ffdfb7ae3ea,30123
van_mieu_aug_00371.jpg,van_mieu,7,Văn Miếu Quốc Tử Giám,Temple of Literature Hanoi,224,224,8a13d08a7f427bc788eecd02a1ebba68,29959
van_mieu_aug_00372.jpg,van_mieu,7,Văn Miếu Quốc Tử Giám,Temple of Literature Hanoi,224,224,b397d8f9cd537af03f752b7ae4037cca,16073
van_mieu_aug_00373.jpg,van_mieu,7,Văn Miếu Quốc Tử Giám,Temple of Literature Hanoi,224,224,dc130a9aa7b7b0f6f011746c0bcd2fa5,15476
van_mieu_aug_00374.jpg,van_mieu,7,Văn Miếu Quốc Tử Giám,Temple of Literature Hanoi,224,224,9084acf773b75cfb97b65a86be7c910b,39575
van_mieu_aug_00375.jpg,van_mieu,7,Văn Miếu Quốc Tử Giám,Temple of Literature Hanoi,224,224,876b452272e1acdee7d87fd615643497,47083
van_mieu_aug_00376.jpg,van_mieu,7,Văn Miếu Quốc Tử Giám,Temple of Literature Hanoi,224,224,0a528c5f39f4828555f57866e865581a,39892
van_mieu_aug_00377.jpg,van_mieu,7,Văn Miếu Quốc Tử Giám,Temple of Literature Hanoi,224,224,4f76027a40b1666f00a5709bf5585ec4,38635
van_mieu_aug_00378.jpg,van_mieu,7,Văn Miếu Quốc Tử Giám,Temple of Literature Hanoi,224,224,029b73964588df82686dcaf82fbb80ff,23824
van_mieu_aug_00379.jpg,van_mieu,7,Văn Miếu Quốc Tử Giám,Temple of Literature Hanoi,224,224,a6460537f008595b1754aa1a1896620c,19594
van_mieu_aug_00380.jpg,van_mieu,7,Văn Miếu Quốc Tử Giám,Temple of Literature Hanoi,224,224,1aa2484eed9f0337c76ffe67a08a917c,29180
van_mieu_aug_00381.jpg,van_mieu,7,Văn Miếu Quốc Tử Giám,Temple of Literature Hanoi,224,224,b6190a421dfc867b262dafb00b86e8ac,23718
van_mieu_aug_00382.jpg,van_mieu,7,Văn Miếu Quốc Tử Giám,Temple of Literature Hanoi,224,224,23c24e601165f0bc1c0866233f55101c,29760
van_mieu_aug_00383.jpg,van_mieu,7,Văn Miếu Quốc Tử Giám,Temple of Literature Hanoi,224,224,7c89f2a31f4526233d89b34f5f9f41ed,11172
van_mieu_aug_00384.jpg,van_mieu,7,Văn Miếu Quốc Tử Giám,Temple of Literature Hanoi,224,224,2b249c65132ab305d85644d39c38b094,20060
van_mieu_aug_00385.jpg,van_mieu,7,Văn Miếu Quốc Tử Giám,Temple of Literature Hanoi,224,224,464ddf804a7b0ad41900963b6cab4871,25936
van_mieu_aug_00386.jpg,van_mieu,7,Văn Miếu Quốc Tử Giám,Temple of Literature Hanoi,224,224,919b56f5db5b36beeef5d9312b240b3d,39199
van_mieu_aug_00387.jpg,van_mieu,7,Văn Miếu Quốc Tử Giám,Temple of Literature Hanoi,224,224,269fb9129c229f12bebcc50bbbcf7c2c,22441
van_mieu_aug_00388.jpg,van_mieu,7,Văn Miếu Quốc Tử Giám,Temple of Literature Hanoi,224,224,2d91790936d2d17b637d38717c5cbe59,33197
van_mieu_aug_00389.jpg,van_mieu,7,Văn Miếu Quốc Tử Giám,Temple of Literature Hanoi,224,224,872cb4bd87244af74b915b0e78397f64,34901
van_mieu_aug_00390.jpg,van_mieu,7,Văn Miếu Quốc Tử Giám,Temple of Literature Hanoi,224,224,9bcf0e72301b5fcd68ed08b1de0ed065,17511
van_mieu_aug_00391.jpg,van_mieu,7,Văn Miếu Quốc Tử Giám,Temple of Literature Hanoi,224,224,85d2adce112dcd0d77d434719c9d7be1,25538
van_mieu_aug_00392.jpg,van_mieu,7,Văn Miếu Quốc Tử Giám,Temple of Literature Hanoi,224,224,3d4ebfb428da141812752a71a821e1e1,35911
van_mieu_aug_00393.jpg,van_mieu,7,Văn Miếu Quốc Tử Giám,Temple of Literature Hanoi,224,224,95fd248bc62426f835a1e9f38830d4a7,26681
van_mieu_aug_00394.jpg,van_mieu,7,Văn Miếu Quốc Tử Giám,Temple of Literature Hanoi,224,224,66704036e3ee1a1ff3265bef8b2189d1,36499
van_mieu_aug_00395.jpg,van_mieu,7,Văn Miếu Quốc Tử Giám,Temple of Literature Hanoi,224,224,721441bc58095d4173c06ca00fcd5364,35124
van_mieu_aug_00396.jpg,van_mieu,7,Văn Miếu Quốc Tử Giám,Temple of Literature Hanoi,224,224,bf0cb9595199aced19ef812c71f8f170,27245
van_mieu_aug_00397.jpg,van_mieu,7,Văn Miếu Quốc Tử Giám,Temple of Literature Hanoi,224,224,02a300af5b09bea8e81a270a01bd7b80,27244
van_mieu_aug_00398.jpg,van_mieu,7,Văn Miếu Quốc Tử Giám,Temple of Literature Hanoi,224,224,e48859d1c0c02b6865cf8bd2c374fd8d,27933
van_mieu_aug_00399.jpg,van_mieu,7,Văn Miếu Quốc Tử Giám,Temple of Literature Hanoi,224,224,5709eb964e3d4ba995f53df052b09db5,23949
van_mieu_aug_00400.jpg,van_mieu,7,Văn Miếu Quốc Tử Giám,Temple of Literature Hanoi,224,224,085e009db3c21219595caa0ab1d9200c,33690
van_mieu_aug_00401.jpg,van_mieu,7,Văn Miếu Quốc Tử Giám,Temple of Literature Hanoi,224,224,78e4f842b440b4442ac9291b99af24f8,40778
van_mieu_aug_00402.jpg,van_mieu,7,Văn Miếu Quốc Tử Giám,Temple of Literature Hanoi,224,224,9f06a2acfc0b2982fd243664c3de0577,16295
van_mieu_aug_00403.jpg,van_mieu,7,Văn Miếu Quốc Tử Giám,Temple of Literature Hanoi,224,224,dab8bce7c33ea77fbe5c152a0434df1b,23915
van_mieu_aug_00404.jpg,van_mieu,7,Văn Miếu Quốc Tử Giám,Temple of Literature Hanoi,224,224,141c45c73b8ed05d98690955c35dff3c,24334
van_mieu_aug_00405.jpg,van_mieu,7,Văn Miếu Quốc Tử Giám,Temple of Literature Hanoi,224,224,fd06f8da597edbd6528dee62c9b34381,32075
van_mieu_aug_00406.jpg,van_mieu,7,Văn Miếu Quốc Tử Giám,Temple of Literature Hanoi,224,224,7defd5b121cc7146e0af346b6f476ba4,38855
van_mieu_aug_00407.jpg,van_mieu,7,Văn Miếu Quốc Tử Giám,Temple of Literature Hanoi,224,224,3dfb4fbb18186d665dbb4084baf17967,32958
van_mieu_aug_00408.jpg,van_mieu,7,Văn Miếu Quốc Tử Giám,Temple of Literature Hanoi,224,224,1318e03fa693a2908365d0029964a170,39560
van_mieu_aug_00409.jpg,van_mieu,7,Văn Miếu Quốc Tử Giám,Temple of Literature Hanoi,224,224,9952ea8248810befba7c4e29876cacf5,35543
van_mieu_aug_00410.jpg,van_mieu,7,Văn Miếu Quốc Tử Giám,Temple of Literature Hanoi,224,224,410fe47af4adedbb1ffbd9f2d1209150,32660
van_mieu_aug_00411.jpg,van_mieu,7,Văn Miếu Quốc Tử Giám,Temple of Literature Hanoi,224,224,a62e7b407d34cb45ad225ec53e58229f,16687
van_mieu_aug_00412.jpg,van_mieu,7,Văn Miếu Quốc Tử Giám,Temple of Literature Hanoi,224,224,f15089300c6843f228a8423382dd9a41,21973
van_mieu_aug_00413.jpg,van_mieu,7,Văn Miếu Quốc Tử Giám,Temple of Literature Hanoi,224,224,25e6baf3858475aa021550f2fb27e4cc,19320
van_mieu_aug_00414.jpg,van_mieu,7,Văn Miếu Quốc Tử Giám,Temple of Literature Hanoi,224,224,06f0ec588dab1ff65472c8b9128dec4c,18229
van_mieu_aug_00415.jpg,van_mieu,7,Văn Miếu Quốc Tử Giám,Temple of Literature Hanoi,224,224,e74c83d188f34c2265c3a3ec729db297,33380
van_mieu_aug_00416.jpg,van_mieu,7,Văn Miếu Quốc Tử Giám,Temple of Literature Hanoi,224,224,2ba3d98b1dcb5e3e777671c19654d5cc,26863
van_mieu_aug_00417.jpg,van_mieu,7,Văn Miếu Quốc Tử Giám,Temple of Literature Hanoi,224,224,d4aef1f12688214d08b940d149535e3b,34523
van_mieu_aug_00418.jpg,van_mieu,7,Văn Miếu Quốc Tử Giám,Temple of Literature Hanoi,224,224,3bbc408bda7fe91335ed4aaeec40f36b,37492
van_mieu_aug_00419.jpg,van_mieu,7,Văn Miếu Quốc Tử Giám,Temple of Literature Hanoi,224,224,642201d31e4dc6387f5a20c012d5aa47,18812
van_mieu_aug_00420.jpg,van_mieu,7,Văn Miếu Quốc Tử Giám,Temple of Literature Hanoi,224,224,ef19dfbb59b3be7517d55dc0703dd358,22624
van_mieu_aug_00421.jpg,van_mieu,7,Văn Miếu Quốc Tử Giám,Temple of Literature Hanoi,224,224,a0f51477c9d036fc4e18e590d4f8a0bf,17091
van_mieu_aug_00422.jpg,van_mieu,7,Văn Miếu Quốc Tử Giám,Temple of Literature Hanoi,224,224,e24ccc14e3610541c9956993fd908702,30320
van_mieu_aug_00423.jpg,van_mieu,7,Văn Miếu Quốc Tử Giám,Temple of Literature Hanoi,224,224,9ef5c1767762de3d8370389a34f6fade,20106
van_mieu_aug_00424.jpg,van_mieu,7,Văn Miếu Quốc Tử Giám,Temple of Literature Hanoi,224,224,9fb26ad52e624198715f840f5ba6f119,20051
van_mieu_aug_00425.jpg,van_mieu,7,Văn Miếu Quốc Tử Giám,Temple of Literature Hanoi,224,224,e2a7efe7cf12504111b9ccc173bfb9cb,17624
van_mieu_aug_00426.jpg,van_mieu,7,Văn Miếu Quốc Tử Giám,Temple of Literature Hanoi,224,224,305ca2aea50f6c73f4d69bfebf4a4c12,24610
van_mieu_aug_00427.jpg,van_mieu,7,Văn Miếu Quốc Tử Giám,Temple of Literature Hanoi,224,224,9864fb0cd24e3aa1765717c8c57b6781,37593
van_mieu_aug_00428.jpg,van_mieu,7,Văn Miếu Quốc Tử Giám,Temple of Literature Hanoi,224,224,3733fc4f167373e7b9fa74564635e101,16986
van_mieu_aug_00429.jpg,van_mieu,7,Văn Miếu Quốc Tử Giám,Temple of Literature Hanoi,224,224,038dcdc86a4321b36168a0d98b309628,20882
van_mieu_aug_00430.jpg,van_mieu,7,Văn Miếu Quốc Tử Giám,Temple of Literature Hanoi,224,224,9efa1a899c29c121ac75a0c22fbb8042,30394
van_mieu_aug_00431.jpg,van_mieu,7,Văn Miếu Quốc Tử Giám,Temple of Literature Hanoi,224,224,d86d0079a00fa334821b7c0e7de85337,36935
van_mieu_aug_00432.jpg,van_mieu,7,Văn Miếu Quốc Tử Giám,Temple of Literature Hanoi,224,224,aebe06361ebabfb78f3d03508367038f,22643
van_mieu_aug_00433.jpg,van_mieu,7,Văn Miếu Quốc Tử Giám,Temple of Literature Hanoi,224,224,901ee60792faf6d380071fbb7c3f5975,20240
van_mieu_aug_00434.jpg,van_mieu,7,Văn Miếu Quốc Tử Giám,Temple of Literature Hanoi,224,224,8c56f1e61efea147dbbd63b249aac5a6,34314
van_mieu_aug_00435.jpg,van_mieu,7,Văn Miếu Quốc Tử Giám,Temple of Literature Hanoi,224,224,3c9bbf1ba49a7bb5ebae20ac9970e689,30461
van_mieu_aug_00436.jpg,van_mieu,7,Văn Miếu Quốc Tử Giám,Temple of Literature Hanoi,224,224,bb5e6ea3a2481bf65b15bd47e3640d69,22833
van_mieu_aug_00437.jpg,van_mieu,7,Văn Miếu Quốc Tử Giám,Temple of Literature Hanoi,224,224,40bbe384269cad6acdec25bac5995a1c,28849
van_mieu_aug_00438.jpg,van_mieu,7,Văn Miếu Quốc Tử Giám,Temple of Literature Hanoi,224,224,82743146b9f437ab6a114b0692ebb7e1,17483
van_mieu_aug_00439.jpg,van_mieu,7,Văn Miếu Quốc Tử Giám,Temple of Literature Hanoi,224,224,029d109c109d896ef2703e74ea560ff1,22219
van_mieu_aug_00440.jpg,van_mieu,7,Văn Miếu Quốc Tử Giám,Temple of Literature Hanoi,224,224,0453bf0ce9769f5d6c0e1049115f3b5d,33821
van_mieu_aug_00441.jpg,van_mieu,7,Văn Miếu Quốc Tử Giám,Temple of Literature Hanoi,224,224,34e2fdb8d363acd27e05a4312a87ff97,37571
van_mieu_aug_00442.jpg,van_mieu,7,Văn Miếu Quốc Tử Giám,Temple of Literature Hanoi,224,224,9c181244f009cb808b262ed3b141c065,21143
van_mieu_aug_00443.jpg,van_mieu,7,Văn Miếu Quốc Tử Giám,Temple of Literature Hanoi,224,224,683b22364cd4c7f1bb929b35f18ece95,29173
van_mieu_aug_00444.jpg,van_mieu,7,Văn Miếu Quốc Tử Giám,Temple of Literature Hanoi,224,224,0161f9bc6f2c1e6b50740c16d231fcdd,37561
van_mieu_aug_00445.jpg,van_mieu,7,Văn Miếu Quốc Tử Giám,Temple of Literature Hanoi,224,224,fe375f5c58c81ab008fb8fdacb5691b5,36368
van_mieu_aug_00446.jpg,van_mieu,7,Văn Miếu Quốc Tử Giám,Temple of Literature Hanoi,224,224,b677a69d451e1e655c4d78ba1022b695,26274
van_mieu_aug_00447.jpg,van_mieu,7,Văn Miếu Quốc Tử Giám,Temple of Literature Hanoi,224,224,f3a0d18d4519e745abaf5ec65a586a70,19517
van_mieu_aug_00448.jpg,van_mieu,7,Văn Miếu Quốc Tử Giám,Temple of Literature Hanoi,224,224,257afce640add8fe59cf8cae25683568,35635
van_mieu_aug_00449.jpg,van_mieu,7,Văn Miếu Quốc Tử Giám,Temple of Literature Hanoi,224,224,8cc6ec75ab0b561bb8f5d204485a0346,43285
van_mieu_aug_00450.jpg,van_mieu,7,Văn Miếu Quốc Tử Giám,Temple of Literature Hanoi,224,224,652d9abad7215eccdb87cd13362c16db,18018
van_mieu_aug_00451.jpg,van_mieu,7,Văn Miếu Quốc Tử Giám,Temple of Literature Hanoi,224,224,612e50884c82fc1647fd76addeb75773,26195
van_mieu_aug_00452.jpg,van_mieu,7,Văn Miếu Quốc Tử Giám,Temple of Literature Hanoi,224,224,67475c9322e546754e2867621a3b60ab,29746
van_mieu_aug_00453.jpg,van_mieu,7,Văn Miếu Quốc Tử Giám,Temple of Literature Hanoi,224,224,b71a3fc88bf5af153a34b56245a00a7f,28567
van_mieu_aug_00454.jpg,van_mieu,7,Văn Miếu Quốc Tử Giám,Temple of Literature Hanoi,224,224,79d671e5f64022348ab2d24e2d5d5e03,25008
van_mieu_aug_00455.jpg,van_mieu,7,Văn Miếu Quốc Tử Giám,Temple of Literature Hanoi,224,224,d24d01e04962bdd67dc6002535e3b859,30365
van_mieu_aug_00456.jpg,van_mieu,7,Văn Miếu Quốc Tử Giám,Temple of Literature Hanoi,224,224,59aafd8932fce4227cccaf7b12c09ed9,24906
van_mieu_aug_00457.jpg,van_mieu,7,Văn Miếu Quốc Tử Giám,Temple of Literature Hanoi,224,224,902a27f537f55bdc784be7057689afd2,31882
van_mieu_aug_00458.jpg,van_mieu,7,Văn Miếu Quốc Tử Giám,Temple of Literature Hanoi,224,224,b02a032cd3f2c0dec2b42d9e05dc1890,29716
van_mieu_aug_00459.jpg,van_mieu,7,Văn Miếu Quốc Tử Giám,Temple of Literature Hanoi,224,224,119143290fea31f66042cf38633b36b7,25957
van_mieu_aug_00460.jpg,van_mieu,7,Văn Miếu Quốc Tử Giám,Temple of Literature Hanoi,224,224,72d99c74548831c9a652e6a3f8de1d77,33839
van_mieu_aug_00461.jpg,van_mieu,7,Văn Miếu Quốc Tử Giám,Temple of Literature Hanoi,224,224,0b54c0aa9c30eea3f2d56a4248409b58,20575
van_mieu_aug_00462.jpg,van_mieu,7,Văn Miếu Quốc Tử Giám,Temple of Literature Hanoi,224,224,6fb6b2c9cf67e9601804eed444955519,37631
van_mieu_aug_00463.jpg,van_mieu,7,Văn Miếu Quốc Tử Giám,Temple of Literature Hanoi,224,224,01a3a695e0c0202bc44c1b04b2b5235e,39279
van_mieu_aug_00464.jpg,van_mieu,7,Văn Miếu Quốc Tử Giám,Temple of Literature Hanoi,224,224,4975a6720434b1d14355896c47f389e5,24818
van_mieu_aug_00465.jpg,van_mieu,7,Văn Miếu Quốc Tử Giám,Temple of Literature Hanoi,224,224,ff1d0568b1c82e01a5dc167d778069bc,33878
van_mieu_aug_00466.jpg,van_mieu,7,Văn Miếu Quốc Tử Giám,Temple of Literature Hanoi,224,224,6ce28a73c503c4e626c101c4ba2f127d,38222
van_mieu_aug_00467.jpg,van_mieu,7,Văn Miếu Quốc Tử Giám,Temple of Literature Hanoi,224,224,2d2096844e4f0ce1b4f1d806ec5b2c89,16785
van_mieu_aug_00468.jpg,van_mieu,7,Văn Miếu Quốc Tử Giám,Temple of Literature Hanoi,224,224,04347f7f69b95cafe0d3adaf5061a678,18334
van_mieu_aug_00469.jpg,van_mieu,7,Văn Miếu Quốc Tử Giám,Temple of Literature Hanoi,224,224,3dc99fe89a96a4af270faf584b8a46a5,14884
van_mieu_aug_00470.jpg,van_mieu,7,Văn Miếu Quốc Tử Giám,Temple of Literature Hanoi,224,224,e0a3600afa5dedd0f78874d4f6762d28,18138
van_mieu_aug_00471.jpg,van_mieu,7,Văn Miếu Quốc Tử Giám,Temple of Literature Hanoi,224,224,8d0e6eacdfa125d641e8e8e0819c63c3,28986
van_mieu_aug_00472.jpg,van_mieu,7,Văn Miếu Quốc Tử Giám,Temple of Literature Hanoi,224,224,92e97c3510c30dc6e22d2d6418f7a59d,13409
van_mieu_aug_00473.jpg,van_mieu,7,Văn Miếu Quốc Tử Giám,Temple of Literature Hanoi,224,224,551757f4d786fa3dbd2f6cf6a0b22abf,23021
van_mieu_aug_00474.jpg,van_mieu,7,Văn Miếu Quốc Tử Giám,Temple of Literature Hanoi,224,224,d272acd2ca26d99e5d4a5b31809ec6f1,20591
van_mieu_aug_00475.jpg,van_mieu,7,Văn Miếu Quốc Tử Giám,Temple of Literature Hanoi,224,224,412e2720949240f2867a6667ade60f69,36507
van_mieu_aug_00476.jpg,van_mieu,7,Văn Miếu Quốc Tử Giám,Temple of Literature Hanoi,224,224,55a9cc982e893aea2327ae17389a0e96,24365
van_mieu_aug_00477.jpg,van_mieu,7,Văn Miếu Quốc Tử Giám,Temple of Literature Hanoi,224,224,36f61b40c54699e376b604ed937b376a,32294
van_mieu_aug_00478.jpg,van_mieu,7,Văn Miếu Quốc Tử Giám,Temple of Literature Hanoi,224,224,de92d088c4bd831b1a7a450c1934e9ce,44535
van_mieu_aug_00479.jpg,van_mieu,7,Văn Miếu Quốc Tử Giám,Temple of Literature Hanoi,224,224,5ddd07d267943dbbe74fcc04fae1d04c,24971
van_mieu_aug_00480.jpg,van_mieu,7,Văn Miếu Quốc Tử Giám,Temple of Literature Hanoi,224,224,9a41129ba371b1479256f75e726ff4f5,30785
van_mieu_aug_00481.jpg,van_mieu,7,Văn Miếu Quốc Tử Giám,Temple of Literature Hanoi,224,224,4880b8732c1f11883708464f6530ba3f,33695
van_mieu_aug_00482.jpg,van_mieu,7,Văn Miếu Quốc Tử Giám,Temple of Literature Hanoi,224,224,957eed4de5685fe80ad52d346870e145,22026
van_mieu_aug_00483.jpg,van_mieu,7,Văn Miếu Quốc Tử Giám,Temple of Literature Hanoi,224,224,f43f482d10f603e7fef163ecb8f28a88,18291
van_mieu_aug_00484.jpg,van_mieu,7,Văn Miếu Quốc Tử Giám,Temple of Literature Hanoi,224,224,3286bfe4833b3d9a21c7eee053e46b3c,34014
van_mieu_aug_00485.jpg,van_mieu,7,Văn Miếu Quốc Tử Giám,Temple of Literature Hanoi,224,224,7ff20d19e49ebf47f5eb46bd30f69470,36390
van_mieu_aug_00486.jpg,van_mieu,7,Văn Miếu Quốc Tử Giám,Temple of Literature Hanoi,224,224,9728de00f23bf0689d18513cb3e09e05,28084
van_mieu_aug_00487.jpg,van_mieu,7,Văn Miếu Quốc Tử Giám,Temple of Literature Hanoi,224,224,35640c4df2ce9c09d954adad4e32ab42,30393
van_mieu_aug_00488.jpg,van_mieu,7,Văn Miếu Quốc Tử Giám,Temple of Literature Hanoi,224,224,b3022aa9ec8a7fc166a7fc66f40def00,20956
van_mieu_aug_00489.jpg,van_mieu,7,Văn Miếu Quốc Tử Giám,Temple of Literature Hanoi,224,224,6f663c1dc7b747662f8fb187cb130823,15952
van_mieu_aug_00490.jpg,van_mieu,7,Văn Miếu Quốc Tử Giám,Temple of Literature Hanoi,224,224,cf35e73c530d1911838790b276c43ae6,16056
van_mieu_aug_00491.jpg,van_mieu,7,Văn Miếu Quốc Tử Giám,Temple of Literature Hanoi,224,224,fc5434b0708e03950641eaa078a86f4d,31573
van_mieu_aug_00492.jpg,van_mieu,7,Văn Miếu Quốc Tử Giám,Temple of Literature Hanoi,224,224,2fca9d81166077a3e9c090c141e20a15,30995
van_mieu_aug_00493.jpg,van_mieu,7,Văn Miếu Quốc Tử Giám,Temple of Literature Hanoi,224,224,76577b6b0541b429e3b7b448170cf093,23578
van_mieu_aug_00494.jpg,van_mieu,7,Văn Miếu Quốc Tử Giám,Temple of Literature Hanoi,224,224,ccadf84c88be9b1e32f0117a41dbd87c,24883
van_mieu_aug_00495.jpg,van_mieu,7,Văn Miếu Quốc Tử Giám,Temple of Literature Hanoi,224,224,d537b195359e29763bef053839610129,24630
van_mieu_aug_00496.jpg,van_mieu,7,Văn Miếu Quốc Tử Giám,Temple of Literature Hanoi,224,224,f86ee0b9ff4cdf6117c12309070bb902,37506
van_mieu_aug_00497.jpg,van_mieu,7,Văn Miếu Quốc Tử Giám,Temple of Literature Hanoi,224,224,0d6b3eb1147898b412098217aee050b0,17393
van_mieu_aug_00498.jpg,van_mieu,7,Văn Miếu Quốc Tử Giám,Temple of Literature Hanoi,224,224,ba48d7a07743a8d1a6fc7f58dca1fa92,16465
van_mieu_aug_00499.jpg,van_mieu,7,Văn Miếu Quốc Tử Giám,Temple of Literature Hanoi,224,224,9198b0b3a8ac5c83d07788778fa661de,20202
van_mieu_aug_00500.jpg,van_mieu,7,Văn Miếu Quốc Tử Giám,Temple of Literature Hanoi,224,224,807cd73a86cdabacd297e54a553d3cf5,19738
van_mieu_aug_00501.jpg,van_mieu,7,Văn Miếu Quốc Tử Giám,Temple of Literature Hanoi,224,224,e24b60330e904c6a0d4b90cd7b776745,46161
van_mieu_aug_00502.jpg,van_mieu,7,Văn Miếu Quốc Tử Giám,Temple of Literature Hanoi,224,224,64baa5695463c060543cc80161fc86ca,39272
van_mieu_aug_00503.jpg,van_mieu,7,Văn Miếu Quốc Tử Giám,Temple of Literature Hanoi,224,224,cea5407640837f943e4d5e2c05875800,30945
van_mieu_aug_00504.jpg,van_mieu,7,Văn Miếu Quốc Tử Giám,Temple of Literature Hanoi,224,224,56156bb62ad19d97765ab74fb81cdf8d,36094
van_mieu_aug_00505.jpg,van_mieu,7,Văn Miếu Quốc Tử Giám,Temple of Literature Hanoi,224,224,7f97f7bc966e74550f81019f2a9f7736,18011
van_mieu_aug_00506.jpg,van_mieu,7,Văn Miếu Quốc Tử Giám,Temple of Literature Hanoi,224,224,377f19eddb260436afdff729f64e5907,16114
van_mieu_aug_00507.jpg,van_mieu,7,Văn Miếu Quốc Tử Giám,Temple of Literature Hanoi,224,224,a01ff7e9e0278f7704c7af420481dbfa,30080
van_mieu_aug_00508.jpg,van_mieu,7,Văn Miếu Quốc Tử Giám,Temple of Literature Hanoi,224,224,a162e5101197ba341725413f4f0ff130,16350
van_mieu_aug_00509.jpg,van_mieu,7,Văn Miếu Quốc Tử Giám,Temple of Literature Hanoi,224,224,07f5ee5e298772dd776ba0024430dab0,45682
van_mieu_aug_00510.jpg,van_mieu,7,Văn Miếu Quốc Tử Giám,Temple of Literature Hanoi,224,224,5b6b4fcaeb915dbf7e8f211b5acd829b,36113
van_mieu_aug_00511.jpg,van_mieu,7,Văn Miếu Quốc Tử Giám,Temple of Literature Hanoi,224,224,c302f3f050a4ab089ca9cf8f00c15156,27554
van_mieu_aug_00512.jpg,van_mieu,7,Văn Miếu Quốc Tử Giám,Temple of Literature Hanoi,224,224,83df71a1ff2f70f1277a2da21a18db48,25352
van_mieu_aug_00513.jpg,van_mieu,7,Văn Miếu Quốc Tử Giám,Temple of Literature Hanoi,224,224,2e72c30d317224edb6a0dcf623425c34,17813
van_mieu_aug_00514.jpg,van_mieu,7,Văn Miếu Quốc Tử Giám,Temple of Literature Hanoi,224,224,100e2aa89c3fc44b0f96f7336ad98b23,32413
van_mieu_aug_00515.jpg,van_mieu,7,Văn Miếu Quốc Tử Giám,Temple of Literature Hanoi,224,224,a0f74b46833fc96676a2fc4a2e2141b9,19840
van_mieu_aug_00516.jpg,van_mieu,7,Văn Miếu Quốc Tử Giám,Temple of Literature Hanoi,224,224,47fd76a9ba56d3eae8f13b11ca725635,19966
van_mieu_aug_00517.jpg,van_mieu,7,Văn Miếu Quốc Tử Giám,Temple of Literature Hanoi,224,224,6338e91d70bbbf32481944339ec5b2e8,34349
van_mieu_aug_00518.jpg,van_mieu,7,Văn Miếu Quốc Tử Giám,Temple of Literature Hanoi,224,224,bde71df37e69143c9321277ffba7d6cf,38552
van_mieu_aug_00519.jpg,van_mieu,7,Văn Miếu Quốc Tử Giám,Temple of Literature Hanoi,224,224,38c2f6983596a26e29f4c6e9cf081cbe,17279
van_mieu_aug_00520.jpg,van_mieu,7,Văn Miếu Quốc Tử Giám,Temple of Literature Hanoi,224,224,e6c53a150a61b751bc9928cf27acb741,34172
van_mieu_aug_00521.jpg,van_mieu,7,Văn Miếu Quốc Tử Giám,Temple of Literature Hanoi,224,224,60c8cd1a5611ac68a4c7f5984b8981c5,39426
van_mieu_aug_00522.jpg,van_mieu,7,Văn Miếu Quốc Tử Giám,Temple of Literature Hanoi,224,224,7c68e1f77a883d235bd9345d2d0a5d69,22875
van_mieu_aug_00523.jpg,van_mieu,7,Văn Miếu Quốc Tử Giám,Temple of Literature Hanoi,224,224,5bd65e7a875433918f79157e189fe118,18351
van_mieu_aug_00524.jpg,van_mieu,7,Văn Miếu Quốc Tử Giám,Temple of Literature Hanoi,224,224,49f3277df28cfb3255654d9d3b67b955,28656
van_mieu_aug_00525.jpg,van_mieu,7,Văn Miếu Quốc Tử Giám,Temple of Literature Hanoi,224,224,43ae386bebdabda887d9440795083f89,35910
van_mieu_aug_00526.jpg,van_mieu,7,Văn Miếu Quốc Tử Giám,Temple of Literature Hanoi,224,224,484bd93e0ffe9fe9150e21219b169455,22328
van_mieu_aug_00527.jpg,van_mieu,7,Văn Miếu Quốc Tử Giám,Temple of Literature Hanoi,224,224,e6b51fa8ffbbf08a13dc31a039a83987,35497
van_mieu_aug_00528.jpg,van_mieu,7,Văn Miếu Quốc Tử Giám,Temple of Literature Hanoi,224,224,e2376994731dd5a1e74326f3ab081d89,23384
van_mieu_aug_00529.jpg,van_mieu,7,Văn Miếu Quốc Tử Giám,Temple of Literature Hanoi,224,224,01e44fa477442bc51d40b0bb7ce66194,26269
van_mieu_aug_00530.jpg,van_mieu,7,Văn Miếu Quốc Tử Giám,Temple of Literature Hanoi,224,224,c79209bb309a928cd6a6179b00f66365,41441
van_mieu_aug_00531.jpg,van_mieu,7,Văn Miếu Quốc Tử Giám,Temple of Literature Hanoi,224,224,e9818ed61622f39d1db873eda101dde8,22419
van_mieu_aug_00532.jpg,van_mieu,7,Văn Miếu Quốc Tử Giám,Temple of Literature Hanoi,224,224,9cfc6fe2a0b30e11b28c93c99f4d446e,28890
van_mieu_aug_00533.jpg,van_mieu,7,Văn Miếu Quốc Tử Giám,Temple of Literature Hanoi,224,224,357b9bbcc3ae7aae44d66890bef45a72,27073
van_mieu_aug_00534.jpg,van_mieu,7,Văn Miếu Quốc Tử Giám,Temple of Literature Hanoi,224,224,36ad6e82661a0c35e41daee9cdbf5763,36827
van_mieu_aug_00535.jpg,van_mieu,7,Văn Miếu Quốc Tử Giám,Temple of Literature Hanoi,224,224,c6a0851faeeaa81dcc609540b4a8bf7f,29004
van_mieu_aug_00536.jpg,van_mieu,7,Văn Miếu Quốc Tử Giám,Temple of Literature Hanoi,224,224,fc4848d79f2939834f2ff880c95ed639,33174
van_mieu_aug_00537.jpg,van_mieu,7,Văn Miếu Quốc Tử Giám,Temple of Literature Hanoi,224,224,900245fce8d571fab7175a3dd62d7fc0,30151
van_mieu_aug_00538.jpg,van_mieu,7,Văn Miếu Quốc Tử Giám,Temple of Literature Hanoi,224,224,7e93b188a3b5a87cc4b93d26fc8dcc6a,24795
van_mieu_aug_00539.jpg,van_mieu,7,Văn Miếu Quốc Tử Giám,Temple of Literature Hanoi,224,224,693c5937f6c9c4f5c618d228bbd0294b,21372
van_mieu_aug_00540.jpg,van_mieu,7,Văn Miếu Quốc Tử Giám,Temple of Literature Hanoi,224,224,1dcc81ac0471cc47d33140804992976d,32165
van_mieu_aug_00541.jpg,van_mieu,7,Văn Miếu Quốc Tử Giám,Temple of Literature Hanoi,224,224,844eb1286b9621b4cc5f2204a9682ceb,20528
van_mieu_aug_00542.jpg,van_mieu,7,Văn Miếu Quốc Tử Giám,Temple of Literature Hanoi,224,224,06f87a856ad2c30223fd4b7c5a834313,35999
van_mieu_aug_00543.jpg,van_mieu,7,Văn Miếu Quốc Tử Giám,Temple of Literature Hanoi,224,224,57f5298598c88ed8be9eef6a8a961f01,11794
van_mieu_aug_00544.jpg,van_mieu,7,Văn Miếu Quốc Tử Giám,Temple of Literature Hanoi,224,224,a2d059cdc57ccef8d60a4b906e157d77,23285
van_mieu_aug_00545.jpg,van_mieu,7,Văn Miếu Quốc Tử Giám,Temple of Literature Hanoi,224,224,037517e227173bc8bfec91b133cf2d22,28536
van_mieu_aug_00546.jpg,van_mieu,7,Văn Miếu Quốc Tử Giám,Temple of Literature Hanoi,224,224,9a6e2de6373bf810a1aba71b57cf0cf7,22498
van_mieu_aug_00547.jpg,van_mieu,7,Văn Miếu Quốc Tử Giám,Temple of Literature Hanoi,224,224,fb7eff0eb07d77058126c3e4ec712cf7,39831
van_mieu_aug_00548.jpg,van_mieu,7,Văn Miếu Quốc Tử Giám,Temple of Literature Hanoi,224,224,dfa9f26028447d34c8b3761a952faabd,17209
van_mieu_aug_00549.jpg,van_mieu,7,Văn Miếu Quốc Tử Giám,Temple of Literature Hanoi,224,224,56b066c72bbcfe52fd43f0a910a0d998,25617
van_mieu_aug_00550.jpg,van_mieu,7,Văn Miếu Quốc Tử Giám,Temple of Literature Hanoi,224,224,10702a8a943aebfc5741b48bb5e038c6,21468
van_mieu_aug_00551.jpg,van_mieu,7,Văn Miếu Quốc Tử Giám,Temple of Literature Hanoi,224,224,9fbddf94198d91a3b7dd4e5cf28f08fc,36901
van_mieu_aug_00552.jpg,van_mieu,7,Văn Miếu Quốc Tử Giám,Temple of Literature Hanoi,224,224,0ffb71ac13024d41615954b4cd449b0f,25841
van_mieu_aug_00553.jpg,van_mieu,7,Văn Miếu Quốc Tử Giám,Temple of Literature Hanoi,224,224,f83fafec33668b8d5ab4f6b026353b34,16262
van_mieu_aug_00554.jpg,van_mieu,7,Văn Miếu Quốc Tử Giám,Temple of Literature Hanoi,224,224,b467c32c91616e31db5d02f45373139f,23331
van_mieu_aug_00555.jpg,van_mieu,7,Văn Miếu Quốc Tử Giám,Temple of Literature Hanoi,224,224,7ba1d1987ae2ebf0567eccf203a0b7a2,33868
van_mieu_aug_00556.jpg,van_mieu,7,Văn Miếu Quốc Tử Giám,Temple of Literature Hanoi,224,224,1ae0ac7baba212b16bfab19bc0b5644c,19503
van_mieu_aug_00557.jpg,van_mieu,7,Văn Miếu Quốc Tử Giám,Temple of Literature Hanoi,224,224,3f4fa1c7b860fa04c9be9f0da49f283e,22338
van_mieu_aug_00558.jpg,van_mieu,7,Văn Miếu Quốc Tử Giám,Temple of Literature Hanoi,224,224,0c4867be558abeab24a945295ac87084,25025
van_mieu_aug_00559.jpg,van_mieu,7,Văn Miếu Quốc Tử Giám,Temple of Literature Hanoi,224,224,8fbcd7e3d58c23d0d257bc966eb71938,34881
van_mieu_aug_00560.jpg,van_mieu,7,Văn Miếu Quốc Tử Giám,Temple of Literature Hanoi,224,224,f7420726b40639bbda665f3e6790f609,36639
van_mieu_aug_00561.jpg,van_mieu,7,Văn Miếu Quốc Tử Giám,Temple of Literature Hanoi,224,224,b0d310fa731956d1a8293e50444e8105,41511
van_mieu_aug_00562.jpg,van_mieu,7,Văn Miếu Quốc Tử Giám,Temple of Literature Hanoi,224,224,f46332159ab54f3e7adf0bbbb215b2d8,14234
van_mieu_aug_00563.jpg,van_mieu,7,Văn Miếu Quốc Tử Giám,Temple of Literature Hanoi,224,224,a0335db22b24755c3d76b3c376985b77,21839
van_mieu_aug_00564.jpg,van_mieu,7,Văn Miếu Quốc Tử Giám,Temple of Literature Hanoi,224,224,9ef0fba69f1ace1ec910e3e38fdc1fba,27035
van_mieu_aug_00565.jpg,van_mieu,7,Văn Miếu Quốc Tử Giám,Temple of Literature Hanoi,224,224,9344fc3d14d4a2748bcbbfef83acde7c,35351
van_mieu_aug_00566.jpg,van_mieu,7,Văn Miếu Quốc Tử Giám,Temple of Literature Hanoi,224,224,c6bfe192ab53c214f526359690cd547d,27765
van_mieu_aug_00567.jpg,van_mieu,7,Văn Miếu Quốc Tử Giám,Temple of Literature Hanoi,224,224,50a0208b82f9179bf0766a5d8046733f,19108
van_mieu_aug_00568.jpg,van_mieu,7,Văn Miếu Quốc Tử Giám,Temple of Literature Hanoi,224,224,c041d81082fc3ae670b9889e4b7ac4a6,35290
van_mieu_aug_00569.jpg,van_mieu,7,Văn Miếu Quốc Tử Giám,Temple of Literature Hanoi,224,224,c94388c04539a2b5cd83eb621318661e,30111
van_mieu_aug_00570.jpg,van_mieu,7,Văn Miếu Quốc Tử Giám,Temple of Literature Hanoi,224,224,ac144a8936791bb7ca5a5e5ef15bff22,17510
van_mieu_aug_00571.jpg,van_mieu,7,Văn Miếu Quốc Tử Giám,Temple of Literature Hanoi,224,224,49991c4a555ce80839c7b36b14a19112,23931
van_mieu_aug_00572.jpg,van_mieu,7,Văn Miếu Quốc Tử Giám,Temple of Literature Hanoi,224,224,dc08736a98d7b6b4f393cc72c4ea7b6b,28468
van_mieu_aug_00573.jpg,van_mieu,7,Văn Miếu Quốc Tử Giám,Temple of Literature Hanoi,224,224,b7ccafd926bf70f3dc774233adf8760f,28179
van_mieu_aug_00574.jpg,van_mieu,7,Văn Miếu Quốc Tử Giám,Temple of Literature Hanoi,224,224,3160bbba9ebb0ec9019d04c0a16d0eda,43788
van_mieu_aug_00575.jpg,van_mieu,7,Văn Miếu Quốc Tử Giám,Temple of Literature Hanoi,224,224,ed2a60ad614ff9e0ad80f2bb2256ba50,20274
van_mieu_aug_00576.jpg,van_mieu,7,Văn Miếu Quốc Tử Giám,Temple of Literature Hanoi,224,224,ced348600793c72424c73d904ec16f7b,26704
van_mieu_aug_00577.jpg,van_mieu,7,Văn Miếu Quốc Tử Giám,Temple of Literature Hanoi,224,224,222ca2603a921539b9bc8fd27c11d98b,36321
van_mieu_aug_00578.jpg,van_mieu,7,Văn Miếu Quốc Tử Giám,Temple of Literature Hanoi,224,224,0333314dbb8484cfd7b7b37a8c22887a,21207
van_mieu_aug_00579.jpg,van_mieu,7,Văn Miếu Quốc Tử Giám,Temple of Literature Hanoi,224,224,11ab896f1e8823275b9de80a25c0ec6f,33402
van_mieu_aug_00580.jpg,van_mieu,7,Văn Miếu Quốc Tử Giám,Temple of Literature Hanoi,224,224,1ab2cd23ebdfa101b0aa2636fdf4f1c5,32764
van_mieu_aug_00581.jpg,van_mieu,7,Văn Miếu Quốc Tử Giám,Temple of Literature Hanoi,224,224,67d6724ad310e35f0fa8db278add92cb,38631
van_mieu_aug_00582.jpg,van_mieu,7,Văn Miếu Quốc Tử Giám,Temple of Literature Hanoi,224,224,535a9fd1a8f2395c45896edc8b715938,17001
van_mieu_aug_00583.jpg,van_mieu,7,Văn Miếu Quốc Tử Giám,Temple of Literature Hanoi,224,224,51cad62577e465ea8965ccd89ee6837c,33622
van_mieu_aug_00584.jpg,van_mieu,7,Văn Miếu Quốc Tử Giám,Temple of Literature Hanoi,224,224,d5dff14e8f3e5b5b5d26a0a43a72d6bf,19206
van_mieu_aug_00585.jpg,van_mieu,7,Văn Miếu Quốc Tử Giám,Temple of Literature Hanoi,224,224,e22503e912b43d9824f9931db729de8d,38952
van_mieu_aug_00586.jpg,van_mieu,7,Văn Miếu Quốc Tử Giám,Temple of Literature Hanoi,224,224,aada7b0b3510b78512470980e964326d,25129
van_mieu_aug_00587.jpg,van_mieu,7,Văn Miếu Quốc Tử Giám,Temple of Literature Hanoi,224,224,7bb8170a10e77191a7b0f32b3237565a,32375
van_mieu_aug_00588.jpg,van_mieu,7,Văn Miếu Quốc Tử Giám,Temple of Literature Hanoi,224,224,428d4726cdc21c3dcd0994e7ee943b69,17180
van_mieu_aug_00589.jpg,van_mieu,7,Văn Miếu Quốc Tử Giám,Temple of Literature Hanoi,224,224,487e3553fdce8ecf4ede8c7e5e01afbd,36758
van_mieu_aug_00590.jpg,van_mieu,7,Văn Miếu Quốc Tử Giám,Temple of Literature Hanoi,224,224,6f37e10cac48800b6766d45a8f01c0a6,29996
van_mieu_aug_00591.jpg,van_mieu,7,Văn Miếu Quốc Tử Giám,Temple of Literature Hanoi,224,224,999bd23aa7c8d7c64d61a124777a2927,20766
van_mieu_aug_00592.jpg,van_mieu,7,Văn Miếu Quốc Tử Giám,Temple of Literature Hanoi,224,224,52caea0ece196fe11fe6f7daa17b67b6,18167
van_mieu_aug_00593.jpg,van_mieu,7,Văn Miếu Quốc Tử Giám,Temple of Literature Hanoi,224,224,cd008ead80da9d77953fbfe305912fc5,27070
van_mieu_aug_00594.jpg,van_mieu,7,Văn Miếu Quốc Tử Giám,Temple of Literature Hanoi,224,224,fa80356fc55d7c4f49b146e24ec9f885,32713
van_mieu_aug_00595.jpg,van_mieu,7,Văn Miếu Quốc Tử Giám,Temple of Literature Hanoi,224,224,3d2c6704bfcef30af35e5e6e6a55d254,26193
van_mieu_aug_00596.jpg,van_mieu,7,Văn Miếu Quốc Tử Giám,Temple of Literature Hanoi,224,224,50005e9b71806078dee387c5fb5f912a,40665
van_mieu_aug_00597.jpg,van_mieu,7,Văn Miếu Quốc Tử Giám,Temple of Literature Hanoi,224,224,370d94583767ade2219f6336ff033ccc,41057
van_mieu_aug_00598.jpg,van_mieu,7,Văn Miếu Quốc Tử Giám,Temple of Literature Hanoi,224,224,6cb08df1955bd5ba994e67a37b088d95,30017
van_mieu_aug_00599.jpg,van_mieu,7,Văn Miếu Quốc Tử Giám,Temple of Literature Hanoi,224,224,b63aec659c12bc4028d569c2d18ffc19,19923
Điều ít biết về Khuê Văn Các ở Văn Miếu - Quốc Tử Giám mới mở cửa trở lại _  Báo Dân trí.jpg,van_mieu,7,Văn Miếu Quốc Tử Giám,Temple of Literature Hanoi,224,224,35764e18639f9dc4b6bdfb5b25f31f3f,35687
Độc đáo kiến trúc Văn Miếu - Quốc Tử giám _ Hà Nội đẹp và chưa đẹp - YouTube.jpg,van_mieu,7,Văn Miếu Quốc Tử Giám,Temple of Literature Hanoi,224,224,1cc37267fd91c5e39e10120cdb8cd7a7,28915
